tree
version=v4
num_class=1
num_tree_per_iteration=1
label_index=0
max_feature_idx=21
objective=lambdarank
feature_names=num age sex_male sex_female sex_gelding impost odds_win implied_prob popularity form_avg form_best form_last form_win_rate form_count body_weight body_change rate1 rate2 distance_m surface_dirt going_code n_runners
feature_infos=[1:16] [2:17] [0:1] [0:1] [0:1] [49:830] [1:999.89999999999998] [0.0010001000100010001:1] none [1:19.333333333333332] [1:16] [1:26] [0:1] [0:5] [348:1206] [-88:74] none none [200:2600] [0:1] [0:3] [5:16]
tree_sizes=3435 3433 3439 3410 3426 3436 3429 3414 3413 3434 3425 3409 3425 3426 3423 3435 3456 3450 3435 3426 3396 3423 3426 3406 3441 3408 3439 3453 3426 3437 3436 3441 3455 3437 3447 3441 3433 3427 3443 3438 3427 3440 3447 3452 3437 3416 3453 3432 3438 3434 3414 3436 3449 3435 3448 3432 3429 3451 3443 3430 3452 3444 3444 3460 3418 3434 3434 3411 3434 3443 3441 3466 3431 3418 3432 3440 3432 3419 3433 3458 3430 3417 3423 3421 3431 3438 3443 3429 3427 3417 3410 3434 3453 3432 3438 3456 3442 3442 3446 3421 3444 3444 3419 3432 3438 3435 3425 3450 3418 3471 3447 3446 3446 3425 3435 3435 3437 3451 3430 3421 3447 3445 3438 3434 3433 3436 3403 3448 3410 3428 3406 3407 3442 3438 3435 3439 3410 3421 3416 3408 3451 3455 3423 3424 3407 3423 3449 3432 3421 3426 3419 3416 3442 3450 3424 3450 3446 3424 3421 3446 3448 3420 3434 3419 3416 3424 3442 3423 3438 3451 3430 3442 3448 3447 3448 3433 3419 3410 3413 3423 3423 3413 3429 3430 3434 3428 3458 3433 3434 3418 3439 3451 3429 3433 3443 3399 3440 3422 3441 3455

Tree=0
num_leaves=31
num_cat=0
split_feature=7 7 6 6 6 6 0 6 21 0 6 0 15 7 21 9 1 18 11 5 15 6 6 9 2 6 13 14 13 9
split_gain=1835.77 324.2 206.186 38.5242 33.0967 24.4619 22.8431 20.4668 10.1245 7.47523 7.32336 6.7315 6.43481 6.26351 6.12527 5.48355 5.37116 5.12491 6.96077 5.00211 4.70743 4.33047 4.18897 3.89743 4.3803 3.89599 3.73779 3.68074 4.03623 3.74441
threshold=0.10811126694717159 0.031496141102712143 3.8500000000000001 64.850000000000009 2.2500000000000004 17.750000000000004 1.5000000000000002 6.5500000000000007 8.5000000000000018 1.5000000000000002 1.5500000000000003 2.5000000000000004 11.500000000000002 0.0068329355430304531 8.5000000000000018 3.1000000000000005 4.5000000000000009 1350.0000000000002 5.5000000000000009 495.00000000000006 -4.4999999999999991 9.9500000000000011 4.2500000000000009 3.4500000000000006 1.0000000180025095e-35 2.9500000000000006 1.5000000000000002 454.50000000000006 4.5000000000000009 4.9000000000000012
decision_type=2 2 2 2 2 2 2 2 2 2 2 2 8 2 2 10 8 8 8 10 10 2 2 8 2 2 2 10 2 8
left_child=1 3 4 -1 10 6 17 11 -7 15 -2 22 16 -5 -13 -9 20 18 -3 -10 -8 -14 -4 -19 -25 -6 -11 28 -24 -29
right_child=2 5 7 13 25 8 12 9 19 26 -12 14 21 -15 -16 -17 -18 23 -20 -21 -22 -23 27 24 -26 -27 -28 29 -30 -31
leaf_value=-0.057739052554721698 0.089351039124668075 0.0012112932488768597 0.042102967223845149 -0.093990568164231139 0.062385072253634655 -0.055030300419217464 -0.0127622260852763 -0.050177826146605854 -0.022888875809954815 -0.018833817676249986 0.073343405342429335 0.014493501928383574 0.036063032592463171 -0.079298956624315409 0.0413476974291314 0.00024135885599960448 -0.0083685034599748839 -0.01195288907030723 -0.043112066427389406 -0.044703786186263784 0.012570656460665901 -0.03873476321350329 0.031925325015048939 -0.035833178653608383 -0.071305375084241271 0.0501140266123015 0.018738939241074816 0.034686987578853322 -0.015085494314171031 0.010180065003059301
leaf_weight=224.2990872496739 131.76553124003112 20.198683321475983 20.721045136451721 119.11562217469327 125.02724184049293 35.744144947268069 22.352783798240125 6.1955184713006011 173.68579860776663 6.9866801518946877 156.08520543854684 24.454786548390985 2.2030582446604994 185.56381030939519 161.25222907867283 41.619782254099846 83.551033382071182 7.9058703780174246 15.776595771312712 30.961983900051564 102.10296053253114 15.907980483025311 6.5592974722385415 20.69464898109436 15.01915133744478 134.0197557148058 125.8625213552732 33.104036469012499 15.023499075323343 29.454446256160736
leaf_count=3732 725 90 103 2387 1006 484 392 36 2696 116 1107 346 30 3440 2085 190 1458 40 87 471 1562 304 37 112 90 1246 1798 174 104 175
internal_value=-9.88831e-10 -0.0455672 0.0481162 -0.0734653 0.0690025 -0.0185441 -0.00916025 0.0238762 -0.0304777 0.0106613 0.080671 0.0320927 -0.00105127 -0.0850427 0.0378114 -0.00629155 0.00143761 -0.0321967 -0.0182263 -0.0261893 0.00802076 -0.0296362 0.0219651 -0.0437188 -0.0507507 0.0560366 0.0167629 0.0170059 -0.000798284 0.0231484
internal_weight=2093.21 1075.08 1018.13 528.979 546.898 546.105 305.713 471.234 240.392 180.665 287.851 290.569 226.118 304.679 185.707 47.8153 208.007 79.5949 35.9753 204.648 124.456 18.111 104.862 43.6197 35.7138 259.047 132.849 84.1413 21.5828 62.5585
internal_count=26623 17375 9248 9559 4084 7816 4165 5164 3651 2140 1832 3024 3746 5827 2431 226 3412 419 177 3167 1954 334 593 242 202 2252 1914 490 141 349
is_linear=0
shrinkage=0.05


Tree=1
num_leaves=31
num_cat=0
split_feature=7 6 7 6 6 7 6 6 11 21 14 13 21 0 2 0 9 1 14 7 21 14 18 14 9 9 18 9 15 0
split_gain=3871.87 861.869 488.232 141.139 127.961 59.3763 50.5496 30.609 26.9098 23.7079 21.3275 23.6653 15.344 13.6543 12.8419 14.5413 12.564 11.7765 17.2418 11.3554 12.3018 12.4632 11.1425 11.0921 12.0516 10.757 10.3908 10.273 10.2388 10.1269
threshold=0.11834733893557424 2.2500000000000004 0.031496141102712143 4.8500000000000005 1.5500000000000003 0.063092110500756318 64.850000000000009 2.9500000000000006 2.5000000000000004 8.5000000000000018 482.50000000000006 2.5000000000000004 8.5000000000000018 4.5000000000000009 1.0000000180025095e-35 1.5000000000000002 1.6333333333333335 7.5000000000000009 499.50000000000006 0.099504950495049524 9.5000000000000018 480.50000000000006 875.00000000000011 1000.5000000000001 9.5500000000000025 4.291666666666667 1450.0000000000002 8.1000000000000014 -2.4999999999999996 5.5000000000000009
decision_type=2 2 2 2 2 2 2 2 8 2 8 2 2 2 2 2 8 10 10 2 2 8 10 10 10 10 10 10 10 2
left_child=2 4 6 7 -2 -4 -1 13 -5 -6 11 -9 22 -3 -11 -16 -17 29 -19 20 21 -7 -10 24 27 -24 -18 -14 -26 -12
right_child=1 3 5 8 9 19 -8 10 12 14 17 -13 23 -15 15 16 26 18 -20 -21 -22 -23 25 -25 28 -27 -28 -29 -30 -31
leaf_value=-0.060443896147758538 0.078526429383605489 0.037490943447803328 -0.03975546922981732 -0.01466494487813411 0.032286589388066132 -0.045881326471796394 -0.082047940849331702 -0.0053747418399967793 -0.067282236705424256 0.05882698382572539 0.0041755039587697404 0.026003620257873922 0.0081578246278645478 0.023591007526889664 0.0046525337580575477 0.010250541094642579 0.043982366040638321 0.026067386284358882 -0.048557094594165247 -0.012438491113794222 -0.020070952655943785 -0.018711126574145434 0.0097429640804337098 -0.012802600230362374 0.019635232303617717 -0.020650520524655103 0.064186417400037499 0.03161189562619781 -0.036954367252028483 0.017948721309346622
leaf_weight=484.52586406096816 574.14034932851791 319.06481726467609 768.97938264347613 264.45253115147352 184.98380507528782 111.72243344411254 613.72059977706522 66.778071656823158 8.5911408886313421 368.72843237966299 252.66416599601507 599.83343934267759 566.85897457227111 395.90979128330946 20.683452278375626 20.6104386895895 192.43504852056503 12.670886889100073 19.891798622906208 278.78522374480963 436.8861743118614 67.83320801332593 48.90252910554409 67.914651453495026 11.63845184445381 71.935662046074867 95.079458311200142 50.877843573689461 25.519397340714931 282.8759270273149
leaf_count=3732 725 421 4425 847 238 490 5827 151 30 443 507 1164 1607 585 32 31 252 24 46 1094 2127 287 146 217 31 230 111 132 96 575
internal_value=-1.38447e-10 0.0284861 -0.0466411 0.0134429 0.0601533 -0.0295653 -0.0725166 0.0215612 -0.000731266 0.0482003 0.0167938 0.0228603 0.0035924 0.029794 0.0524205 0.0452362 0.0479605 0.00967549 -0.019519 -0.0208121 -0.0245991 -0.0356169 -0.0122622 0.00643139 0.00842601 -0.00835045 0.0506637 0.0100895 -0.0192296 0.0114506
internal_weight=7285.49 4523.04 2762.45 3066.38 1456.66 1664.21 1098.25 1949.69 1116.69 882.521 1234.71 666.612 852.239 714.975 697.537 328.808 308.125 568.103 32.5627 895.227 616.442 179.556 129.429 722.809 654.895 120.838 287.515 617.737 37.1578 535.54
internal_count=26623 8641 17982 6809 1832 8423 9559 3473 3336 1107 2467 1315 2489 1006 869 426 394 1152 70 3998 2904 777 406 2083 1866 376 363 1739 127 1082
is_linear=0
shrinkage=0.05


Tree=2
num_leaves=31
num_cat=0
split_feature=6 6 7 6 6 7 7 6 21 6 21 1 20 14 9 9 18 9 21 5 9 15 13 1 15 9 13 15 15 18
split_gain=2767.18 596.963 417.446 116.942 61.2934 52.8738 43.6324 29.8973 17.937 15.2606 18.2586 13.5973 18.4529 20.0441 13.568 12.3446 12.0447 10.7139 10.449 10.3603 9.98184 10.8752 9.87931 11.2098 10.6523 10.9048 9.49824 16.1431 15.5614 12.9516
threshold=7.9500000000000011 1.9500000000000002 0.031496141102712143 3.5500000000000003 1.5500000000000003 0.063092110500756318 0.012247402020783836 5.5500000000000007 9.5000000000000018 2.3500000000000001 8.5000000000000018 5.5000000000000009 1.5000000000000002 445.50000000000006 3.4500000000000006 6.9000000000000012 1725.0000000000002 1.9000000000000001 8.5000000000000018 55.500000000000007 3.1000000000000005 -4.4999999999999991 1.5000000000000002 4.5000000000000009 -11.499999999999998 6.9000000000000012 2.5000000000000004 11.500000000000002 1.0000000180025095e-35 960.00000000000011
decision_type=2 2 2 2 2 2 2 2 2 2 2 8 8 10 8 8 10 8 2 10 10 8 2 10 10 10 2 8 10 10
left_child=1 4 6 9 -1 -4 -2 11 -6 10 14 17 13 -13 -3 -14 22 -5 -9 -18 21 -20 -7 24 -24 -26 27 28 -19 -29
right_child=2 3 5 7 8 16 -8 18 -10 -11 -12 12 15 -15 -16 -17 19 26 20 -21 -22 -23 23 -25 25 -27 -28 29 -30 -31
leaf_value=0.075507918668712093 -0.078287984094476237 0.04313592578176742 -0.035015148722828862 -0.022069374202772014 0.036863579549758968 -0.04165242319263409 -0.05689221523252054 -0.017998596279134364 0.057378350856044313 0.022966117202227285 0.039972664163868896 -0.047586710770888919 -0.025136648080078761 0.021287639264364954 0.0025712579738003394 0.038464995779915481 -0.020671103617947439 0.0036975744105516451 -0.06616664752955137 0.03498420137410127 0.0032953125930719066 -0.0090202032192364025 -0.054255775339162718 -0.024167851349014419 -0.0067534496707844409 -0.024827567225714876 0.018073030438793363 0.049833689030483935 -0.059925337575655171 -0.0095206126956026149
leaf_weight=447.63632567971945 432.7069283714518 29.926814764738083 695.34850819781423 18.808650262653828 175.29861736297607 41.118377473205328 530.31876928918064 85.867001205682755 271.69046454131603 963.77401354908943 327.66245240718126 11.883838593959807 70.341687135398388 95.083769872784615 66.242681041359901 8.5573412552475911 14.101070020347832 23.137978486716747 9.650447800755499 20.544172670692205 484.9987844824791 60.627430856227875 14.457801148295401 300.31787614710629 381.5268224067986 106.81864571012557 662.5383326523006 20.454594455659389 16.439284354448318 16.690597590059042
leaf_count=725 4796 42 4425 58 255 221 4763 332 402 1661 499 44 215 252 94 22 77 65 43 81 1597 220 87 1576 1747 546 1626 38 60 54
internal_value=1.24516e-10 0.0266208 -0.0405757 0.0158442 0.0624299 -0.0247132 -0.0665058 0.00656545 0.0493329 0.0264433 0.0343504 0.0122248 0.000105452 0.0136359 0.0151945 -0.0182385 -0.0165625 0.0151963 -0.00176664 0.0123318 0.000743437 -0.0168675 -0.0177483 -0.0165244 -0.0119591 -0.0107069 0.0161444 -0.000510308 -0.0227296 0.0231638
internal_weight=6404.57 3867.31 2537.26 2972.69 894.625 1574.23 963.026 1585.08 446.989 1387.61 423.832 943.936 185.867 106.968 96.1695 78.899 878.885 758.069 641.144 34.6452 555.277 70.2779 844.24 803.121 502.803 488.345 739.261 76.7225 39.5773 37.1452
internal_count=26623 8304 18319 6922 1382 8760 9559 4626 657 2296 635 2434 533 296 136 237 4335 1901 2192 158 1860 263 4177 3956 2380 2293 1843 217 125 92
is_linear=0
shrinkage=0.05


Tree=3
num_leaves=31
num_cat=0
split_feature=7 6 6 6 6 6 6 6 15 21 21 14 7 11 15 1 6 0 9 11 9 11 3 13 9 9 15 1 0 11
split_gain=2167.92 536.283 282.344 118.931 45.1434 35.4659 27.7276 25.357 16.0523 16.4101 15.2804 13.9803 12.2348 12.3463 11.4633 11.6546 11.0392 14.2657 10.5855 15.2493 10.4353 9.83922 9.2396 11.859 18.6598 14.9972 12.1244 11.7549 21.0043 10.5658
threshold=0.10362972508591067 1.9500000000000002 39.250000000000007 4.8500000000000005 1.5500000000000003 17.750000000000004 2.7500000000000004 64.850000000000009 19.500000000000004 8.5000000000000018 9.5000000000000018 506.50000000000006 0.16001024065540195 2.5000000000000004 13.500000000000002 4.5000000000000009 2.2500000000000004 4.5000000000000009 8.7083333333333339 8.5000000000000018 5.1000000000000005 5.5000000000000009 1.0000000180025095e-35 4.5000000000000009 8.3666666666666689 6.6333333333333337 15.500000000000002 2.5000000000000004 6.5000000000000009 3.5000000000000004
decision_type=2 2 2 2 2 2 2 2 10 2 2 10 2 8 8 10 2 2 10 8 8 8 2 2 10 10 10 8 2 10
left_child=2 4 5 6 -2 14 8 -4 9 11 20 -3 -5 -14 15 -1 -11 -18 19 -19 -6 -15 27 25 -25 26 -24 28 29 -8
right_child=1 3 7 12 10 -7 22 -9 -10 16 -12 -13 13 21 -16 -17 17 18 -20 -21 -22 -23 23 24 -26 -27 -28 -29 -30 -31
leaf_value=-0.012220086442968648 0.071904716248522377 0.0080682732622119804 -0.05332064993656635 -0.0047848138064269805 0.025072953964244395 -0.035338383093111748 -0.010068524804128506 -0.07251682638290638 -0.024068557008973021 0.042335202152369411 0.055796085999042844 0.04856012852582841 -0.0093843466105695741 0.01784115725320691 -0.043487063367736598 -0.026242472424481328 0.040070904341391919 0.019854689081153336 0.059322259885344834 -0.038026338405879649 0.051447263469936312 0.0011621110181758126 0.017376109691944943 0.02032177187175566 -0.014388593299707868 0.065049288242842257 0.07941067880833895 0.014610581511892538 0.020334187370436314 -0.058290254211721841
leaf_weight=399.71244394592941 382.19720318540931 128.06412473320961 270.11867795046419 624.86499468237162 93.71871817111969 672.87668027915061 33.461968444287777 473.75375191494823 14.393304601311682 209.29537144303322 235.40268298238516 25.573507711291313 101.93515590578318 196.69307593256235 45.169986164197326 235.47765790112317 140.2292612940073 177.49992178380489 15.34287917613983 12.158879116177557 62.526334136724472 160.63239040598273 73.691407188773155 392.82780745625496 42.953056007623672 30.47965232282877 8.8190877139568311 570.50219544768333 45.615999441593885 17.197596713900566
leaf_count=2165 725 202 2580 2671 159 4803 95 5827 24 348 402 38 406 600 305 1445 222 304 19 23 96 516 191 861 96 52 10 1310 82 46
internal_value=-5.76174e-11 0.0225403 -0.0408013 0.0130307 0.0596798 -0.027199 0.020449 -0.0655462 0.0282059 0.0292684 0.04775 0.0148083 -0.00023111 0.00596461 -0.0191492 -0.0174185 0.0332747 0.0277818 0.0193756 0.016144 0.0356275 0.0103432 0.0158381 0.0206432 0.0169005 0.0350781 0.0240066 0.0118834 -0.00427731 -0.0264385
internal_weight=5893.19 3796.08 2097.11 3022.23 773.845 1353.24 1938.11 743.872 722.557 708.164 391.648 153.638 1084.13 459.261 680.36 635.19 554.526 345.231 205.002 189.659 156.245 357.325 1215.55 548.771 435.781 112.99 82.5105 666.778 96.2756 50.6596
internal_count=26623 9498 17125 8116 1382 8718 3923 8407 1180 1156 657 240 4193 1522 3915 3610 916 568 346 327 255 1116 2743 1210 957 253 201 1533 223 141
is_linear=0
shrinkage=0.05


Tree=4
num_leaves=31
num_cat=0
split_feature=7 6 7 6 6 6 6 6 21 21 9 6 10 11 21 21 6 9 9 5 14 14 4 4 10 15 15 21 1 12
split_gain=1798.88 412.533 289.583 80.8547 36.3294 30.4414 27.6079 23.7802 12.3847 11.6587 11.9421 14.2229 11.1908 14.4857 12.4512 10.3511 14.7901 15.3705 9.97541 9.90878 11.0426 9.4771 9.34289 8.5133 21.564 8.47179 14.3435 8.46478 8.14646 13.0016
threshold=0.11834733893557424 1.9500000000000002 0.031496141102712143 4.2500000000000009 1.5500000000000003 64.850000000000009 14.050000000000002 2.6500000000000008 9.5000000000000018 8.5000000000000018 2.4500000000000006 6.5500000000000007 1.5000000000000002 14.500000000000002 11.500000000000002 8.5000000000000018 2.1500000000000008 3.4500000000000006 5.1000000000000005 54.250000000000007 466.50000000000006 1091.5000000000002 1.0000000180025095e-35 1.0000000180025095e-35 2.5000000000000004 2.5000000000000004 -1.0000000180025095e-35 10.500000000000002 5.5000000000000009 0.22500000000000003
decision_type=2 2 2 2 2 2 2 2 2 2 8 2 10 10 2 2 2 10 8 8 10 10 2 2 10 10 10 2 10 8
left_child=2 4 5 7 -2 -1 -4 15 18 22 -11 -12 21 14 23 16 17 -3 -6 20 -16 28 -5 -14 -25 26 -18 -8 29 -9
right_child=1 3 6 9 8 -7 27 12 -10 10 11 -13 13 -15 19 -17 25 -19 -20 -21 -22 -23 -24 24 -26 -27 -28 -29 -30 -31
leaf_value=-0.049019364979637686 0.068750676960223231 0.023063006834035404 -0.013466503433407898 -0.00683652493357701 0.024139938579536932 -0.068614832564450098 -0.032319110572270583 0.0032870339223892383 0.05353971269446315 -0.018579734803906969 0.011094464421035725 -0.0023331539919340862 0.019980976443348716 -0.032582189404494463 0.03226618368929602 0.032768283355291583 0.032702516683879322 -0.037728275418289867 0.051417032788992449 0.043461044137911381 -0.029546453034851202 0.054723783081605748 -0.070411300588969147 -0.053029858582604408 0.039786299980414934 0.055015981908819289 -0.022996436883759561 -0.02158690196312002 -0.0062205485903517868 0.022023729973719222
leaf_weight=363.96727788448334 339.97168151289225 20.451308250427246 581.23591203428805 146.0864892154932 88.508413925766945 435.15459286980331 450.28431566990912 190.35356985777617 211.5954929664731 48.682001698762178 622.09691239520907 288.74608100578189 375.66294445097446 12.208579078316687 21.767928741872311 449.50086377561092 47.427160315215588 21.152118757367134 53.947321474552155 100.95375330001116 10.815115734934805 11.870297543704508 6.0170082226395598 13.516011998057367 11.6530704498291 22.289317026734352 15.283218562602995 310.36812941730022 69.796994138509035 180.26895431056619
leaf_count=3732 725 29 3227 585 159 5827 3007 421 402 199 1967 1248 823 25 39 818 80 38 96 191 28 22 30 29 22 37 28 2189 180 420
internal_value=-1.02695e-10 0.0227116 -0.0358613 0.0138342 0.0570766 -0.0596899 -0.0216709 0.0211215 0.0458667 0.0035095 0.00554821 0.00683778 0.0164555 0.0212698 0.0225001 0.0292114 0.0165828 -0.00784465 0.0344696 0.0357233 0.011749 0.0106377 -0.00935146 0.0180948 -0.0100568 0.0285389 0.0191281 -0.0279401 0.00944944 0.0124005
internal_weight=5521.63 3380.62 2141.01 2686.6 694.023 799.122 1341.89 1574.97 354.051 1111.63 959.525 910.843 998.867 546.577 534.369 576.104 126.603 41.6034 142.456 133.537 32.583 452.29 152.103 400.832 25.1691 84.9997 62.7104 760.652 440.42 370.623
internal_count=26623 8641 17982 7259 1382 9559 8423 3230 657 4029 3414 3215 2200 1157 1132 1030 212 67 255 258 67 1043 615 874 51 145 108 5196 1021 841
is_linear=0
shrinkage=0.05


Tree=5
num_leaves=31
num_cat=0
split_feature=6 7 6 6 6 7 6 15 21 9 14 15 15 20 6 21 6 1 15 11 9 6 12 15 9 14 21 14 6 2
split_gain=1524.78 318.788 297.911 52.8663 46.0092 31.0651 26.8354 16.7231 10.7378 10.2585 8.3807 8.20222 8.33748 9.32772 8.05736 7.96204 7.906 11.1342 7.48766 7.34425 8.39185 12.2747 12.032 7.74778 13.882 10.4915 9.14061 8.98386 7.32214 10.3271
threshold=6.5500000000000007 0.03795080078350041 2.2500000000000004 1.5500000000000003 54.250000000000007 0.099504950495049524 3.7500000000000004 17.500000000000004 8.5000000000000018 2.2916666666666674 534.50000000000011 11.500000000000002 8.5000000000000018 1.5000000000000002 178.95000000000002 10.500000000000002 1.8500000000000003 2.5000000000000004 16.500000000000004 1.5000000000000002 3.3666666666666671 5.6500000000000012 0.22500000000000003 1.5000000000000002 4.366666666666668 417.50000000000006 8.5000000000000018 1066.5000000000002 5.1500000000000012 1.0000000180025095e-35
decision_type=2 2 2 2 2 2 2 10 2 8 8 8 10 8 2 2 2 8 10 8 8 2 10 10 10 10 2 10 2 2
left_child=2 4 3 -1 -2 11 -4 8 -5 10 -8 12 15 -14 -6 -3 17 -10 -7 -11 21 -21 23 25 28 -22 -27 -28 -25 -30
right_child=1 5 6 7 14 18 9 -9 16 19 -12 -13 13 -15 -16 -17 -18 -19 -20 20 22 -23 -24 24 -26 26 27 -29 29 -31
leaf_value=0.065901051015520282 -0.040856714862022053 -0.024852517899024224 0.019752304503946671 0.028225485077016874 -0.059848311188989846 -0.0046016696787924529 -0.0074482468462997459 -0.019822900879778938 0.0068311712107167527 -0.0043358808189892014 -0.07311870725525467 -0.036324365419010213 -0.024978741103591107 0.021066902362331115 -0.07494889655577161 -0.014878320736637552 0.03891393553251752 0.055864975338491774 -0.038538951435309027 0.029736804399549191 -0.021640625382835909 -0.011591355594428155 -0.019853557563646537 -0.03880239690560347 0.0086825861382853527 -0.001323801954509627 0.020973125326443846 -0.026827326869533083 -0.027574132725684937 0.042168730431918273
leaf_weight=306.23335641995072 419.82364385202527 457.54249490983784 1005.242234852165 122.05316630005836 366.43877876643091 521.39888847246766 32.95455177128315 11.428068608045576 12.387977756559847 91.087806541472673 5.6983173415064803 77.409715533256531 19.052767116576433 26.018213707953691 116.39756950829178 355.57358054071665 234.07433551549911 176.91340020298958 16.775882113724947 103.42140575498343 19.280619524419308 21.743622422218323 35.494397819042206 26.074790261685848 228.02373151108623 62.850027404725552 317.46007391065359 10.14375641196966 13.277173195034266 8.8431417271494865
leaf_count=725 3982 2992 2133 236 4949 2538 142 26 35 326 29 581 122 140 1750 2372 459 351 89 282 74 95 122 85 716 224 928 40 52 28
internal_value=1.27816e-10 -0.0295629 0.0246966 0.0492141 -0.0529626 -0.0152309 0.014018 0.0400374 0.0412916 0.00811393 -0.0171296 -0.0207366 -0.0193305 0.00160212 -0.0634886 -0.0204908 0.0450584 0.0526562 -0.00565956 0.00915449 0.0106059 0.0225573 0.00853247 0.0100013 0.00352934 0.0143643 0.0161422 0.0194931 -0.0208521 0.000307298
internal_weight=5221.12 2376.43 2844.69 863.09 902.66 1473.77 1981.6 556.857 545.429 976.353 38.6529 935.597 858.187 45.071 482.836 813.116 423.376 189.301 538.175 937.701 846.613 125.165 721.448 685.953 276.219 409.734 390.454 327.604 48.1951 22.1203
internal_count=26623 19515 7108 1832 10681 8834 5276 1107 1081 3143 171 6207 5626 262 6699 5364 845 386 2627 2972 2646 377 2269 2147 881 1266 1192 968 165 80
is_linear=0
shrinkage=0.05


Tree=6
num_leaves=31
num_cat=0
split_feature=6 6 7 6 6 6 6 21 15 11 6 0 14 1 9 11 10 20 5 6 18 10 21 14 0 0 1 14 21 9
split_gain=1305.53 293.942 241.492 46.6653 36.8958 35.8762 16.4688 11.654 9.97132 8.4661 8.16854 13.6365 9.46347 7.75108 8.14324 7.68197 8.25913 9.06953 7.76715 7.67119 7.5882 7.96456 7.42346 7.38729 8.6127 7.42138 19.951 11.6454 10.8221 9.94977
threshold=7.7500000000000009 2.2500000000000004 0.03795080078350041 1.5500000000000003 54.250000000000007 4.8500000000000005 14.050000000000002 8.5000000000000018 17.500000000000004 1.5000000000000002 2.9500000000000006 4.5000000000000009 482.50000000000006 2.5000000000000004 3.6333333333333337 7.5000000000000009 3.5000000000000004 1.0000000180025095e-35 55.500000000000007 1.8500000000000003 1725.0000000000002 6.5000000000000009 8.5000000000000018 492.50000000000006 9.5000000000000018 7.5000000000000009 4.5000000000000009 509.50000000000006 11.500000000000002 4.9000000000000012
decision_type=2 2 2 2 2 2 2 2 10 10 2 2 8 10 8 8 8 8 8 2 10 10 2 10 2 2 10 10 2 10
left_child=1 3 4 -1 -2 10 9 -5 13 -4 11 -3 -12 14 -9 -13 17 -17 -18 -15 21 -11 -7 24 -14 27 -27 -25 29 -28
right_child=2 5 6 7 -6 22 -8 8 -10 20 12 15 23 19 -16 16 18 -19 -20 -21 -22 -23 -24 25 -26 26 28 -29 -30 -31
leaf_value=0.063161958215181904 -0.040367799692574279 0.030597166304668102 -0.027084777875126372 0.024337799306767008 -0.061523220855040001 -0.01049761503674727 -0.022875739165495262 -0.0022630912137431079 -0.0087954365593813869 -0.0088724987487144615 0.017802932074788457 0.017382236638056492 -0.00018266502483697865 0.053804270925664616 0.04272986315627178 0.041450166095673938 -0.00049392147387584723 -0.021590935102374309 -0.064700908020001807 0.039017795237019648 0.019507835836117801 -0.039726189374122256 0.0043203874059327537 0.024853121667525669 -0.051313612702486237 0.033580083516633212 -0.0023572451432594651 -0.0013646413916126026 0.034879382460652905 -0.062785878747684418
leaf_weight=283.54257975518703 382.13162509072572 216.89273335784674 72.647376026958227 120.44501731544733 447.39356692042202 97.995557267218828 551.16833304893225 18.205595687031746 9.4167671054601652 511.21170487999916 513.47286396101117 242.36106988787651 59.298394279554486 158.76479981839657 22.467018216848373 13.213605687022211 10.165761448442938 10.040505118668078 8.7767797410488111 196.00361752510071 22.500888230279088 21.808750096708536 614.71699087508023 56.452835649251938 9.5642873346805555 87.62897852435708 18.370962716639045 169.60235220193863 10.284515608102081 10.826202385127543
leaf_count=725 3982 421 454 238 6699 439 4074 44 24 2997 1315 489 188 343 50 25 25 24 22 408 116 149 2408 163 35 190 49 467 25 35
internal_value=4.84444e-11 0.0211221 -0.0311072 0.0468153 -0.0517777 0.0114547 -0.0165679 0.0379918 0.0420539 -0.0110333 0.0160038 0.0211529 0.0132438 0.0432648 0.0225904 0.0139543 -0.00573421 0.0142307 -0.0302434 0.045635 -0.00893424 -0.0101349 0.00228296 0.00769673 -0.0072842 0.0106178 0.0202837 0.00518273 -0.00922757 -0.024764
internal_weight=4967.37 2958.51 2008.86 808.845 829.525 2149.66 1179.34 525.303 404.858 628.169 1436.95 501.45 935.501 395.441 40.6726 284.558 42.1967 23.2541 18.9425 354.768 555.521 533.02 712.713 422.029 68.8627 353.166 127.111 226.055 39.4817 29.1972
internal_count=26623 8152 18471 1832 10681 6320 7790 1107 869 3716 3473 1006 2467 845 94 585 96 49 47 751 3262 3146 2847 1152 223 929 299 630 109 84
is_linear=0
shrinkage=0.05


Tree=7
num_leaves=31
num_cat=0
split_feature=6 7 6 6 6 7 6 21 15 1 9 6 6 9 14 15 11 6 9 21 9 6 14 7 11 20 9 14 11 6
split_gain=1129.73 250.953 214.362 43.0744 31.8599 24.6127 16.0861 12.1868 9.6978 8.18108 7.47007 7.23416 6.94768 6.72538 6.63524 6.168 6.16387 6.07199 11.8291 6.60777 7.37042 8.86416 10.7671 10.271 6.98495 8.42539 7.65125 6.20184 9.29003 6.06494
threshold=6.5500000000000007 0.03795080078350041 2.2500000000000004 1.5500000000000003 56.45000000000001 0.099504950495049524 4.2500000000000009 8.5000000000000018 17.500000000000004 2.5000000000000004 3.6333333333333337 1.8500000000000003 149.05000000000004 2.3666666666666671 487.50000000000006 13.500000000000002 12.500000000000002 4.3500000000000005 6.7083333333333348 8.5000000000000018 5.1000000000000005 4.8500000000000005 988.50000000000011 0.16530054644808748 16.500000000000004 2.5000000000000004 6.9000000000000012 484.50000000000006 8.5000000000000018 5.7500000000000009
decision_type=2 2 2 2 2 2 2 2 10 10 8 2 2 8 10 10 8 2 10 2 10 2 10 2 10 10 10 10 10 2
left_child=2 4 3 -1 14 15 -4 -5 9 10 -9 -11 -6 -8 -2 -3 -13 18 -15 29 21 -21 -23 -24 25 27 -27 -22 -29 -19
right_child=1 5 6 7 12 -7 13 8 -10 11 -12 16 -14 17 -16 -17 -18 19 -20 20 24 22 23 -25 -26 26 -28 28 -30 -31
leaf_value=0.060847158658415001 -0.03448075384582483 -0.018300049399369751 0.016438786952014575 0.021752204954038786 -0.054627405439102085 -0.005183610963789189 -0.019952414472193768 -0.0035259845298112229 -0.010054449982096411 0.052254303757892896 0.040273467784510131 0.039887039592560403 -0.068505399891171978 -0.02825572158859398 -0.048872459565260623 -0.040956687360965499 0.0041100847473782669 0.0044266596632970322 0.04018145645926452 0.02908102046453296 0.01452211542159864 0.014408288365195083 0.031665530742848641 -0.043453245330566659 0.051618457202715622 -0.048626339637755013 0.005615035613717928 0.0040018392292064725 -0.036703835201633471 -0.025375428455546824
leaf_weight=261.05255201458931 255.97631727345288 828.25056567881256 1172.7594011798501 118.17856272310019 273.00245701987296 501.57955276034772 22.694671228528023 18.300932064652443 9.3873057514429075 146.55618204176426 20.797711662948132 172.33611690625548 134.67006215080619 27.257070630788803 116.55664786696434 31.170066187158227 12.94307032227516 57.740363411605358 8.2175995260477048 91.83990702778101 111.71524673327804 182.7366343550384 6.3379767760634449 16.134632915258408 7.642191417515277 14.162921093404295 12.018544450402258 90.023202151060104 16.601656381040812 24.237691510468721
leaf_count=725 2736 5907 2780 238 4212 2627 122 44 24 343 50 386 2317 94 1416 300 22 240 20 265 380 666 19 70 22 64 48 301 67 118
internal_value=-8.27328e-11 -0.0269453 0.0220071 0.0443932 -0.0495532 -0.013985 0.0128758 0.0357767 0.0401346 0.0414048 0.0197722 0.0439536 -0.0592118 0.00681445 -0.0389836 -0.0191218 0.0373878 0.00772565 -0.0124025 0.0088569 0.0108334 0.0161701 0.0103919 -0.0222674 0.00454676 0.00307559 -0.023727 0.00628953 -0.0023361 -0.00438465
internal_weight=4762.88 2141.21 2621.67 759.552 780.205 1361 1862.12 498.5 380.321 370.934 39.0986 331.835 407.673 689.36 372.533 859.421 185.279 666.666 35.4747 631.191 549.213 297.049 205.209 22.4726 252.164 244.522 26.1815 218.34 106.625 81.9781
internal_count=26623 19515 7108 1832 10681 8834 5276 1107 869 845 94 751 6529 2496 4152 6207 408 2374 114 2260 1902 1020 755 89 882 860 112 748 368 358
is_linear=0
shrinkage=0.05


Tree=8
num_leaves=31
num_cat=0
split_feature=6 7 6 6 6 6 21 6 0 1 9 11 10 1 6 4 11 15 11 11 13 14 14 6 15 14 5 14 15 15
split_gain=968.82 224.688 187.783 38.7423 27.7773 21.0532 14.2478 11.7409 9.21223 8.87244 8.35015 7.94488 7.53182 8.0768 14.9519 7.20043 7.17167 6.96018 6.9379 7.71663 6.88029 6.65571 6.58181 6.56923 6.4839 6.11348 12.9592 6.25607 6.62491 8.91158
threshold=6.5500000000000007 0.03795080078350041 2.2500000000000004 1.5500000000000003 54.250000000000007 11.15 8.5000000000000018 4.8500000000000005 12.500000000000002 2.5000000000000004 5.5500000000000007 2.5000000000000004 1.5000000000000002 6.5000000000000009 2.5500000000000003 1.0000000180025095e-35 7.5000000000000009 -9.4999999999999982 5.5000000000000009 16.500000000000004 1.5000000000000002 485.50000000000006 1091.5000000000002 149.05000000000004 16.500000000000004 425.50000000000006 54.750000000000007 453.50000000000006 9.5000000000000018 3.5000000000000004
decision_type=2 2 2 2 2 2 2 2 2 10 8 8 10 8 2 2 8 8 8 10 2 10 10 2 10 10 10 10 10 8
left_child=2 4 3 -1 -2 16 -5 8 12 10 21 -9 13 22 -15 18 20 -18 -13 -20 -3 -8 25 -6 -22 26 -4 28 29 -27
right_child=1 5 7 6 23 -7 9 11 -10 -11 -12 15 -14 14 -16 -17 17 -19 19 -21 24 -23 -24 -25 -26 27 -28 -29 -30 -31
leaf_value=0.058653398269079816 -0.037303382452704752 -0.038172618080941037 -0.066715308552110483 0.018883678980457258 -0.052467303525703529 -0.018838638140129364 0.021235421331098341 -0.0073893241918369379 0.061035409523867969 0.041780337932498468 0.050538981481956208 0.012940820727866226 0.017464343222452522 0.045164218953272106 -0.01533429607874571 0.03388060044212074 -0.065149316460803866 -0.013882835553542203 -0.003907709476901871 0.058378460834273407 -0.0013348053675999137 -0.029434583860561345 0.054812967353892988 -0.066374385205033706 -0.048010313360659029 0.028544573830766092 0.013725094909965103 0.0097347352836923123 0.064384418177239375 -0.0070089767996681825
leaf_weight=241.36397609114647 337.3737645316869 13.653774166479705 7.6973836347460773 116.7968637123704 268.50473470706493 741.64860880095512 16.268357530236248 98.567502412945032 10.525851957499979 317.60313216969371 12.446832731366156 188.81250381097198 743.67185307852924 12.211174622178076 62.408507350832224 26.191495422273874 7.0187665894627571 116.68859597668052 137.8024220187217 5.1587671488523474 434.09819083847106 10.772196590900419 8.8770585358142835 124.1895921882242 7.5701818503439418 70.027724169194698 14.324604094028471 407.11867934837937 9.0553950220346433 23.552933402359486
leaf_count=725 3982 88 26 238 4382 5570 37 478 18 771 29 679 1811 27 195 80 55 706 552 14 2356 32 19 2317 59 167 37 1082 19 72
internal_value=1.18449e-10 -0.0255658 0.0206311 0.0423479 -0.0478256 -0.0132606 0.034043 0.0121246 0.0144394 0.0390013 0.0166494 0.00518056 0.0140785 0.00998616 -0.00543399 0.00864174 -0.00611596 -0.0167915 0.00664928 -0.00166011 -0.00321549 0.00104992 0.0121144 -0.0568654 -0.00213482 0.0114016 -0.0143914 0.0125159 0.0235478 0.0195962
internal_weight=4592 2050.75 2541.26 715.251 730.068 1320.68 473.887 1826 1369.47 357.091 39.4874 456.533 1358.95 615.273 74.6197 357.965 579.03 123.707 331.774 142.961 455.322 27.0406 540.654 392.694 441.668 531.777 22.022 509.755 102.636 93.5807
internal_count=26623 19515 7108 1832 10681 8834 1107 5276 3473 869 98 1803 3455 1644 222 1325 3264 761 1245 566 2503 69 1422 6699 2415 1403 63 1340 258 239
is_linear=0
shrinkage=0.05


Tree=9
num_leaves=31
num_cat=0
split_feature=7 6 7 6 6 6 21 1 9 11 6 1 15 7 11 0 11 11 14 6 14 15 6 0 9 18 5 6 15 11
split_gain=848.084 199.077 135.472 37.5021 34.4078 25.5777 13.0866 10.6984 9.51749 9.28961 8.78351 8.50684 7.49224 7.25967 7.63285 6.32252 11.0232 8.26846 6.41577 6.14504 6.0793 5.85042 5.84981 12.5377 6.55283 7.95342 11.2643 5.705 5.62029 8.66183
threshold=0.10811126694717159 2.2500000000000004 0.03795080078350041 1.5500000000000003 4.8500000000000005 54.250000000000007 8.5000000000000018 2.5000000000000004 5.5500000000000007 2.5000000000000004 6.1500000000000012 7.5000000000000009 16.500000000000004 0.063092110500756318 4.5000000000000009 3.5000000000000004 4.5000000000000009 4.5000000000000009 469.50000000000006 149.05000000000004 1082.5000000000002 -1.0000000180025095e-35 2.9500000000000006 4.5000000000000009 2.7750000000000004 1590.0000000000002 55.500000000000007 1.8500000000000003 1.5000000000000002 1.5000000000000002
decision_type=2 2 2 2 2 2 2 10 8 8 2 10 10 2 8 2 8 10 10 2 10 8 2 2 10 10 8 2 10 10
left_child=2 3 5 -2 22 -1 15 8 -8 20 -11 -12 27 14 -4 16 18 21 -5 -7 -6 -17 23 -3 25 26 -25 -9 -15 -30
right_child=1 4 13 6 9 19 7 12 -10 10 11 -13 -14 28 -16 17 -18 -19 -20 -21 -22 -23 -24 24 -26 -27 -28 -29 29 -31
leaf_value=-0.035643138269493641 0.056684109838877096 0.027873094614634938 -0.012677517383493687 0.01685877540427309 -0.010333959166973307 -0.050560924478765236 -0.00445926735091106 0.049107325725120887 0.049873031265340408 0.010422602010070385 0.00049263445752139288 -0.033197998633335744 -0.0026305089618467283 -0.01689336456270828 -0.026679553153084373 0.011609709339043518 0.032960448207641088 -0.0080735072811878271 -0.036836299240846221 -0.064487444569293589 0.050554672831107941 0.045382286656452109 0.011469529523508513 0.0084831846025412005 0.014911249290805898 0.027368443919466131 -0.049654166849044702 0.035035553181300208 -0.037951061107132422 -0.0026187804928783651
leaf_weight=323.50265473872423 223.78138247877359 199.70955738425255 157.83001546561718 8.2756762802600878 180.54459050111473 254.26068998593837 26.979620724916458 128.61517511308193 11.494091615080832 280.59361213445663 349.06550154089928 19.799320720136166 10.073522895574568 277.40294805914164 253.90670397039503 19.02832368016243 16.875086024403572 14.284238487482069 16.972594305872917 115.052134339232 4.1946489512920371 39.323518551886082 873.17574289254844 17.842773303389549 218.17708848416805 13.038477480411528 15.630384150892494 163.70752150192857 19.151029955595732 184.06854972615838
leaf_count=3982 725 421 1216 18 964 4382 69 341 29 1050 1789 124 24 1989 2087 43 36 36 40 2317 16 65 2467 41 482 23 39 406 153 1249
internal_value=2.31807e-11 0.0163005 -0.0293191 0.0399221 0.00891085 -0.0459079 0.0316895 0.0366062 0.0117726 0.000941621 0.00375571 -0.00131576 0.0397658 -0.0164397 -0.0213122 0.0170853 0.00167414 0.0260226 -0.0192366 -0.0548995 -0.00895144 0.0343692 0.013881 0.018415 0.0112789 -0.00576001 -0.0186642 0.0412268 -0.0122656 -0.00594843
internal_weight=4436.36 2851.18 1585.17 679.411 2171.77 692.815 455.629 340.87 38.4737 834.198 649.458 368.865 302.396 892.359 411.737 114.759 42.1234 72.6361 25.2483 369.313 184.739 58.3518 1337.57 464.398 264.689 46.5116 33.4732 292.323 480.623 203.22
internal_count=26623 9248 17375 1832 7416 10681 1107 869 98 3943 2963 1913 771 6694 3303 238 94 144 58 6699 980 108 3473 1006 585 103 80 747 3391 1402
is_linear=0
shrinkage=0.05


Tree=10
num_leaves=31
num_cat=0
split_feature=7 6 6 6 6 6 7 15 1 21 6 0 13 1 15 15 14 1 14 0 0 13 15 5 14 14 6 0 5 11
split_gain=753.468 180.451 114.059 33.6082 33.3657 16.3902 11.275 11.0807 10.6784 11.3968 9.78749 10.3107 7.88776 6.55834 7.50564 6.24188 6.11133 5.96822 6.70543 5.98196 5.92185 9.89285 9.85279 13.3208 9.03042 7.62313 7.94955 22.6732 14.0892 10.6083
threshold=0.10362972508591067 2.2500000000000004 39.250000000000007 1.5500000000000003 6.1500000000000012 17.750000000000004 0.012247402020783836 17.500000000000004 2.5000000000000004 8.5000000000000018 2.9500000000000006 4.5000000000000009 1.5000000000000002 4.5000000000000009 13.500000000000002 3.5000000000000004 442.50000000000006 3.5000000000000004 483.50000000000006 4.5000000000000009 8.5000000000000018 4.5000000000000009 -1.0000000180025095e-35 54.750000000000007 509.50000000000006 1108.5000000000002 3.3500000000000001 2.5000000000000004 532.50000000000011 1.5000000000000002
decision_type=2 2 2 2 2 2 2 10 10 2 2 2 2 10 8 10 10 10 10 2 2 2 10 10 8 10 2 2 10 8
left_child=2 3 5 -2 10 13 -4 8 12 17 11 -3 16 14 -1 -14 -5 -10 -19 -20 24 -22 23 -23 -12 26 27 -26 -29 -28
right_child=1 4 6 7 -6 -7 -8 -9 9 -11 20 -13 15 -15 -16 -17 -18 18 19 -21 21 22 -24 -25 25 -27 29 28 -30 -31
leaf_value=-0.006594315898912898 0.054895349587044312 0.026817856280917235 -0.05662611448844266 -0.002842147961948099 -0.0029944055869130519 -0.025956341798244659 -0.041249117392134951 -0.019287567079028886 0.041477952916495281 0.039914432256337673 0.010580711005833538 0.011466611821934421 0.012154957006445971 -0.020656032392992487 -0.033824444314583021 -0.032286869258893909 0.043908552778846317 0.02656694838579356 -0.029643692285731917 0.018236375842483964 0.038247200461179354 -0.0098869172399394002 0.0017729084579994978 0.031556807781493432 -0.084209870201835846 0.035405885865493675 -0.035228003165939402 -0.028491419755757835 0.037059130032406261 0.0052221130980837915
leaf_weight=301.02844722010195 208.94023994728923 190.72363698482513 242.68260261043906 9.6685433089733106 504.22406006231904 482.36619752459228 234.30575777962804 10.895357325673102 19.506570503115654 280.4389459900558 671.63190986588597 256.46514835208654 24.059398457407951 184.83286548405886 27.62893246114254 11.76394649595022 25.235989809036255 27.355586528778076 14.926475137472154 11.587601207196711 41.734186109155416 24.886621028184891 119.06029372662306 87.768070198595524 10.871466964483259 14.194888375699518 17.696295984089375 19.671659518033266 14.053653508424757 192.80653224699199
leaf_count=2165 725 421 4796 23 2760 4803 3611 26 41 751 2206 585 61 1498 252 33 50 62 36 24 112 86 386 241 28 38 77 59 27 640
internal_value=3.20696e-11 0.0151824 -0.0289678 0.0384109 0.00827131 -0.0193381 -0.0490726 0.030501 0.0317788 0.0353242 0.01169 0.0180138 0.0140428 -0.013121 -0.00888345 -0.00243919 0.0309586 0.0177808 0.00919988 -0.00871839 0.00936132 0.0158381 0.011802 0.0224014 0.00747905 -0.000256623 -0.00224105 -0.0214173 -0.00117589 0.0018216
internal_weight=4283.01 2810.17 1472.84 644.379 2165.79 995.856 476.988 435.438 424.543 353.815 1661.56 447.189 70.7279 513.49 328.657 35.8233 34.9045 73.3762 53.8697 26.5141 1214.38 273.449 231.715 112.655 940.926 269.294 255.1 44.5968 33.7253 210.503
internal_count=26623 9498 17125 1832 7666 8718 8407 1107 1081 914 4906 1006 167 3915 2417 94 73 163 122 60 3900 825 713 327 3075 869 831 114 86 717
is_linear=0
shrinkage=0.05


Tree=11
num_leaves=31
num_cat=0
split_feature=6 6 7 6 6 6 7 21 1 15 9 18 0 6 9 15 13 9 20 11 6 1 11 13 13 3 0 0 6 9
split_gain=666.379 135.448 133.571 31.9148 20.0555 20.0223 11.5803 11.2193 9.47378 8.62654 8.48493 7.6686 5.35487 9.6707 10.3102 11.6608 7.93678 12.009 8.37777 9.03675 13.2734 7.7286 7.36633 6.80965 7.89763 6.61817 6.43333 6.28818 5.7067 5.36752
threshold=7.7500000000000009 2.2500000000000004 0.036166483545231005 1.5500000000000003 56.45000000000001 4.8500000000000005 0.063092110500756318 8.5000000000000018 2.5000000000000004 17.500000000000004 5.5500000000000007 1725.0000000000002 4.5000000000000009 2.9500000000000006 8.6333333333333346 5.5000000000000009 2.5000000000000004 6.5500000000000007 1.5000000000000002 2.5000000000000004 3.4500000000000006 4.5000000000000009 9.5000000000000018 4.5000000000000009 2.5000000000000004 1.0000000180025095e-35 12.500000000000002 2.5000000000000004 3.8500000000000001 2.5500000000000003
decision_type=2 2 2 2 2 2 2 2 10 10 8 10 2 2 10 10 2 8 8 10 2 10 8 2 2 2 2 2 2 8
left_child=1 3 4 -1 -2 12 -4 -5 10 -10 -9 -8 13 -3 16 22 17 -15 -18 -20 21 -21 -16 24 29 27 -25 -22 -27 -14
right_child=2 5 6 7 -6 -7 11 8 9 -11 -12 -13 23 14 15 -17 18 -19 19 20 25 -23 -24 26 -26 28 -28 -29 -30 -31
leaf_value=0.053316979658071667 -0.033785406738070504 0.026376872147891563 -0.020553387673676714 0.014520040630131259 -0.051996608999393859 0.0022568976125741064 -0.010784296725224577 -0.0050349885670440096 0.038233816462100237 -0.015904675889252321 0.047450167326208013 0.017293748584090399 0.033001712357119073 -0.042373592961729566 -0.083829134214509979 0.031731111518635086 0.023470262514628519 0.025331373812295246 0.026210063392673278 -0.074293119059406595 0.011163375722257174 -0.0058559213480273075 -0.010351278561468396 0.0079127559653109584 0.033971231192028113 0.0621728205189832 0.053698597420316498 -0.039115304946529678 0.009260987087082834 0.0010755591994464542
leaf_weight=195.23730131983757 285.23127217032015 182.6454520560801 397.21614884305745 103.22278156504035 321.68127415003255 625.46368766203523 606.68367421999574 26.86639004945755 267.76712158322334 7.5659872591495505 10.794293850660322 25.333114478737116 17.754006870090961 14.527337800711395 7.1796046867966661 6.6658408232033244 173.05997909419239 11.926324680447577 33.747065901756287 9.3389198146760481 14.900657588616015 7.3894909024238578 6.4982319921255121 636.84043656289577 61.729519430547953 7.7262982651591328 7.7656381428241721 10.672928821295498 14.968116261065004 50.93263840675354
leaf_count=725 3860 421 3595 238 6529 2847 4324 69 751 20 29 163 46 67 24 20 479 39 101 31 53 25 18 1737 151 13 15 40 46 147
internal_value=-3.06224e-11 0.0161674 -0.0248338 0.0366383 -0.0434379 0.00958551 -0.0138634 0.0288147 0.0335289 0.0367461 0.0100083 -0.00965885 0.0131771 0.0172043 0.0119459 -0.022494 0.014295 -0.0118496 0.0168395 0.00521832 -0.00568089 -0.0440622 -0.0489204 0.0105725 0.0209922 0.00762103 0.00846434 -0.00982002 0.0272748 0.00932778
internal_weight=4149.33 2513.19 1636.15 611.454 606.913 1901.73 1029.23 416.217 312.994 275.333 37.6607 632.017 1276.27 501.246 318.601 20.3437 298.257 26.4537 271.803 98.7435 64.9964 16.7284 13.6778 775.022 130.416 48.268 644.606 25.5736 22.6944 68.6866
internal_count=26623 8152 18471 1832 10389 6320 8082 1107 869 771 98 4487 3473 1377 956 62 894 106 788 309 208 56 42 2096 344 152 1752 93 59 193
is_linear=0
shrinkage=0.05


Tree=12
num_leaves=31
num_cat=0
split_feature=7 6 7 6 6 7 21 1 9 6 0 9 9 14 13 1 11 9 11 6 4 15 14 6 11 11 9 9 15 13
split_gain=594.474 132.08 93.4158 31.9249 30.5357 14.4126 11.8195 9.91458 8.74144 8.3035 7.28452 8.44156 11.4762 9.54239 7.61032 9.84475 10.5449 7.62821 7.32319 6.98981 7.27849 9.31264 6.91468 6.47853 6.16431 6.69721 8.56964 8.14156 7.69036 10.1397
threshold=0.10362972508591067 2.2500000000000004 0.031496141102712143 4.8500000000000005 1.5500000000000003 0.012247402020783836 8.5000000000000018 2.5000000000000004 5.5500000000000007 17.750000000000004 4.5000000000000009 5.7750000000000012 5.9000000000000012 420.50000000000006 3.5000000000000004 2.5000000000000004 3.5000000000000004 4.5500000000000007 3.5000000000000004 2.9500000000000006 1.0000000180025095e-35 1.5000000000000002 495.50000000000006 4.4500000000000011 2.5000000000000004 7.5000000000000009 9.4500000000000011 8.1000000000000014 16.500000000000004 3.5000000000000004
decision_type=2 2 2 2 2 2 2 10 8 2 2 10 10 10 2 8 10 8 10 2 2 10 10 2 10 10 8 10 10 2
left_child=2 4 5 10 -2 -1 -6 8 -8 -4 19 14 -13 -14 17 16 -16 18 22 -3 -21 -22 -12 -15 -5 26 27 28 -26 -30
right_child=1 3 9 24 6 -7 7 -9 -10 -11 11 12 13 23 15 -17 -18 -19 -20 20 21 -23 -24 -25 25 -27 -28 -29 29 -31
leaf_value=-0.05332032963275013 0.051754506591925965 0.025710246236894319 -0.012338528417737291 -0.0072858847128669793 0.012459342025776017 -0.036379608787647726 -0.0060251404213156412 0.035568854108050413 0.047142021043577315 -0.022256119730554871 0.032875523118328441 0.050130380161596315 -0.033221199369265451 0.019188585540468747 -0.054080544284815985 0.0058644350703458328 0.0051530532774743589 -0.0031999615826566806 0.062792163060613235 0.01487534469916215 -0.055307812715081721 0.028023092543681162 -0.014445859816316908 -0.012262078877758825 0.0059830235076286306 -0.0067437440883382719 -0.048570485316633633 0.035488307915176695 0.028455392172777805 -0.069745683841426778
leaf_weight=217.46323798364028 182.07624343410134 175.14471288770437 490.0502869496122 204.24891738034785 102.83523214235902 297.04944286309183 28.252707533538342 263.09964610263705 10.64346659183502 370.70439067110419 29.347358480095863 24.512694794684649 10.187257453799246 183.33627994731069 14.674062147736551 419.6822952888906 15.397526696324347 22.903334282338619 13.713954687118528 293.65342615358531 8.4008018374443036 5.5795263946056357 10.475033387541769 17.979893494397402 435.69968674331903 143.49721711687744 7.1974369734525672 22.89041481539607 4.0455652698874474 7.5053335800766927
leaf_count=4796 725 421 3915 1163 238 4763 69 771 29 3651 71 52 25 470 36 1192 38 80 31 906 33 17 31 70 2038 783 49 98 17 45
internal_value=-5.75129e-11 0.0138122 -0.0266848 0.00787629 0.0347486 -0.0435398 0.0271 0.0320855 0.00852341 -0.0166098 0.0129311 0.00988728 0.0177441 0.0139906 0.00636323 0.00388426 -0.0237512 0.0209489 0.03128 0.0177368 0.0131973 -0.0220506 0.0204279 0.0163797 0.00024891 0.00272778 0.00557511 0.00640403 0.00491549 -0.0353519
internal_weight=4032.25 2656.98 1375.27 2070.07 586.907 514.513 404.831 301.996 38.8962 860.755 1244.99 762.21 236.016 211.503 526.194 449.754 30.0716 76.4397 53.5363 482.778 307.634 13.9803 39.8224 201.316 825.085 620.836 477.338 470.141 447.251 11.5509
internal_count=26623 9498 17125 7666 1832 9559 1107 869 98 7566 3473 2096 617 565 1479 1266 74 213 133 1377 956 50 102 540 4193 3030 2247 2198 2100 62
is_linear=0
shrinkage=0.05


Tree=13
num_leaves=31
num_cat=0
split_feature=7 6 6 6 6 1 7 21 6 6 6 9 21 9 2 10 1 15 14 15 12 14 14 11 15 21 14 1 9 9
split_gain=530.315 115.114 85.2706 36.5913 13.247 14.6014 11.4091 10.2916 9.59861 7.4306 6.82177 6.37227 6.35679 6.36498 6.31577 6.15937 8.51649 7.68204 5.78034 5.7064 5.66188 6.27947 8.89299 9.17209 12.6705 12.6556 7.99223 7.98805 9.20817 7.12007
threshold=0.10362972508591067 1.8500000000000003 39.250000000000007 4.8500000000000005 1.5500000000000003 2.5000000000000004 0.053333712595289573 7.5000000000000009 149.05000000000004 2.5500000000000003 6.5500000000000007 3.4500000000000006 8.5000000000000018 2.5500000000000003 1.0000000180025095e-35 1.5000000000000002 6.5000000000000009 23.500000000000004 1056.5000000000002 15.500000000000002 0.63333333333333341 476.50000000000006 503.50000000000006 2.5000000000000004 -1.0000000180025095e-35 9.5000000000000018 455.50000000000006 5.5000000000000009 9.2250000000000014 2.1000000000000005
decision_type=2 2 2 2 2 8 2 2 2 2 2 8 2 8 2 8 8 10 8 10 10 10 10 10 10 2 10 10 8 8
left_child=2 4 6 9 -2 14 -1 -7 -4 20 12 18 -5 -14 -6 16 -11 19 -8 -17 21 26 23 -23 -25 -26 29 28 -24 -3
right_child=1 3 8 10 5 7 11 -9 -10 15 -12 -13 13 -15 -16 17 -18 -19 -20 -21 -22 22 27 24 25 -27 -28 -29 -30 -31
leaf_value=-0.02348802149543899 0.05024377437524398 -0.032609675062841466 -0.040461324023233762 -0.011394233929090242 0.017632565691999839 -0.00068705190575558104 0.0041884036749118723 0.041096467116519403 -0.058850920086867986 0.0096839658271604453 -0.0040729682735614406 -0.014515554947161764 -0.023466245509276382 0.0088706021740245933 -0.035230272114678496 0.014657878737597616 -0.01163707597181439 -0.029424639568485591 -0.069747887562668351 0.041903067776503294 -0.012678077205539913 0.019588668891787089 0.010974971213016082 -0.04204854997276429 -0.026958413509914861 0.040065806672884924 0.037789025786457126 0.04843465232284886 0.06159082079219444 0.020906470345743774
leaf_weight=402.70430280733854 170.0411411691457 6.6689503043889991 320.66195881552994 51.13152614235878 12.210690073668957 16.655755326151848 70.334045302122831 127.93399006873369 91.122723319102079 375.96005095914006 398.23337091505527 447.22634027525783 15.920027140527962 344.81497822888196 10.516494274139404 578.52273113653064 53.501558624207973 9.6421209350228292 2.7467265576124182 19.879017494618893 13.180206187069414 44.345676057040691 77.969465583562851 20.267963461577892 12.878904290497305 15.542979955673216 91.917975731194019 25.81358877569437 10.155849918723105 91.345392771065235
leaf_count=4432 725 19 6090 277 30 40 515 397 2317 1146 2390 3746 103 1423 32 1618 194 29 25 47 31 121 211 56 36 40 211 62 20 240
internal_value=3.24018e-11 0.013173 -0.0256103 0.00910222 0.0404155 0.0304273 -0.0171693 0.0362833 -0.0445307 0.013864 0.000593182 -0.0122788 0.00510488 0.00744351 -0.00682853 0.0116119 0.00702783 0.0148496 0.00140952 0.015563 0.019562 0.0206326 0.014608 0.00313839 -0.0118442 0.0096949 0.0271977 0.0239733 0.0168081 0.0172652
internal_weight=3929.85 2595.05 1334.8 2257.69 337.358 167.317 923.011 144.59 411.785 1447.59 810.1 520.307 411.867 360.735 22.7272 1037.51 429.462 608.044 73.0808 598.402 410.087 396.907 206.974 93.0355 48.6898 28.4219 189.932 113.939 88.1253 98.0143
internal_count=26623 9498 17125 8274 1224 499 8718 437 8407 4081 4193 4286 1803 1526 62 3034 1340 1694 540 1665 1047 1016 546 253 132 76 470 293 231 259
is_linear=0
shrinkage=0.05


Tree=14
num_leaves=31
num_cat=0
split_feature=7 6 6 6 6 6 6 1 13 14 15 21 14 2 14 14 13 1 6 0 9 9 15 11 21 18 9 5 14 21
split_gain=474.536 107.692 74.5031 28.0046 24.4999 9.48374 8.98332 8.30736 8.44142 9.30447 7.97118 8.32814 5.8583 9.04866 8.29975 6.20513 5.47262 5.65082 5.42573 10.0221 8.29631 9.68872 8.16838 8.45612 10.176 8.1141 6.51057 9.15916 5.7166 5.64575
threshold=0.099504950495049524 2.2500000000000004 39.250000000000007 6.1500000000000012 1.5500000000000003 17.750000000000004 149.05000000000004 2.5000000000000004 1.5000000000000002 442.50000000000006 17.500000000000004 8.5000000000000018 442.50000000000006 1.0000000180025095e-35 483.50000000000006 472.50000000000006 1.5000000000000002 4.5000000000000009 4.2500000000000009 4.5000000000000009 5.7750000000000012 5.9000000000000012 -2.4999999999999996 2.5000000000000004 8.5000000000000018 1540.0000000000002 3.5500000000000003 54.750000000000007 1066.5000000000002 12.500000000000002
decision_type=2 2 2 2 2 2 2 10 2 10 10 2 10 2 10 10 2 10 2 2 10 10 10 10 2 10 10 10 8 2
left_child=2 4 5 18 -2 16 -4 8 9 -6 11 12 -9 15 -15 -14 -1 -18 19 -3 -21 -22 25 -24 -25 28 27 -26 -20 -28
right_child=1 3 6 -5 7 -7 -8 10 -10 -11 -12 -13 13 14 -16 -17 17 -19 22 20 21 -23 23 24 26 -27 29 -29 -30 -31
leaf_value=-0.037095967988605268 0.048757259252613185 0.018794248390297474 -0.039183908631708474 -0.0031882365590592088 -0.01166854897925639 -0.022220158305515089 -0.057498564753873521 0.044945791983000444 -0.0066879135952809575 0.047342415048782789 -0.023139914908029201 0.034535246247608141 -0.051707769147700859 0.057908508719660134 0.0042652014490485871 0.0026395459583794315 -0.00594590959374257 -0.017927629529314076 0.020883942057091275 0.0046125602521339994 0.050136491173401902 0.013342489187473043 -0.011546202741222204 -0.020258041325328408 -0.019938999009671703 -0.014249003125341534 0.0042891060694454789 0.040731983589913812 -0.029727590382278086 0.045575959792317898
leaf_weight=20.308128643780947 159.36286689154804 395.78777924925089 308.26606766367331 499.00364537537098 9.7535831183195132 427.83077788632363 85.531659949570894 12.706568613648413 36.786080688238144 21.196446791291237 7.1997662484645835 233.46046304702759 8.0945808589458483 11.792919024825098 18.557234458625317 14.956642236560581 258.00077575258911 159.07826511003077 149.32509615644813 417.8158963099122 19.928611565381289 175.05071694776416 88.101008458063006 31.341339472681284 7.7604347914457312 20.821288961917162 175.72421845421195 31.351024016737938 5.7958405166864386 8.6896062865853292
leaf_count=180 725 1096 6090 2997 23 4803 2317 25 99 50 21 751 23 24 51 40 2079 1419 563 1183 42 459 446 158 29 95 670 108 31 26
internal_value=2.59401e-11 0.0123587 -0.025133 0.00709546 0.0323374 -0.0169273 -0.0431618 0.0253502 0.00950245 0.0287457 0.0288495 0.030099 0.0144324 0.00717185 0.025109 -0.0164449 -0.01175 -0.0105159 0.0104549 0.0125924 0.00858682 0.0171032 0.00630044 0.0018073 0.00642327 0.015059 0.0101644 0.0286937 0.0189929 0.00623455
internal_weight=3819.38 2560.36 1259.02 2026.5 533.867 865.218 393.798 374.504 67.7361 30.95 306.768 299.568 66.1079 53.4014 30.3502 23.0512 437.387 417.079 1527.49 1008.58 612.795 194.979 518.91 342.968 254.867 175.942 223.525 39.1115 155.121 184.414
internal_count=26623 9735 16888 7903 1832 8481 8407 1107 172 73 935 914 163 138 75 63 3678 3498 4906 2780 1684 501 2126 1437 991 689 833 137 594 696
is_linear=0
shrinkage=0.05


Tree=15
num_leaves=31
num_cat=0
split_feature=7 6 7 6 7 6 1 6 18 5 14 15 15 12 1 9 11 9 15 6 6 6 11 15 14 11 11 5 10 13
split_gain=421.316 89.9178 69.0553 35.826 12.1915 7.63989 8.16239 7.62637 6.55643 8.06877 17.1728 8.36547 8.86203 7.28914 7.44138 7.01915 6.25028 6.05427 6.17741 5.87026 5.84151 5.59113 5.44415 6.96837 5.27867 5.16847 8.02192 5.33863 5.03737 5.77278
threshold=0.099504950495049524 1.7500000000000002 0.031496141102712143 4.8500000000000005 0.012247402020783836 1.5500000000000003 2.5000000000000004 2.5500000000000003 1590.0000000000002 55.500000000000007 442.50000000000006 1.5000000000000002 -1.0000000180025095e-35 0.36666666666666675 4.5000000000000009 4.7750000000000012 1.5000000000000002 4.7750000000000012 -3.4999999999999996 6.5500000000000007 2.3500000000000001 17.750000000000004 7.5000000000000009 17.500000000000004 414.50000000000006 3.5000000000000004 9.5000000000000018 505.00000000000006 1.5000000000000002 4.5000000000000009
decision_type=2 2 2 2 2 2 8 2 10 8 8 8 8 10 10 10 8 10 10 2 2 2 8 10 10 10 10 10 8 2
left_child=2 5 4 7 -1 -2 -7 8 9 17 -11 12 -12 25 -15 -14 -5 -3 -19 -18 -20 -4 23 -21 -24 -13 27 -27 29 -9
right_child=1 3 21 16 -6 6 -8 28 -10 10 11 13 15 14 -16 -17 19 18 20 22 -22 -23 24 -25 -26 26 -28 -29 -30 -31
leaf_value=-0.049309172441596064 0.047425280281671936 0.016021032845521973 -0.01113548499601971 -0.013217035996330393 -0.032652652769798916 -0.0048409976554577008 0.03549501062423488 0.025764756776130871 0.034055772905238028 -0.056664584149575571 0.011390304899667334 0.043683271660558 -0.044030448890564462 -0.040942338558397483 0.031193245450512358 0.011375374543984245 0.0061752634858839688 0.056770673919966777 0.033506032408160795 0.0014468214279706603 -0.0069762338876983082 -0.01970420684271134 0.041961188229776236 -0.064699577830409846 -0.016636879426306286 -0.025176663782584086 0.051179225186029235 0.027536993961863085 0.013897969701638117 0.004903253039739589
leaf_weight=187.36354030529037 149.09063202142715 106.22115334123373 428.25159124471247 78.374793458729982 265.56784316524863 14.707863986492155 85.176238209009171 36.331329366192222 61.017708066850901 9.4278885051608068 73.112403333187103 37.313687458634377 15.338706064969303 7.8145706579089147 6.5901235863566399 9.1120965182781202 361.85797933675349 22.053820930421352 45.468547087162733 284.41800602339208 11.083364047110079 342.7301250807941 4.0342189930379382 4.0381411276757708 81.185790874063969 11.392771515995269 10.488282248377798 8.3040526211261732 593.12430895864964 380.08399092406034
leaf_count=4796 725 293 3678 492 4763 39 282 112 161 25 221 99 46 28 23 26 1597 51 131 1704 34 3651 24 36 577 40 25 22 1694 1228
internal_value=-1.58143e-11 0.0117393 -0.0240477 0.00859515 -0.0395429 0.0402563 0.0295556 0.0133229 0.0188596 0.0163785 0.00911118 0.0125666 0.00267576 0.0243485 -0.00794043 -0.0233823 0.000205827 0.0238057 0.0343252 0.0016361 0.0255721 -0.0149446 -0.00275951 0.000520828 -0.0138629 0.0312391 0.0158561 -0.00295293 0.0109386 0.00672337
internal_weight=3731.08 2507.16 1223.91 2258.19 452.931 248.975 99.8841 1444.28 434.739 373.721 188.895 179.467 97.5632 81.9035 14.4047 24.4508 813.909 184.827 78.6057 735.534 56.5519 770.982 373.676 288.456 85.22 67.4988 30.1851 19.6968 1009.54 416.415
internal_count=26623 9735 16888 8689 9559 1046 321 4259 1225 1064 555 530 293 237 51 72 4430 509 216 3938 165 7329 2341 1740 601 186 87 62 3034 1340
is_linear=0
shrinkage=0.05


Tree=16
num_leaves=31
num_cat=0
split_feature=7 6 6 6 6 7 21 15 1 12 9 6 6 21 13 20 14 14 20 15 9 3 13 11 4 21 14 15 18 11
split_gain=379.219 84.2446 64.129 22.6077 20.6507 14.3915 6.4185 6.89304 6.9833 6.28595 5.22156 5.14889 5.05809 5.90811 4.76566 4.80395 6.43307 4.58047 6.06069 6.42907 4.70461 4.67466 6.41718 4.55459 4.57698 6.11152 4.41737 4.18707 4.18238 4.83188
threshold=0.099504950495049524 2.2500000000000004 54.250000000000007 4.8500000000000005 1.5500000000000003 0.03795080078350041 8.5000000000000018 19.500000000000004 2.5000000000000004 0.63333333333333341 5.7750000000000012 178.95000000000002 6.5500000000000007 8.5000000000000018 1.5000000000000002 1.5000000000000002 485.50000000000006 488.50000000000006 2.5000000000000004 -7.4999999999999991 4.1000000000000005 1.0000000180025095e-35 4.5000000000000009 16.500000000000004 1.0000000180025095e-35 9.5000000000000018 487.50000000000006 -10.499999999999998 1775.0000000000002 5.5000000000000009
decision_type=2 2 2 2 2 2 2 10 10 10 8 2 2 2 2 10 10 10 10 8 10 2 2 10 2 2 10 8 10 10
left_child=2 4 5 -3 -2 26 14 8 10 12 -8 -4 13 -5 -6 16 -16 -14 19 -19 -20 -21 -23 24 28 -26 -1 -7 29 -15
right_child=1 3 11 9 6 27 7 -9 -10 -11 -12 -13 17 23 15 -17 -18 18 20 21 -22 22 -24 -25 25 -27 -28 -29 -30 -31
leaf_value=-0.022750378724746129 0.0461014613268661 0.011087165932093732 -0.041303220346360719 -0.011753142267672555 0.034818856544443215 -0.033931343399299221 -0.0039370821389712145 -0.027553528215806103 0.031887436546911493 -0.052798239143299452 0.040882043962846865 -0.058273202452985152 0.001197300869782077 0.0095573367143915247 0.01229059962972222 0.030855235213732943 -0.022645726941187504 -0.035178336184152802 -0.080076800387723579 -0.0093622983484259702 -0.019744688309951328 -0.028137621297184764 0.019801145386804473 0.052986527341619585 0.061859892636907804 0.0098491757747637479 -0.037043241261908944 -0.012419581197922585 -0.033016659661633752 -0.0041565926270717606
leaf_weight=178.00340832211077 139.83172368817031 1164.1728546340019 203.71524628531188 48.423077506944537 18.028605058789253 23.432139113545418 25.359601743519306 5.5897669270634642 217.16062752529979 5.5624838881194583 8.7375266030430776 57.262569088023156 231.82602031156421 211.4527948256582 35.487708620727062 15.362095244228838 20.958544351160526 17.664294196292758 4.9707282185554496 95.789577582851052 9.2333792671561223 8.7010794486850482 35.310647983103991 5.2796659916639319 8.2567695900797862 17.877130478620529 77.636350987479091 652.88534749764949 7.2571823894977561 92.250352162867785
leaf_count=2624 725 3473 4949 276 44 250 69 18 755 48 27 1750 1478 940 94 39 61 129 40 635 63 58 192 15 22 66 1358 5957 43 425
internal_value=-5.72167e-11 0.0112547 -0.0231196 0.00664063 0.0298814 -0.0169849 0.0233392 0.0273627 0.0285844 0.000168799 0.007548 -0.0450267 0.000539731 0.00459404 0.0118357 0.00606538 -0.00068129 -0.00338698 -0.00957768 -0.00675606 -0.0408579 -0.00316483 0.0103237 0.00690607 0.00618435 0.0262815 -0.027091 -0.0131649 0.00449533 0.00539171
internal_weight=3643.48 2450.54 1192.94 1964.03 486.516 931.957 346.684 256.848 251.258 799.855 34.0971 260.978 794.293 390.797 89.837 71.8083 56.4463 403.496 171.67 157.466 14.2041 139.801 44.0117 342.374 337.094 26.1339 255.64 676.317 310.96 303.703
internal_count=26623 9735 16888 7903 1832 10189 1107 869 851 4430 96 6699 4382 1787 238 194 155 2595 1117 1014 103 885 250 1511 1496 88 3982 6207 1408 1365
is_linear=0
shrinkage=0.05


Tree=17
num_leaves=31
num_cat=0
split_feature=7 7 6 6 6 6 21 11 14 1 11 11 11 9 9 14 2 6 1 14 1 6 9 2 15 15 1 7 5 11
split_gain=337.376 70.58 67.5394 18.9919 15.3709 13.4945 7.42981 7.25732 6.1348 5.41787 5.10979 6.08484 5.05084 6.04594 7.63335 4.97436 8.39492 6.51927 6.95715 6.41649 6.29415 5.07954 7.13656 4.94605 4.87452 5.20542 6.30672 5.20134 5.32489 5.11794
threshold=0.11834733893557424 0.03795080078350041 2.2500000000000004 1.5500000000000003 54.250000000000007 4.8500000000000005 8.5000000000000018 2.5000000000000004 1082.5000000000002 2.5000000000000004 4.5000000000000009 1.5000000000000002 7.5000000000000009 9.4500000000000011 8.1000000000000014 1000.5000000000001 1.0000000180025095e-35 5.5500000000000007 4.5000000000000009 914.50000000000011 6.5000000000000009 5.6500000000000012 3.9000000000000004 1.0000000180025095e-35 -6.4999999999999991 -3.4999999999999996 7.5000000000000009 0.063092110500756318 687.50000000000011 5.5000000000000009
decision_type=2 2 2 2 2 2 2 8 8 10 8 10 8 8 10 10 2 2 10 8 10 2 10 2 8 8 10 2 10 10
left_child=1 4 3 -2 -1 -4 -5 8 -7 -8 11 -3 13 14 15 17 -17 18 23 21 -18 22 -19 -9 -12 26 29 -27 -29 -26
right_child=2 10 5 6 -6 7 9 12 -10 -11 24 -13 -14 -15 -16 16 20 19 -20 -21 -22 -23 -24 -25 25 27 -28 28 -30 -31
leaf_value=-0.02621820644353012 0.044771953212944957 -0.019765141052765597 0.0105093515057064 0.0099516356966012336 -0.043849282088959378 -0.010401679736204365 0.008311794491178727 -0.0057063449958465046 0.060420032612680787 0.029739080606210389 -0.029636318921982509 -0.0032888874249231144 -0.0047118795994473368 -0.046623726750457492 0.038936491403031126 0.024495290235412179 -0.048215002447287797 0.012902491853166664 0.037831104733630189 0.033577656296396752 0.0045006067058590222 0.0031325520604106511 -0.066361865651405352 0.023679354019138937 -0.035936551604222218 -0.022179821132366606 0.043878841486108412 -0.010872083344366068 0.062028206067805125 0.0022872618332945033
leaf_weight=246.27200050558895 131.13013255037367 70.016067182645202 1155.6044107787311 88.982579819858074 248.20876176422462 133.52795972675085 34.210996150970459 28.624770969152451 3.1294526755809775 214.27000425197184 48.117277832701802 280.66094304714352 119.5750638153404 5.1669282987713805 18.734074119478464 10.999639037996529 14.938955858349802 5.120536155998705 32.945165786892176 16.569958720356226 9.1186559796333295 197.96147962287068 6.3752110712230206 28.653102666139603 10.93729825131595 151.73497178778052 7.3872223421931258 202.72611483186483 2.5362480357289305 43.93492041900754
leaf_count=3982 725 639 3473 238 6699 835 98 129 12 771 505 2317 692 40 75 49 81 18 124 64 45 1038 28 106 112 1580 46 1720 13 369
internal_value=-2.56513e-11 -0.0201551 0.011728 0.028624 -0.0350683 0.00729759 0.0223493 0.00141973 -0.00877986 0.026789 -0.0111406 -0.00657853 0.00423682 0.00708868 0.00783867 0.00618033 -0.0116895 0.00816125 0.0195238 0.00362568 -0.028234 0.00125621 -0.0310552 0.00899377 -0.0145635 -0.0128337 0.000507307 -0.0151603 -0.00997132 -0.00533163
internal_weight=3568.17 1312.53 2255.64 468.594 494.481 1787.05 337.464 631.441 136.657 248.481 818.051 350.677 494.784 375.208 370.042 351.307 35.0573 316.25 90.223 226.027 24.0576 209.457 11.4957 57.2779 467.374 419.257 62.2594 356.997 205.262 54.8722
internal_count=26623 17982 8641 1832 10681 6809 1107 3336 847 869 7301 2956 2489 1797 1757 1682 175 1507 359 1148 126 1084 46 235 4345 3840 527 3313 1733 481
is_linear=0
shrinkage=0.05


Tree=18
num_leaves=31
num_cat=0
split_feature=6 6 6 6 6 7 21 2 0 5 14 7 15 15 1 1 14 18 11 14 9 12 13 3 15 6 14 1 10 18
split_gain=307.846 68.5801 48.7329 21.1301 18.0654 9.96435 6.80444 5.39984 5.00066 5.03994 4.9646 4.89095 4.31302 7.2864 4.24979 4.89288 10.6656 4.08225 4.03485 4.03104 3.91398 5.26328 3.60965 3.72426 4.43743 3.84906 3.53768 8.12839 8.00999 10.846
threshold=11.15 2.2500000000000004 54.250000000000007 6.5500000000000007 1.5500000000000003 0.044150325523371413 8.5000000000000018 1.0000000180025095e-35 1.5000000000000002 56.750000000000007 491.50000000000006 0.0056577090807591168 13.500000000000002 8.5000000000000018 9.5000000000000018 6.5000000000000009 440.50000000000006 1.0000000180025095e-35 7.5000000000000009 430.50000000000006 3.4500000000000006 0.36666666666666675 2.5000000000000004 1.0000000180025095e-35 -2.4999999999999996 7.9500000000000011 499.50000000000006 7.5000000000000009 1.5000000000000002 1350.0000000000002
decision_type=2 2 2 2 2 2 2 2 2 10 8 2 10 10 10 10 10 10 8 10 8 10 2 2 8 2 10 10 10 10
left_child=1 4 5 14 -1 10 -6 17 -9 -10 -2 -4 13 20 15 -3 -17 -8 22 -20 21 -7 23 24 -5 -26 28 -28 29 -18
right_child=2 3 11 18 6 12 7 8 9 -11 -12 -13 -14 -15 -16 16 26 -19 19 -21 -22 -23 -24 -25 25 -27 27 -29 -30 -31
leaf_value=0.043450174159722452 -0.019827638997704386 0.0092186274231876777 -0.056137374585827772 -0.053736920004597566 0.0092431235804779598 0.012196380552035237 -0.010411827608429756 -0.024425800596793293 0.009391119516697348 0.030893106854874328 -0.033649319140853 -0.038840704981330638 -0.036252306245957093 0.01196613245358652 0.04273391270300491 -0.061818690332671393 -0.07442797042167236 0.034391330982179905 0.015493703427052728 -0.016598273573480819 -0.014818500441890155 -0.02050222629307755 -0.00012296717108980395 -0.044404783996900586 0.055383201413392674 -0.016544404777067142 0.0051286144188952077 -0.035547542363701216 0.022553203307675601 0.0038059505437939237
leaf_weight=124.07944781705737 239.4763714056462 1378.2276023942977 52.377935937605798 2.8900455571711063 88.809025052934885 32.44873408228159 5.3053729832172385 6.6709288582205764 54.36721482872963 54.643979707732797 89.155956361442804 186.02525349939242 17.990847044624388 31.35425082501024 9.0170545149594528 6.7578110471367827 5.4550326243042973 121.95202309265733 11.074861340224741 84.0213328525424 371.05111332284287 19.825753891840577 348.1887371391058 9.6081709675490856 3.7042576670646667 3.7357167955487967 42.895291574299335 17.209264744073153 46.686031091958284 23.5799700319767
leaf_count=725 3393 4705 1790 26 238 269 17 32 195 199 1551 4909 236 270 27 36 26 426 79 682 3654 179 2346 79 21 31 157 81 153 91
internal_value=4.04121e-11 0.00967796 -0.0227951 0.00567643 0.0271742 -0.0168905 0.0210867 0.0254162 0.0175978 0.0201694 -0.0235774 -0.0426408 -0.0122414 -0.0112913 0.00850935 0.00830643 -0.000510971 0.0325235 -0.00367952 -0.0128609 -0.0130139 -0.000204975 -0.00130775 -0.0219981 -0.00115718 0.0192673 0.00253931 -0.00651787 0.00972856 -0.0108925
internal_weight=3488.59 2448.88 1039.71 1993.05 455.828 801.303 331.749 242.94 115.682 109.011 328.632 238.403 472.671 454.68 1529.83 1520.81 142.583 127.257 463.223 95.0962 423.326 52.2745 368.127 19.9382 10.33 7.43997 135.826 60.1046 75.721 29.035
internal_count=26623 10372 16251 8540 1832 9552 1107 869 426 394 4944 6699 4608 4372 5276 5249 544 443 3264 761 4102 448 2503 157 78 52 508 238 270 117
is_linear=0
shrinkage=0.05


Tree=19
num_leaves=31
num_cat=0
split_feature=7 6 6 6 7 6 6 21 15 18 1 15 6 5 14 15 14 14 1 14 15 11 11 9 10 1 15 10 11 15
split_gain=276.807 57.1268 49.1083 20.4531 10.6948 7.2661 6.1335 6.18814 7.31003 5.94979 4.7248 4.77374 4.70988 3.70053 15.9179 6.94405 5.34687 7.45005 9.86044 7.40628 5.28198 4.63684 5.02746 4.44701 8.70351 5.31169 5.69307 4.18925 6.27276 5.347
threshold=0.099504950495049524 1.7500000000000002 54.250000000000007 6.1500000000000012 0.03795080078350041 2.5500000000000003 1.5500000000000003 7.5000000000000009 8.5000000000000018 1590.0000000000002 7.5000000000000009 -2.4999999999999996 149.05000000000004 55.500000000000007 442.50000000000006 1.5000000000000002 475.50000000000006 505.50000000000006 4.5000000000000009 468.50000000000006 -3.4999999999999996 1.5000000000000002 3.5000000000000004 4.7750000000000012 2.5000000000000004 2.5000000000000004 -3.4999999999999996 1.5000000000000002 2.5000000000000004 1.5000000000000002
decision_type=2 2 2 2 2 2 2 2 8 10 10 10 2 8 8 8 10 10 10 10 10 10 10 10 10 10 10 10 10 8
left_child=2 6 4 5 -1 9 -2 -8 -9 13 -5 -12 -4 23 -15 16 19 21 20 -16 -19 -18 -23 24 27 -25 -27 28 -3 -29
right_child=1 3 12 10 -6 -7 7 8 -10 -11 11 -13 -14 14 15 -17 17 18 -20 -21 -22 22 -24 25 -26 26 -28 29 -30 -31
leaf_value=-0.024518406354774411 0.042285724195597944 0.016536659677087572 -0.037062667247567807 -0.0010015226214176302 -0.011972144748169829 0.0079340087364323034 -0.0072597802504469969 0.036810126228001741 -0.0068800806520008424 0.030745859118398146 0.0052371244864300014 -0.041056296406341425 -0.053034597249439625 -0.062225650881015462 0.0028374552898209567 0.022718111158348181 0.012933663316921043 0.011437515405405432 0.03820334788699082 0.06008250230243041 -0.038719762875395469 -0.059188648261382093 -0.0099167797427695461 -0.013331923723287618 -0.040912459636641516 0.05783297468995427 0.023717717020785525 0.045648573625005698 -0.022356294030240361 -0.0041894087373145952
leaf_weight=234.62922959309071 117.53277842514217 52.506890214979649 163.98600624222308 429.10985201410949 615.29408481344581 1284.9439489990473 12.826548621058462 64.279467578977346 11.249474383890627 56.159476336091757 8.8585883527994174 14.995262587442992 64.237492731772363 7.7089939862489691 17.699689980596307 73.341566979885101 6.000652119517329 10.424976527690889 16.090824000537395 8.2996758706867677 10.57166403532028 11.460069619119169 9.443132381886242 7.0352937877178183 7.3194594457745543 16.421793557703495 47.896187834441662 19.912722587585449 12.917556028813122 7.3750953860580948
leaf_count=3982 725 149 4382 2811 6207 4467 34 246 41 161 62 124 2317 25 56 237 22 29 46 23 37 44 36 19 19 45 152 49 51 25
internal_value=4.31959e-11 0.00964988 -0.0209653 0.00722591 -0.0154357 0.0097635 0.0348032 0.0248498 0.0303028 0.0156613 -0.00220552 -0.0238643 -0.0415582 0.0131874 0.00798438 0.0112982 0.00199102 -0.00577757 0.00875301 0.0211116 -0.0138163 -0.0258082 -0.0369298 0.01838 0.0115777 0.0279162 0.0324281 0.0157217 0.00885754 0.0321788
internal_weight=3420.53 2342.38 1078.15 2136.49 849.923 1683.53 205.888 88.3555 75.5289 398.586 452.964 23.8539 228.223 342.426 171.041 163.332 89.9907 63.9913 37.0875 25.9994 20.9966 26.9039 20.9032 171.385 100.032 71.3533 64.318 92.7123 65.4244 27.2878
internal_count=26623 9735 16888 8689 10189 5692 1046 321 287 1225 2997 186 6699 1064 555 530 293 214 112 79 66 102 80 509 293 216 197 274 200 74
is_linear=0
shrinkage=0.05


Tree=20
num_leaves=31
num_cat=0
split_feature=6 6 6 6 7 6 6 0 5 11 6 0 14 14 20 15 13 18 14 21 14 0 13 14 14 14 5 21 9 21
split_gain=249.847 50.8903 44.786 19.4239 9.65767 6.9904 5.78331 5.48953 9.14042 5.6944 4.95929 8.09003 7.78204 11.3968 9.71633 7.8796 6.90689 8.10631 6.25163 15.733 6.24358 6.13157 4.95334 6.53213 5.90867 15.4354 4.84076 4.81248 6.20838 4.65032
threshold=10.15 1.7500000000000002 54.250000000000007 6.5500000000000007 0.053333712595289573 2.9500000000000006 1.5500000000000003 4.5000000000000009 51.500000000000007 9.5000000000000018 2.3500000000000001 10.500000000000002 487.50000000000006 453.50000000000006 1.0000000180025095e-35 1.5000000000000002 4.5000000000000009 1450.0000000000002 448.50000000000006 10.500000000000002 463.50000000000006 7.5000000000000009 1.5000000000000002 467.50000000000006 445.50000000000006 424.50000000000006 55.500000000000007 7.5000000000000009 1.7083333333333337 9.5000000000000018
decision_type=2 2 2 2 2 2 2 2 10 10 2 2 10 8 8 10 2 10 10 2 10 2 2 10 10 10 10 2 10 2
left_child=1 6 4 5 -2 7 -1 9 -9 22 -10 12 13 18 -14 -16 -15 20 19 21 -18 -12 23 -3 25 -24 -22 -8 -29 -26
right_child=2 3 -4 -5 -6 -7 27 8 10 -11 11 -13 14 16 15 -17 17 -19 -20 -21 26 -23 24 -25 29 -27 -28 28 -30 -31
leaf_value=0.041098135805314906 -0.020324892092325089 0.013769894796711335 -0.040392332760065014 -0.0032396478105118191 -0.0095192217484349768 0.0068498891086650809 -0.0049318625395770024 -0.040869739778710369 0.016650498824961817 0.045886795200857804 -0.0055844959897249748 0.040960767273046948 0.032619658167331415 0.01692876329422667 -0.026948048825519967 0.019669804819854659 -0.057233254795764368 -0.067318365010173936 0.049348650017456253 0.03965212691104153 0.014625300768742678 -0.069095463735758436 -0.030361573489019869 0.061366955021674274 0.0001422418430635723 0.055747340664109871 -0.03489502010033485 -0.017096119921013578 0.033406632353333097 0.017300214568022238
leaf_weight=110.84585879743099 416.27164883445948 15.133441265672447 218.86028914619237 385.2478005439043 410.88387778401375 1129.1820922419429 12.479768976569174 8.7504233233630639 180.63078938983381 18.638397827744484 8.561365030705927 14.187821634113787 34.935353543609381 8.3629666939377767 18.675938244909048 17.612831510603428 7.6009010188281563 12.069830387830732 8.6747257485985738 13.864978685975075 12.904276475310327 6.8336014673113832 6.8328071348369148 13.764717437326906 64.504549454897642 21.835636295378208 7.9910130426287642 6.7107445336878291 65.302132211625576 101.83438097685575
leaf_count=725 6140 43 6699 2703 3973 4270 34 29 579 48 25 37 82 29 56 47 23 35 21 32 32 20 24 29 207 60 25 28 259 309
internal_value=1.03431e-10 0.00916704 -0.0202791 0.00691552 -0.0149572 0.00917253 0.0335869 0.0135133 0.00961033 0.019333 0.010862 0.00479276 0.00154681 -0.00849847 0.0137979 -0.00432197 -0.0244454 -0.032975 0.0120702 0.00101826 -0.0184285 -0.0337761 0.0171226 0.0364412 0.0142597 0.0352242 -0.00431282 0.0237328 0.0287004 0.0106465
internal_weight=3359.98 2313.97 1046.02 2118.63 827.156 1733.38 195.339 604.201 361.657 242.544 352.906 172.276 158.088 86.8637 71.2241 36.2888 48.929 40.566 37.9347 29.2599 28.4962 15.395 223.906 28.8982 195.007 28.6684 20.8953 84.4926 72.0129 166.339
internal_count=26623 9811 16812 8765 10113 6062 1046 1792 1072 720 1043 464 427 242 185 103 144 115 98 77 80 45 672 72 600 84 57 321 287 516
is_linear=0
shrinkage=0.05


Tree=21
num_leaves=31
num_cat=0
split_feature=6 6 7 6 7 6 9 6 15 5 6 21 14 15 3 15 14 5 14 9 15 14 9 20 11 14 14 15 9 15
split_gain=228.88 47.4001 40.9067 18.9123 7.55555 5.787 5.77488 5.06693 6.22943 5.1648 4.97542 4.19669 5.78196 4.0192 3.99466 3.75799 3.88656 6.48489 3.67141 8.43312 7.60015 15.4951 7.27209 6.87847 10.6129 10.622 9.29244 9.2135 8.76283 8.85915
threshold=10.15 1.7500000000000002 0.020942431339526158 6.1500000000000012 0.056657678479712384 149.05000000000004 13.550000000000002 2.9500000000000006 17.500000000000004 57.250000000000007 1.2500000000000002 7.5000000000000009 491.50000000000006 13.500000000000002 1.0000000180025095e-35 8.5000000000000018 526.50000000000011 515.00000000000011 481.50000000000006 10.100000000000001 -1.4999999999999998 419.50000000000006 11.775000000000002 1.0000000180025095e-35 8.5000000000000018 421.50000000000006 474.50000000000006 3.5000000000000004 4.9000000000000012 4.5000000000000009
decision_type=2 2 2 2 2 2 10 2 10 8 2 2 8 8 2 10 10 10 8 10 8 10 10 8 10 10 10 8 8 10
left_child=1 10 5 6 -4 -2 7 8 -3 -10 -1 12 14 15 -12 -6 -17 -18 19 20 21 -9 -21 24 25 -22 27 -27 29 -25
right_child=2 3 4 -5 13 -7 -8 18 9 -11 11 -13 -14 -15 -16 16 17 -19 -20 22 23 -23 -24 28 -26 26 -28 -29 -30 -31
leaf_value=0.048305104873153766 -0.03315821809987838 0.013526400381741466 -0.018712794561624412 -0.0024513787694094846 -0.0089119769908210852 -0.051189246135697614 0.058200422753277525 -0.033612375193155845 -0.048071937198854046 0.0098763021874058374 0.052187939139299158 0.032006846429443778 -0.04220836807302078 -0.028523540381204717 0.00030900931564951484 -0.0089341102595811 0.062209679190059722 -0.0092587782551816732 0.003738487620991192 -0.0418785275367159 0.039846614853790797 0.021565063806450759 0.023525989546383488 0.019800799698404412 0.048705256083592871 -0.012084895543642093 0.03155667998468089 0.013473085176134056 -0.018946969329272062 -0.024749899955539473
leaf_weight=41.24732644110918 187.57900103228167 572.08022038079798 408.38252996001393 447.50285003893077 317.97880715085194 58.338896217290312 5.9766437523066989 13.576192002743481 7.5903604328632328 7.7929010987281808 6.3763430342078218 125.23868101835251 4.5530975945293894 24.200166506692767 8.8752982020378113 12.289500342682006 7.1300187837332469 5.7207332644611597 492.78115180321038 14.056247230619194 23.001098033040762 202.61863235384226 6.0918282121419898 45.921354413032532 17.425954632461071 83.264554385095835 25.356948181986809 61.166112648323178 52.346427595242858 14.741022851318119
leaf_count=289 5044 1745 5908 3073 3050 2317 16 64 25 19 29 665 25 278 38 118 43 54 1861 54 82 661 24 177 52 322 84 221 221 64
internal_value=2.12015e-11 0.00881363 -0.0196662 0.00666277 -0.0140328 -0.0374357 0.00914098 0.00896217 0.0126821 -0.0187163 0.0329822 0.0286247 0.00723725 -0.00882965 0.0219983 -0.00744064 0.0111691 0.0303943 0.00688555 0.00965701 0.0108433 0.0181001 -0.0221033 0.00598942 0.0113374 0.00795975 0.00364004 -0.00126114 -0.00395868 0.00897493
internal_weight=3301.2 2279.58 1021.62 2093.29 775.702 245.918 1645.79 1639.81 587.463 15.3833 186.291 145.043 19.8047 367.319 15.2516 343.119 25.1403 12.8508 1052.35 559.566 539.418 216.195 20.1481 323.223 210.215 192.789 169.788 144.431 113.009 60.6624
internal_count=26623 9811 16812 8765 9451 7361 5692 5676 1789 44 1046 757 92 3543 67 3265 215 97 3887 2026 1948 725 78 1223 761 709 627 543 462 241
is_linear=0
shrinkage=0.05


Tree=22
num_leaves=31
num_cat=0
split_feature=7 6 6 6 6 6 11 9 15 14 14 14 1 15 0 9 7 6 9 6 5 6 6 20 5 21 0 6 14 14
split_gain=207.649 42.69 38.6755 16.0145 6.75646 6.74951 5.5131 6.00771 7.62303 6.62051 10.2382 7.19556 6.83076 7.40688 6.8567 6.62671 6.61641 5.79417 5.37833 7.10784 9.48136 9.36029 8.42546 6.51881 5.98207 5.50018 5.32837 5.26916 4.8909 4.57465
threshold=0.10811126694717159 39.250000000000007 1.7500000000000002 4.2500000000000009 149.05000000000004 17.750000000000004 2.5000000000000004 3.1000000000000005 -6.4999999999999991 495.50000000000006 453.50000000000006 450.50000000000006 3.5000000000000004 -1.0000000180025095e-35 2.5000000000000004 4.1000000000000005 0.15749007936507939 5.1500000000000012 5.1000000000000005 5.5500000000000007 585.00000000000011 4.4500000000000011 4.5500000000000007 1.0000000180025095e-35 50.500000000000007 9.5000000000000018 8.5000000000000018 1.5500000000000003 432.50000000000006 1125.5000000000002
decision_type=2 2 2 2 2 2 8 10 8 10 8 8 10 8 2 10 2 2 10 2 8 2 2 10 10 2 2 2 8 8
left_child=1 5 27 29 -3 -1 7 26 16 10 11 15 14 -14 -11 -10 -9 -16 19 20 21 23 -22 -8 -21 28 -5 -2 -23 -4
right_child=2 4 3 6 -6 -7 18 8 9 12 -12 -13 13 -15 17 -17 -18 -19 -20 24 22 25 -24 -25 -26 -27 -28 -29 -30 -31
leaf_value=-0.0078632378343104093 0.0388009207263314 -0.030797848435624265 0.01098151271489691 -0.013736570897768717 -0.050232557053909048 -0.017233160920643247 0.0078973321644263701 -0.022756703232106105 0.029520194835281038 0.03855201504047729 -0.027836782428193464 0.069026518553264055 0.054988301940754637 0.0038775997142505708 -0.083049744860545366 -0.018076657854865789 0.048067091362109016 -0.010751814377776956 -0.00073390025481067853 0.050388563831828548 0.029585436931284494 -0.040871608156458204 -0.044967329438207589 -0.054162677795486884 0.0002836609435591757 0.034400607857226109 -0.059442110707528799 0.021503413992891723 0.017281041055962523 -0.031070984458893974
leaf_weight=435.66957846842706 99.704118067398667 231.73014257242903 1135.9543651640415 42.414827140048146 55.414217775687575 343.90793361049145 15.488703826442363 4.39761405438185 11.468549627810718 4.6168682966381338 49.167283015325665 4.1723536998033515 12.205138668417929 16.908520936965946 3.9384717158973208 20.180728826671839 13.183817043900488 9.3511028848588449 318.96477469615638 6.1587145589292041 5.8313079588115242 4.1779630761593607 10.824341822415589 5.821906477212905 181.92673977650702 76.663442768156528 7.5050288066267958 78.840055368840694 26.86559615842998 6.5041955113410941
leaf_count=4165 725 6090 3545 270 2317 4803 56 39 63 22 327 16 46 101 21 129 45 57 1743 25 19 25 53 30 1098 264 60 321 127 21
internal_value=5.3151e-11 -0.0180673 0.00886824 0.00687266 -0.0345484 -0.0119967 0.00168549 -0.00558846 -0.000576281 -0.00469543 -0.0130241 0.00730723 0.0103586 0.0253044 -0.0139414 -0.000829286 0.0303521 -0.0321779 0.00390884 0.00834578 0.0166368 0.0212201 -0.0188657 -0.00905702 0.00192431 0.0272106 -0.020608 0.0311628 0.00945463 0.0107421
internal_weight=3239.96 1066.72 2173.24 1994.69 287.144 779.578 852.234 199.51 149.59 132.009 84.9889 35.8216 47.0201 29.1137 17.9064 31.6493 17.5814 13.2896 652.723 333.759 145.673 129.018 16.6556 21.3106 188.085 107.707 49.9199 178.544 31.0436 1142.46
internal_count=26623 17375 9248 8202 8407 8968 4636 1196 866 782 535 208 247 147 100 192 84 78 3440 1697 574 502 72 86 1123 416 330 1046 152 3566
is_linear=0
shrinkage=0.05


Tree=23
num_leaves=31
num_cat=0
split_feature=6 6 6 6 6 2 15 12 10 10 12 0 9 14 21 9 15 6 11 14 14 0 0 6 14 9 14 15 6 21
split_gain=189.142 36.2356 34.4205 19.0439 6.45114 5.72986 15.4856 9.17592 8.52588 6.78287 10.4885 8.34456 15.1015 6.83445 7.3521 6.68253 5.66129 6.18922 5.7112 12.9384 11.3672 5.62839 5.2136 5.16205 5.09479 6.48521 6.23304 4.88753 5.18827 7.73784
threshold=10.15 39.250000000000007 1.5500000000000003 4.8500000000000005 149.05000000000004 1.0000000180025095e-35 19.500000000000004 0.63333333333333341 2.5000000000000004 1.5000000000000002 0.22500000000000003 7.5000000000000009 5.9000000000000012 458.50000000000006 8.5000000000000018 1.1000000000000003 13.500000000000002 3.5500000000000003 6.5000000000000009 463.50000000000006 461.50000000000006 8.5000000000000018 3.5000000000000004 17.750000000000004 481.50000000000006 4.7083333333333348 484.50000000000006 14.500000000000002 2.3500000000000001 9.5000000000000018
decision_type=2 2 2 2 2 2 10 10 8 10 10 2 10 10 2 8 10 2 8 10 10 2 2 2 8 10 10 10 2 2
left_child=2 23 -1 5 -3 15 7 8 9 10 11 -7 -13 -12 22 -4 17 18 20 -20 -10 -22 -15 -2 25 -11 -26 28 29 -17
right_child=1 4 3 -5 -6 6 -8 -9 16 24 13 12 -14 14 -16 27 -18 -19 19 -21 21 -23 -24 -25 26 -27 -28 -29 -30 -31
leaf_value=0.037626928764117121 -0.0081125593531990534 -0.029896810676994373 0.056937459899146739 0.00025404974053747803 -0.049360895881930537 0.006113321281046781 -0.053607994469376447 -0.029480176308845196 0.03065280041404321 0.017794552671728175 0.044885745393565268 -0.0342276340809409 0.040000508121010442 0.009034981695600729 0.0067881511153937554 0.0072187159540370019 0.038455311593011014 -0.017587295414673288 -0.029601196470892752 0.02926262391459078 -0.032538826095370836 0.0090485293060225645 0.060151050164109543 -0.016693598553694414 -0.044574854128680882 0.048866771762159512 0.015692139853792458 0.031139392455648025 0.0093149380401665229 0.028408696078821474
leaf_weight=94.54065352678299 364.47680442547426 225.11774161737412 8.6426405534148198 729.7759794332087 52.498031059280038 103.22922154888511 10.444083645939825 16.105562962591648 14.389305397868155 40.734547212719917 19.774548975750804 35.487010207027197 8.491721570491789 8.2975408732891101 90.057757051661611 75.892265476286411 8.6491344869136793 50.180543668568134 12.174132473766802 40.031874321401119 29.452678810805082 11.24094422906637 12.508339017629622 337.59147548489273 4.4862450435757628 28.570880472660065 98.193187123164535 34.30459051579237 523.57716715149581 99.65284787863493
leaf_count=725 3602 6090 22 4506 2317 360 41 64 36 124 59 135 24 29 340 244 27 194 44 115 97 37 35 4803 22 78 311 101 1667 374
internal_value=9.55171e-11 -0.0182856 0.00811002 0.00679021 -0.0335775 0.0102353 0.0067785 0.00777632 0.00875049 0.0123253 0.00749476 -0.00165677 -0.0198951 0.017807 0.0129771 0.0132282 -0.000929668 -0.00309292 0.0036863 0.0155359 -0.00754443 -0.021051 0.0397656 -0.0122388 0.0201291 0.0306039 0.013059 0.0127131 0.011809 0.0192478
internal_weight=3188.57 979.684 2208.89 2114.34 277.616 1384.57 642.499 632.055 615.95 449.831 277.846 147.208 43.9787 130.638 110.864 742.07 166.119 157.469 107.289 52.206 55.0829 40.6936 20.8059 702.068 171.985 69.3054 102.679 733.427 699.122 175.545
internal_count=26623 16812 9811 9086 8407 4580 2172 2131 2067 1517 982 519 159 463 404 2408 550 523 329 159 170 134 64 8405 535 202 333 2386 2285 618
is_linear=0
shrinkage=0.05


Tree=24
num_leaves=31
num_cat=0
split_feature=7 6 6 6 6 6 18 6 15 15 21 1 20 9 14 11 5 15 15 14 5 9 7 7 15 14 5 14 3 14
split_gain=175.33 33.6064 30.4496 16.8751 6.23499 6.04464 5.45529 4.87643 4.51115 4.35723 5.44359 5.41132 4.34116 5.48658 7.82767 5.56944 4.59261 3.37288 4.29031 4.40324 5.75606 3.46291 4.4111 3.3161 3.29286 3.21022 3.10678 3.06444 6.08115 4.70596
threshold=0.099504950495049524 47.250000000000007 1.5500000000000003 6.5500000000000007 17.750000000000004 2.2500000000000004 2300.0000000000005 178.95000000000002 17.500000000000004 13.500000000000002 8.5000000000000018 2.5000000000000004 1.5000000000000002 2.6333333333333337 446.50000000000006 4.5000000000000009 56.750000000000007 13.500000000000002 8.5000000000000018 526.50000000000011 515.00000000000011 3.4500000000000006 0.064309346567411094 0.54093567251462005 -20.499999999999996 425.50000000000006 53.250000000000007 488.50000000000006 1.0000000180025095e-35 982.50000000000011
decision_type=2 2 2 2 2 2 8 2 10 8 2 10 10 10 10 10 10 8 10 10 10 10 2 2 8 10 10 10 2 10
left_child=1 4 -2 5 17 6 8 -3 9 10 12 23 13 -4 -15 -16 -14 18 21 -20 -21 22 -1 -12 -6 -24 -19 -5 -29 -30
right_child=2 7 3 27 24 -7 -8 -9 -10 -11 11 -13 16 14 15 -17 -18 26 19 20 -22 -23 25 -25 -26 -27 -28 28 29 -31
leaf_value=0.032272298688312481 0.036476125581374551 -0.031330344034289311 0.026037000281703082 0.00084803954845606472 -0.0797162492256734 0.0074315228764953905 -0.029774757203492416 -0.051092221652270502 -0.02333752513789536 0.039296451301914032 0.012806781014614244 0.02311031279845573 -3.911981853815886e-05 0.023249581597527352 -0.039013813090537974 0.0074767209051561263 0.058007869667626444 0.019426445552088813 -0.0087085706063432782 0.060779581777061442 -0.0055462572806588388 -0.010404970410225575 0.039574103865628728 -0.026620909562630996 -0.016708082187504993 -0.0092468118234514951 -0.033400530436733057 -0.01492908386708415 -0.0017285082196793545 0.036965040996196172
leaf_weight=10.846748668700455 89.602035054937005 186.32908894633874 12.716034054756163 206.3808304220438 2.0850436883047223 1417.4133810531348 6.5466443896293631 37.498939712531865 6.9697881191968909 20.981362130492926 13.108250543475153 165.29052289202809 6.8628602772951108 11.733704730868338 21.117097783833746 9.2699418291449529 6.7679269909858704 3.2228418961167362 12.20391126163304 7.7536772042512876 5.6582828853279352 271.99212092114612 3.7621648460626593 8.9906585961580259 376.95100706256926 32.069059688597918 20.40064331702888 108.18245870620012 35.434000492095947 10.097181748598812
leaf_count=90 725 5664 39 1498 40 5276 22 1750 25 68 39 723 23 29 61 30 18 34 122 44 54 2753 28 30 5756 301 252 829 245 55
internal_value=2.00881e-11 -0.0176466 0.00794027 0.00670379 -0.0125541 0.00877787 0.0153503 -0.0346411 0.0163912 0.0173914 0.0155951 0.0200035 0.00352964 -0.0027474 -0.0114373 -0.0248313 0.0287822 -0.00791731 -0.00666326 0.0130233 0.0327978 -0.00824575 0.00433603 -0.00323387 -0.0170547 -0.00412077 -0.0261936 -0.00313265 -0.00847726 0.00685233
internal_weight=3128.24 970.774 2157.46 2067.86 746.946 1707.77 290.355 223.828 283.808 276.838 255.857 187.389 68.4676 54.8368 42.1207 30.387 13.6308 367.909 344.286 25.6159 13.412 318.67 46.678 22.0989 379.036 35.8312 23.6235 360.094 153.714 45.5312
internal_count=26623 16888 9735 9010 9474 6383 1107 7414 1085 1060 992 792 200 159 120 91 41 3678 3392 220 98 3172 419 69 5796 329 286 2627 1129 300
is_linear=0
shrinkage=0.05


Tree=25
num_leaves=31
num_cat=0
split_feature=6 6 6 6 6 6 6 21 6 6 15 0 9 19 5 14 6 9 0 20 14 14 21 18 9 6 12 14 15 1
split_gain=159.393 31.1463 28.6187 14.1441 5.85201 4.73041 4.19391 4.00876 4.57027 3.81968 4.05053 3.88917 4.81222 4.48757 3.68974 7.20088 3.73036 7.06912 6.63693 4.41084 6.31204 6.38782 4.1959 4.00802 3.71196 6.45952 5.34783 3.67908 3.83924 5.18215
threshold=10.15 39.250000000000007 1.7500000000000002 6.5500000000000007 149.05000000000004 1.2500000000000002 17.750000000000004 7.5000000000000009 1.6500000000000001 2.9500000000000006 17.500000000000004 4.5000000000000009 9.7750000000000021 1.0000000180025095e-35 55.500000000000007 443.50000000000006 2.3500000000000001 5.9000000000000012 1.5000000000000002 1.5000000000000002 526.50000000000011 853.50000000000011 9.5000000000000018 1540.0000000000002 2.6333333333333337 2.0500000000000003 0.29166666666666669 457.50000000000006 -2.4999999999999996 7.5000000000000009
decision_type=2 2 2 2 2 2 2 2 2 2 10 2 10 2 10 10 2 10 2 10 10 10 2 10 8 2 8 8 10 10
left_child=2 6 5 9 -3 -1 -2 8 -7 10 11 12 14 -13 15 -4 17 18 -16 20 22 -22 -18 -20 -17 -26 -27 -8 29 -29
right_child=1 4 3 -5 -6 7 27 -9 -10 -11 -12 13 -14 -15 16 24 19 -19 23 -21 21 -23 -24 -25 25 26 -28 28 -30 -31
leaf_value=0.044894776395933422 -0.0077518441083431703 -0.028314429312027264 0.045748704692363522 -0.003009376883929769 -0.047753654368530227 0.015201358598805489 -0.0088579567986686314 0.027215168224923689 -0.045063877475330062 0.0061637614917072724 -0.015419629158414104 -0.027842362536456194 0.053363804694585973 0.0094628712417396243 -0.032801411783518135 0.03678797043545206 -0.029680443042508293 -0.039495243832880278 0.0073124112437042699 0.046033608763977982 0.064665440883410863 0.010385941915598704 0.012210547056399497 0.045208732066704352 0.041950048740396165 0.0082547619370764106 -0.036477992348046967 -0.01503618802692141 -0.024666881316713726 0.028410037805256062
leaf_weight=32.677503293380141 354.65891331108287 213.06374542065896 25.292139004915953 363.43297378718853 47.312881692778319 14.272044435143473 125.02548214513808 108.27726596221328 4.0354338288307181 1068.3311451561749 13.833477824926375 8.2745709493756276 8.8189556933939439 312.95519767515361 7.9712381176650515 14.756818097084759 10.81694069504738 9.4053260833024961 25.309879705309868 11.400976106524466 8.445062994956972 15.133120983839033 13.361013684421776 9.6324667520821077 11.39694372564554 34.489237561821938 8.2867244780063611 60.157329148612916 134.33100532367826 7.7474263929761937
leaf_count=289 3602 6090 77 2703 2317 81 1687 665 11 4270 44 28 28 1019 34 45 34 38 99 30 18 49 38 33 38 109 31 904 2115 97
internal_value=-6.46068e-11 -0.0171356 0.00754311 0.00590402 -0.0318467 0.0279347 -0.0115185 0.0235564 0.00191737 0.00790625 0.0112935 0.0119832 0.0171963 0.00850192 0.0156457 0.0229297 0.00948914 -0.000236734 0.00836751 0.0180908 0.0114199 0.0298274 -0.006531 0.0177592 0.0145568 0.00850092 -0.00041104 -0.0156005 -0.0197688 -0.0100793
internal_weight=3082.9 942.297 2140.61 1981.34 260.377 159.262 681.92 126.585 18.3075 1617.91 549.58 535.747 214.517 321.23 205.698 94.2219 111.476 52.3189 42.9136 59.1571 47.7561 23.5782 24.178 34.9423 68.9297 54.1729 42.776 327.261 202.236 67.9048
internal_count=26623 16812 9811 8765 8407 1046 8405 757 92 6062 1792 1748 701 1047 673 300 373 204 166 169 139 67 72 132 223 178 140 4803 3116 1001
is_linear=0
shrinkage=0.05


Tree=26
num_leaves=31
num_cat=0
split_feature=6 6 6 6 7 6 21 6 15 7 6 14 5 15 9 9 1 6 14 7 18 14 9 2 15 9 14 14 15 13
split_gain=146.146 27.8154 22.8096 19.6953 4.83593 4.47731 4.40597 4.79901 3.76812 5.15422 6.04602 5.11611 4.92833 7.25503 3.8916 4.29097 3.87466 6.7908 3.92679 4.03999 3.92628 3.53416 3.4987 3.48122 13.781 9.19703 12.9746 7.79101 5.73939 5.49277
threshold=12.950000000000001 1.7500000000000002 57.350000000000001 6.5500000000000007 0.03795080078350041 1.2500000000000002 7.5000000000000009 1.6500000000000001 -7.4999999999999991 0.13423423423423425 9.1500000000000004 1111.5000000000002 485.00000000000006 12.500000000000002 5.7083333333333348 4.9000000000000012 4.5000000000000009 6.6500000000000012 495.50000000000006 0.099504950495049524 1865.0000000000002 492.50000000000006 7.9000000000000012 1.0000000180025095e-35 17.500000000000004 10.100000000000001 470.50000000000006 1091.5000000000002 20.500000000000004 4.5000000000000009
decision_type=2 2 2 2 2 2 2 2 10 2 2 8 10 10 8 10 10 2 10 2 10 8 10 2 10 10 10 10 10 2
left_child=1 5 4 23 -2 -1 7 -7 9 10 14 12 13 16 15 -5 17 -10 21 22 -19 -18 -20 27 25 -25 -27 28 -3 -30
right_child=2 3 -4 8 -6 6 -8 -9 11 -11 -12 -13 -14 -15 -16 -17 18 20 19 -21 -22 -23 -24 24 -26 26 -28 -29 29 -31
leaf_value=0.04390778737403421 -0.02055193023067477 0.008639879004192717 -0.035017489911319553 0.00018379050729665586 -0.011024625697011334 0.014104843831899087 0.026582050908428325 -0.046115249421358522 -0.048721094466790633 -0.042523037728014509 -0.023927341533870286 -0.063018624129366124 0.010296451327089 -0.040278640503819407 -0.012589446314879696 0.062682587055190905 -0.0066034420501869962 0.001586304281262327 -0.012098138019021674 -0.036483527310543017 0.041939856220687466 0.035180353956957809 0.06233172021562982 0.0050306292999017788 -0.039966169655446027 -0.029225144326238461 0.055481944983945944 0.061415486093036757 0.058474733274152417 0.0084261005317109415
leaf_weight=30.803546635434031 202.77789219794795 836.21763033606112 171.26382150314748 5.2236614208668488 388.13527459837496 14.306756582111122 104.6791676748544 4.3034769594669333 6.6113942079246035 13.683153223246334 24.200951855629683 3.425311727449297 72.235770728439093 13.261426897719501 8.1144301351159793 5.7908632382750511 94.44885228946805 222.22038026480004 10.418290792033075 22.470224626362324 6.1958501599729052 5.3472141548991194 1.8609150014817704 699.45194282382727 16.606151472777128 5.8953455276787308 19.385304465889931 7.2325109764933577 11.45832385122776 10.510934427380562
leaf_count=289 4236 3111 6445 44 4591 81 665 11 43 106 262 32 540 144 78 28 827 1750 112 200 31 34 12 2704 75 22 61 20 28 41
internal_value=6.44118e-11 0.00634511 -0.0189507 0.0048558 -0.014294 0.0268568 0.0225966 0.000179399 -0.0036479 -0.0157705 -0.00732229 -0.00214048 -0.00168225 -0.00394248 0.0136855 0.0330424 -0.00263862 0.00123495 -0.00940508 -0.0238807 0.0026809 -0.00436461 -0.000818285 0.00758411 0.00506953 0.00610146 0.0357286 0.00973816 0.00930264 0.0345296
internal_weight=3038.54 2276.36 762.177 2122.27 590.913 154.093 123.289 18.6102 515.509 57.0131 43.3299 458.496 455.07 382.835 19.129 11.0145 369.573 235.028 134.545 34.7494 228.416 99.7961 12.2792 1606.76 741.339 724.733 25.2806 865.419 858.187 21.9693
internal_count=26623 11351 15272 10305 8827 1046 757 92 4243 518 412 3725 3693 3153 150 72 3009 1824 1185 324 1781 861 124 6062 2862 2787 83 3200 3180 69
is_linear=0
shrinkage=0.05


Tree=27
num_leaves=31
num_cat=0
split_feature=6 6 6 6 7 6 3 14 15 15 14 11 6 21 14 10 14 14 14 14 10 6 21 15 9 14 1 14 15 9
split_gain=133.482 24.3869 21.2172 17.446 4.47012 4.28133 3.95245 5.15967 3.91056 4.16926 3.94494 3.83257 3.51671 3.3608 3.54952 3.30085 3.41363 3.24965 3.19347 6.56107 9.51952 8.55938 5.71484 5.91731 6.89387 4.27358 10.7198 9.55947 9.09022 8.90394
threshold=12.950000000000001 1.7500000000000002 57.350000000000001 6.5500000000000007 0.03795080078350041 1.2500000000000002 1.0000000180025095e-35 979.50000000000011 17.500000000000004 -10.499999999999998 475.50000000000006 4.5000000000000009 178.95000000000002 11.500000000000002 1003.5000000000001 3.5000000000000004 458.50000000000006 487.50000000000006 483.50000000000006 487.50000000000006 2.5000000000000004 1.9500000000000002 8.5000000000000018 1.5000000000000002 4.5500000000000007 451.50000000000006 6.5000000000000009 445.50000000000006 10.500000000000002 8.3666666666666689
decision_type=2 2 2 2 2 2 2 8 10 10 8 8 2 2 8 10 10 8 8 10 8 2 2 10 10 10 8 10 10 10
left_child=1 5 4 18 17 -1 8 15 9 10 -5 -9 -4 14 -7 -8 -17 -2 25 20 21 -20 -23 24 -24 26 27 29 -27 -3
right_child=2 3 12 6 -6 13 7 11 -10 -11 -12 -13 -14 -15 -16 16 -18 -19 19 -21 -22 22 23 -25 -26 28 -28 -29 -30 -31
leaf_value=0.042963957917494328 -0.015785230937591831 0.014054570265210804 -0.03046485022774971 0.0032392777908155181 -0.010654587726841441 0.014485057189479436 0.0028930844805000111 0.053704496945053672 -0.051623646288774541 -0.0048513561242817605 -0.045062935444055457 -0.00086699932619468218 -0.048767695701675599 0.036933306575479552 0.056541505584625264 -0.00043518849531331335 -0.02889032400212704 -0.029856843854946948 0.036382953908276693 0.0062539140412458897 0.01872011315463817 0.0057121802301128167 -0.057586429387446347 -0.068819517334185912 0.0079932675510612661 0.013659763252371499 -0.032933361122342485 -0.010543924258166243 -0.019780614610657894 -0.017077628909824765
leaf_weight=28.925342351198196 140.40893868822604 246.47614387236536 133.16954019386321 6.3210895657539394 384.16101217921823 86.295913742855191 165.94563681446016 7.9886814914643738 4.8852560166269532 261.06410060822964 12.760640090331433 5.3868278823792943 32.68620850588195 27.241583606228232 5.3266894295811644 24.556315128691494 18.46548580005765 57.967529088724405 5.0822040513157836 676.45019059255719 18.569087103009224 7.5756327733397475 7.6043240241706433 12.570517834275959 8.4721905551850778 487.48192662745714 17.601326167583466 62.421835545450449 21.206320822238922 25.326912553980947
leaf_count=289 2792 947 4695 52 4591 562 1345 39 62 2162 136 41 1750 166 29 223 183 1444 18 2542 77 29 37 56 34 1790 88 255 91 98
internal_value=-5.12964e-11 0.00607957 -0.0182941 0.00470065 -0.013802 0.0257126 -0.00337616 0.00162043 -0.00727382 -0.00650044 -0.0290622 0.0317265 -0.0340719 0.0215145 0.0169301 -0.000306582 -0.0126485 -0.0198971 0.00726694 0.00484973 -0.0110146 -0.0243822 -0.0329078 -0.0431208 -0.0230265 0.0093353 0.0050984 0.00710127 0.0122657 0.0111536
internal_weight=3000.4 2252 748.393 2104.21 582.537 147.79 507.374 222.343 285.031 280.146 19.0817 13.3755 165.856 118.864 91.6226 208.967 43.0218 198.376 1596.84 736.324 59.874 41.3049 36.2227 28.647 16.0765 860.514 351.826 334.225 508.688 271.803
internal_count=26623 11351 15272 10305 8827 1046 4243 1831 2412 2350 188 80 6445 757 591 1751 406 4236 6062 2793 251 174 156 127 71 3269 1388 1300 1881 1045
is_linear=0
shrinkage=0.05


Tree=28
num_leaves=31
num_cat=0
split_feature=6 6 6 6 7 9 12 1 6 15 5 9 15 1 20 7 14 0 14 14 6 9 0 1 15 15 15 11 12 4
split_gain=122.771 25.6281 18.2003 17.4528 4.14683 4.36397 5.5125 4.94014 4.06988 5.16873 7.5213 5.39364 3.7639 7.92885 4.43437 5.3197 5.13509 4.54224 4.25491 4.46883 10.0458 8.28828 8.13055 7.43983 8.14925 7.65206 6.37651 6.31462 6.44983 8.81306
threshold=14.050000000000002 6.5500000000000007 64.850000000000009 1.5500000000000003 0.036166483545231005 3.3666666666666671 0.36666666666666675 5.5000000000000009 2.7500000000000004 17.500000000000004 505.00000000000006 9.1000000000000014 13.500000000000002 4.5000000000000009 1.0000000180025095e-35 0.18350168350168353 881.50000000000011 8.5000000000000018 480.50000000000006 451.50000000000006 3.0500000000000003 8.7750000000000021 6.5000000000000009 5.5000000000000009 10.500000000000002 -4.4999999999999991 10.500000000000002 2.5000000000000004 0.55000000000000016 1.0000000180025095e-35
decision_type=2 2 2 2 2 8 10 8 2 10 8 10 8 10 10 2 8 2 10 10 2 10 2 8 8 8 8 10 10 2
left_child=1 3 4 -1 -2 6 7 -6 9 11 -11 -5 18 14 16 -16 -14 -18 19 20 -10 23 -23 24 -22 -25 27 28 29 -21
right_child=2 -3 -4 8 5 -7 -8 -9 12 10 -12 -13 13 -15 15 -17 17 -19 -20 26 21 22 -24 25 -26 -27 -28 -29 -30 -31
leaf_value=0.032207542790992395 -0.020194288420281616 -0.0037892986673521457 -0.034495953727555144 0.010683546748669313 0.030852556952065752 -0.012908408672377436 -0.022265257391408364 -0.038820929443774119 0.029778738984417043 -0.049079665649174278 0.02773688187639466 0.032175111364393848 0.032169807230993212 -0.037467126665689007 0.036105450964183321 -0.027508310487180523 -0.011919083191593943 0.036975729971213386 0.0015292571187810271 0.001424492079212779 0.0032274177660362642 -0.074126874219627187 0.0052550769287637491 -0.084507441091012159 0.067506823386570464 -0.011302816117552584 -0.041863271286710114 0.017640402957527876 0.036920849861052076 -0.067921724384114632
leaf_weight=74.762844566255808 196.67929646279663 553.1400845060125 142.33964014402591 469.86661075055599 18.393282368779186 311.94662981107831 11.069788156077264 2.9525556899607173 30.136797051876783 8.2476712390780413 5.1928959861397752 31.127478707581758 54.323113593272865 6.653823170810937 4.9575309120118609 9.7496719583868963 15.03583223372698 6.9433445781469336 483.98430007137358 80.831310272216797 166.61740370094776 7.4098142851144058 5.71234349347651 4.3568367995321751 5.0811298415064803 19.760848537087444 5.428595930337905 212.12206777371466 11.801535954698918 4.856939021497964
leaf_count=725 4562 4760 5827 1679 169 4029 127 41 95 35 12 111 200 42 28 53 69 19 1960 338 697 36 23 24 15 101 21 755 44 26
internal_value=-4.45819e-11 0.00557582 -0.0185874 0.00857892 -0.0144021 -0.011094 0.0063669 0.0212153 0.00750842 0.011198 -0.0194008 0.0120188 0.00583727 0.0152215 0.0190736 -0.00606527 0.0239192 0.00352706 0.00495441 0.00794607 0.00279161 -0.00110095 -0.0395703 0.00147698 0.00512966 -0.0245272 0.0118576 0.0127996 0.00226664 -0.00250616
internal_weight=2961.48 2278.1 683.381 1724.96 541.042 344.362 32.4156 21.3458 1650.2 514.435 13.4406 500.994 1135.76 97.6633 91.0095 14.7072 76.3023 21.9792 1038.1 554.116 239.075 208.938 13.1222 195.816 171.699 24.1177 315.04 309.612 97.4898 85.6882
internal_count=26623 11868 14755 7108 8928 4366 337 210 6383 1837 47 1790 4546 411 369 81 288 88 4135 2175 991 896 59 837 712 125 1184 1163 408 364
is_linear=0
shrinkage=0.05


Tree=29
num_leaves=31
num_cat=0
split_feature=6 7 6 6 7 9 6 15 14 15 15 9 15 11 7 21 14 18 11 9 10 5 9 5 7 1 9 14 9 9
split_gain=114.723 32.1172 15.8798 6.23052 4.33323 3.55479 3.43176 4.34545 3.88642 3.39565 3.53455 3.84928 5.43299 3.80829 5.12875 3.72886 4.16783 4.14106 3.26951 3.26405 3.28389 5.38874 3.21304 3.14301 2.87279 4.7788 2.86097 3.76821 2.82637 9.10663
threshold=6.9500000000000011 0.031496141102712143 1.5500000000000003 149.05000000000004 0.063092110500756318 9.2250000000000014 2.7500000000000004 17.500000000000004 877.50000000000011 16.500000000000004 1.5000000000000002 6.9000000000000012 -17.499999999999996 1.5000000000000002 0.13793759512937598 11.500000000000002 427.50000000000006 1625.0000000000002 2.5000000000000004 9.1000000000000014 4.5000000000000009 56.750000000000007 11.550000000000002 51.500000000000007 0.13793759512937598 3.5000000000000004 3.9000000000000004 499.50000000000006 6.7750000000000012 6.9000000000000012
decision_type=2 2 2 2 2 8 2 10 8 10 10 10 8 10 2 2 8 8 10 10 10 10 10 8 2 10 10 8 10 10
left_child=2 3 -1 5 -3 -2 7 19 -9 10 11 12 -6 14 -12 24 -17 18 -18 28 -21 -22 -13 -5 -15 -26 -20 -28 -4 -30
right_child=1 4 6 23 9 -7 -8 8 -10 -11 13 22 -14 15 -16 16 17 -19 26 20 21 -23 -24 -25 25 -27 27 -29 29 -31
leaf_value=0.031120198089130215 -0.02151748361615248 -0.012161799445236253 0.011722268576404397 0.03966281048955099 -0.074739488936153231 -0.040207305662754239 0.0055941196035934103 -0.045328400157434327 0.008570206569437697 -0.029251123044740382 -0.027744700421915652 -0.02266686578103895 -0.0043130462513811165 0.0083991904252265128 0.04585128252736273 0.028042720957835932 -0.06760151847316119 0.018083560136160998 0.012850191664487937 0.042219279893432327 -0.017178761075879286 0.045846772813308123 0.025068035090191093 -0.047165579574566831 -0.060644137904741574 0.009225218371488611 -0.015593665711427285 -0.066018589608211151 -0.046914582144828937 0.0081639717227230107
leaf_weight=71.615137554705143 219.55977815436199 309.60886172764003 406.55362193100154 1.0706198415718962 2.7672331389039755 28.776017342228442 1175.3701537288725 6.5021702796220753 6.8869853019714364 13.8507176451385 19.807629536837343 52.355195309966803 263.43672250024974 144.28498209454119 2.6885601691901675 6.6067163888365021 3.5031090248376122 7.9837994258850804 6.5256370119750491 16.50031861290336 8.087820226326583 5.8407572805881491 3.7796999327838412 39.297834811965004 4.1179267298430187 6.0322725661098957 21.885607914999131 4.4599901363253585 8.7913795895874483 51.276054490357637
leaf_count=725 6311 4425 1450 38 32 931 4943 28 19 170 210 558 2370 1210 15 51 37 56 55 54 37 20 33 2279 29 37 219 52 30 199
internal_value=6.22036e-12 -0.0121864 0.00806038 -0.0266446 -0.00740886 -0.0236832 0.00708077 0.010504 -0.0176046 -0.00480012 -0.00418463 -0.00755421 -0.00504514 0.000581326 -0.0189491 0.00272037 -0.00900685 -0.014525 -0.0216823 0.0112612 0.0271279 0.00925013 -0.0194528 -0.0448628 0.00659045 -0.0191207 -0.0167886 -0.02413 0.0102265 0.000102757
internal_weight=2919.82 1162.4 1757.42 288.704 873.695 248.336 1685.81 510.439 13.3892 564.086 550.235 322.339 266.204 227.896 22.4962 205.4 50.9649 44.3581 36.3743 497.05 30.4289 13.9286 56.1349 40.3685 154.435 10.1502 32.8712 26.3456 466.621 60.0674
internal_count=26623 19118 7505 9559 9559 7242 6780 1837 47 5134 4964 2993 2402 1971 225 1746 470 419 363 1790 111 57 591 2317 1276 66 326 271 1679 229
is_linear=0
shrinkage=0.05


Tree=30
num_leaves=31
num_cat=0
split_feature=6 6 6 6 15 15 1 14 13 2 15 9 14 14 14 21 6 5 18 15 9 15 15 5 14 20 1 6 13 15
split_gain=105.207 22.2446 16.863 13.9473 4.04609 3.28731 3.15265 4.5609 3.35283 3.02899 7.43356 6.49236 8.60472 6.0096 5.57927 6.40398 5.21569 6.5849 6.08655 5.92013 5.1809 4.96 6.80018 9.5985 11.514 7.55798 6.66581 5.20307 5.02009 5.45658
threshold=14.050000000000002 6.5500000000000007 64.850000000000009 1.5500000000000003 12.500000000000002 -9.4999999999999982 6.5000000000000009 427.50000000000006 1.5000000000000002 1.0000000180025095e-35 17.500000000000004 10.100000000000001 469.50000000000006 1091.5000000000002 426.50000000000006 9.5000000000000018 2.3500000000000001 585.00000000000011 1.0000000180025095e-35 1.5000000000000002 10.900000000000002 13.500000000000002 4.5000000000000009 54.250000000000007 843.50000000000011 1.0000000180025095e-35 4.5000000000000009 3.7500000000000004 4.5000000000000009 17.500000000000004
decision_type=2 2 2 2 10 8 8 10 2 2 10 10 10 10 8 2 2 10 10 8 8 10 10 8 10 10 8 2 2 8
left_child=1 3 4 -1 5 -2 8 -8 -3 11 14 13 20 16 15 -11 18 21 -5 -19 -13 22 -18 25 26 27 -25 -24 -23 -30
right_child=2 6 -4 9 -6 -7 7 -9 -10 10 -12 12 -14 -15 -16 -17 17 19 -20 -21 -22 28 23 24 -26 -27 -28 -29 29 -31
leaf_value=0.030064128814981009 -0.031559032815710562 -0.019600025661374771 -0.033649046767360663 -0.029195407934337197 -0.035117493483970946 -0.011840360202687833 0.045143479698871843 -0.016125033773963356 -0.0011386477157446344 -0.073592494124237337 -0.028849855698458549 -0.078078953581476901 0.016515788431951919 0.056000055464213883 0.0059630295437240822 0.0099654893418899895 0.0098846887756407313 -0.040511638568234309 0.019711444948918147 0.0061627891880091813 -0.01740547781651057 0.046169313366206971 0.016529275859373218 0.0025691019308300631 -0.036351162901628147 -0.053224416297299099 0.037457772712524831 -0.033125511619136544 0.036675700852661211 -0.014880195000561508
leaf_weight=68.696450426243246 22.112843610811979 26.044672774150968 131.48765636747703 6.6415576189756385 20.993282187730074 478.52048086188734 3.17803681641817 68.688874102197587 441.44877752382308 4.7500875405967218 16.121492054313421 5.6638123132288465 11.955311149358748 6.9938254058361045 725.38505596574396 4.43306839838624 506.62050020694733 13.235312286764382 150.96142253279686 13.95916359126568 9.2885603588074446 17.117394644767046 11.494072034955026 35.06147781945765 12.734471648931502 14.356444653123615 22.461213421076536 9.7515232954174262 9.7454672604799253 10.841717828065159
leaf_count=725 452 265 5827 22 440 8036 24 685 3786 27 81 27 53 21 2895 19 1908 48 598 53 53 51 36 158 55 72 80 49 33 44
internal_value=3.44144e-11 0.00517383 -0.0176468 0.00799793 -0.0136131 -0.0127113 -0.00366596 -0.0134157 -0.00216716 0.00706196 0.00473564 0.00907183 -0.0151052 0.00984447 0.00547274 -0.0332558 0.00945787 0.00755173 0.0176505 -0.0165532 -0.040388 0.00855994 0.00747641 -0.00404914 0.00666851 -0.0251994 0.0161923 -0.00626179 0.0261611 0.0095251
internal_weight=2880.74 2227.63 653.114 1688.27 521.627 500.633 539.36 71.8669 467.493 1619.57 750.69 868.883 26.9077 841.976 734.568 9.18316 834.982 677.379 157.603 27.1945 14.9524 650.184 612.48 105.859 70.2572 35.602 57.5227 21.2456 37.7046 20.5872
internal_count=26623 11868 14755 7108 8928 8488 4760 709 4051 6383 3022 3361 133 3228 2941 46 3207 2587 620 101 80 2486 2358 450 293 157 238 85 128 77
is_linear=0
shrinkage=0.05


Tree=31
num_leaves=31
num_cat=0
split_feature=7 6 6 6 6 7 14 14 5 15 0 6 9 15 0 15 9 6 14 14 5 14 14 14 0 20 7 18 15 14
split_gain=98.6924 21.4281 14.3328 9.5534 3.91692 3.60758 3.28311 5.09238 4.05414 3.76282 4.06686 3.50895 10.5428 5.67173 7.37231 7.06973 6.85666 7.14511 4.78384 4.67315 7.13209 4.66395 4.69956 4.05841 4.75548 4.08244 6.45144 5.56114 5.3252 4.05981
threshold=0.099504950495049524 47.250000000000007 1.5500000000000003 6.5500000000000007 178.95000000000002 0.03795080078350041 1125.5000000000002 1108.5000000000002 642.50000000000011 3.5000000000000004 3.5000000000000004 4.2500000000000009 2.3666666666666671 13.500000000000002 6.5000000000000009 1.5000000000000002 3.2250000000000005 5.0500000000000007 1046.5000000000002 499.50000000000006 505.00000000000006 417.50000000000006 404.50000000000006 417.50000000000006 4.5000000000000009 1.0000000180025095e-35 0.18350168350168353 1450.0000000000002 5.5000000000000009 472.50000000000006
decision_type=2 2 2 2 2 2 8 10 10 10 2 2 8 8 2 10 10 2 10 10 10 10 10 10 2 10 2 8 10 10
left_child=1 5 -2 6 -3 -1 7 8 11 10 -10 -4 -13 15 -15 18 -17 19 21 -18 -21 22 -14 -19 25 27 -27 28 -25 -26
right_child=2 4 3 -5 -6 -7 -8 -9 9 -11 -12 12 13 14 -16 16 17 23 -20 20 -22 -23 -24 24 29 26 -28 -29 -30 -31
leaf_value=-0.017048628738742692 0.029010559932265756 -0.026516102444899728 0.0087389365020501906 -0.0024605523979255228 -0.047017855960776518 -0.0082213448866380913 -0.021157556209285003 0.041506602258890968 0.0046975241848591044 0.016726921485557655 -0.047158750644753722 -0.037123658686808877 0.020995507706639525 0.00060008671259645949 0.039939910196939897 0.017089065634495908 -0.014485671912104956 0.043694648941454813 -0.036379356643266712 -0.082062488919736817 -0.014633022787318137 0.010047631958313255 -0.054121587131984776 -0.023638129384644296 -0.041413627538581042 -0.067578066191328265 0.020530097400692282 0.052988951641933714 0.026905826500768074 -0.0062931561807437145
leaf_weight=148.90510678384453 65.807393006980419 151.25803507724777 1069.9795468254015 330.30510590504855 27.538730864413083 519.74731614161283 10.374749485403298 10.657977290451525 6.11711864918471 6.9382387921214095 9.899916308000682 15.374476391822098 3.2850222047418338 22.649302955716848 25.114283084869385 27.097162364050746 25.826767637394369 4.5782660357654086 5.9809891544282427 8.0172949507832509 7.6762949749827376 261.15666988305748 5.6865870505571365 9.6937713138759189 11.846719199791549 4.0916153937578184 4.2208359725773335 7.7989665158092967 11.26944664493203 26.94241845048964
leaf_count=3267 725 5664 3791 2627 1750 6207 37 34 26 32 35 119 19 136 89 135 144 19 32 47 34 1179 41 55 83 34 20 30 53 159
internal_value=2.26599e-11 -0.0142985 0.00606351 0.00528212 -0.0296738 -0.0101871 0.00687826 0.00706097 0.0068288 -0.0140306 -0.0273541 0.00713608 0.00362391 0.00494857 0.0212851 0.00311331 -0.00566177 -0.0107165 0.00785061 -0.0275615 -0.0490803 0.00882991 -0.0266169 -0.00202185 -0.00478077 0.00802384 -0.0228391 0.0169434 0.00353339 -0.0170194
internal_weight=2845.84 847.449 1998.39 1932.58 178.797 668.652 1602.27 1591.9 1581.24 22.9553 16.017 1558.29 488.307 472.932 47.7636 425.169 149.06 121.962 276.109 41.5204 15.6936 270.128 8.97161 80.442 75.8638 37.0746 8.31245 28.7622 20.9632 38.7891
internal_count=26623 16888 9735 9010 7414 9474 6383 6346 6312 93 61 6219 2428 2309 225 2084 813 678 1271 225 81 1239 60 453 434 192 54 138 108 242
is_linear=0
shrinkage=0.05


Tree=32
num_leaves=31
num_cat=0
split_feature=7 6 6 7 7 14 6 14 14 5 1 1 15 5 14 15 15 20 9 5 9 14 21 14 15 4 21 18 10 18
split_gain=90.6858 20.1571 12.9086 8.45109 4.37732 4.22658 3.13539 2.90227 2.88875 2.93256 3.04247 2.99012 2.77755 2.74151 2.68356 2.5504 5.18185 2.89581 3.23836 3.13029 2.52692 5.16638 6.86514 5.1356 5.14333 4.77946 8.07025 5.86837 5.83576 6.31678
threshold=0.099504950495049524 54.250000000000007 1.5500000000000003 0.16001024065540195 0.03795080078350041 1125.5000000000002 178.95000000000002 487.50000000000006 1108.5000000000002 642.50000000000011 9.5000000000000018 6.5000000000000009 -23.499999999999996 53.250000000000007 1091.5000000000002 11.500000000000002 8.5000000000000018 1.5000000000000002 8.9000000000000021 505.00000000000006 4.5500000000000007 1003.5000000000001 9.5000000000000018 932.50000000000011 -2.4999999999999996 1.0000000180025095e-35 12.500000000000002 1450.0000000000002 1.5000000000000002 1215.0000000000002
decision_type=2 2 2 2 2 10 2 8 10 10 10 8 8 8 10 10 10 8 10 10 8 8 2 10 10 2 2 8 10 10
left_child=1 4 -2 -4 7 8 13 -1 9 10 12 -11 -5 -3 20 16 -6 18 -18 -19 25 23 -23 -22 -25 26 -14 -28 29 -27
right_child=2 6 3 5 15 -7 -8 -9 -10 11 -12 -13 14 -15 -16 -17 17 19 -20 -21 21 22 -24 24 -26 28 27 -29 -30 -31
leaf_value=-0.01299153593656667 0.028066919266266567 -0.0071840889315335603 -0.0016562943503822499 0.043301347021846251 -0.0083260149634767269 -0.029741466957928155 -0.046267715937553092 -0.027315502310845226 0.033110837749373012 -0.0014237199877409632 0.036187112286968456 -0.046103754034092892 0.0042446191306910151 -0.030023842175874477 0.04016160841997031 -0.023243580832990551 -0.021063276014028263 0.045319180511427248 0.044185616282706536 -0.0011084849028304667 0.0083796457792626525 -0.061046081214805627 -0.0003776580190114007 0.049349353288278601 0.011770474069513474 -0.0092322785581408287 0.00041781357397041336 -0.052923588593562471 -0.017583499038348077 0.038549489903080256
leaf_weight=123.00798568455502 63.173569502308965 14.992891304427756 373.21129991300404 5.1997390612959862 463.6636650133878 7.903956562280654 26.219621043652296 49.631645306479186 10.452922180294989 16.044731020927433 8.8726869244128448 4.8845382183790198 626.22613831423223 106.22822079900652 5.9657494127750388 25.766274249646813 8.0669061020016688 9.8608875963836891 2.4881172515451899 5.7461193874478331 720.69877440016717 5.6944249942898777 25.743645582348108 15.557281907647846 21.955342184752226 8.9437835551798326 9.8486389964818972 10.821935057640074 8.669649161398409 30.521311897784472
leaf_count=2621 725 589 2908 15 5535 27 1750 1361 34 59 30 32 2496 4360 25 410 103 74 19 66 2870 23 97 41 73 36 46 56 37 105
internal_value=-5.07232e-12 -0.0138126 0.00582856 0.00509579 -0.0102184 0.00672788 -0.03059 -0.0171095 0.00691553 0.00673605 0.00699459 -0.0118513 0.00682143 -0.027199 0.00669418 -0.00791096 -0.00710442 0.0145456 -0.00568227 0.0282256 0.0065597 0.00849494 -0.0113666 0.00931847 0.0273552 0.00436101 0.00322999 -0.0275087 0.0195611 0.0277209
internal_weight=2816.06 835.672 1980.39 1917.22 688.232 1544.01 147.441 172.64 1536.1 1525.65 1504.72 20.9293 1495.85 121.221 1490.65 515.592 489.826 26.162 10.555 15.607 1484.68 789.649 31.4381 758.211 37.5126 695.031 646.897 20.6706 48.1347 39.4651
internal_count=26623 16888 9735 9010 10189 6102 6699 3982 6075 6041 5950 91 5920 4949 5905 6207 5797 262 122 140 5880 3104 120 2984 114 2776 2598 102 178 141
is_linear=0
shrinkage=0.05


Tree=33
num_leaves=31
num_cat=0
split_feature=7 6 6 6 12 12 6 18 14 1 6 14 18 9 15 6 14 11 9 2 15 14 9 0 15 15 5 15 9 15
split_gain=83.2535 19.4856 11.5153 8.52083 3.95391 4.52474 3.70132 4.018 4.4331 3.61786 3.57285 3.55752 3.92414 5.05889 6.91878 3.49492 3.75043 5.42357 3.22709 3.17705 7.80814 4.07887 3.59567 3.59188 3.50648 6.46077 6.29718 7.98738 10.8304 6.11501
threshold=0.099504950495049524 47.250000000000007 1.5500000000000003 4.8500000000000005 0.22500000000000003 0.29166666666666669 9.1500000000000004 1625.0000000000002 512.50000000000011 9.5000000000000018 149.05000000000004 427.50000000000006 1265.0000000000002 5.366666666666668 1.0000000180025095e-35 5.0500000000000007 486.50000000000006 1.5000000000000002 8.9000000000000021 1.0000000180025095e-35 19.500000000000004 1076.5000000000002 1.1000000000000003 11.500000000000002 6.5000000000000009 3.5000000000000004 532.50000000000011 10.500000000000002 4.4500000000000011 13.500000000000002
decision_type=2 2 2 2 10 10 2 8 10 10 2 10 8 8 8 2 10 10 8 2 10 10 8 2 10 10 10 10 10 10
left_child=1 -1 -2 19 9 -6 7 15 -9 11 -3 12 13 -5 -15 -7 17 -17 -14 21 24 22 -4 -24 25 -21 27 -26 -29 -30
right_child=2 10 3 4 5 6 -8 8 -10 -11 -12 -13 18 14 -16 16 -18 -19 -20 20 -22 -23 23 -25 26 -27 -28 28 29 -31
leaf_value=-0.0094689259901811432 0.027041119424473233 -0.02493166719183328 0.044665308053355404 -0.041821841102499854 -0.065937209639632469 0.044190179852214011 -0.049275230744598782 -0.062251677231647568 0.018849178192962456 0.048453515923303318 -0.043176873154053275 0.00022696810339215202 0.030608086435473848 -0.034146830188907816 0.045125032373522944 -0.020201817567823084 -0.015991762084374559 0.026242064390753439 -0.019948159113706235 0.0057915843793220258 -0.04646850762202185 0.05232154785375645 0.0083301804459834355 0.030233215854518741 0.021297410189194406 -0.011984328417384142 0.036934713266733886 -0.06890511978610922 -0.02165459500459252 0.034384220075542753
leaf_weight=655.86009478196502 60.674192599020898 133.29538292111829 7.1380449011921874 6.0113410167396095 3.4885341003537169 4.1236600056290618 4.9822244122624388 5.6126968301832658 2.4078442007303238 4.1162437237799159 33.594877530355006 533.22615480981767 27.880955874919895 4.4699990935623619 7.1639018654823312 9.7416844330728072 29.112707076594234 17.719694178551435 3.5594425275921813 425.37894654087722 7.3726450800895682 5.5751109719276419 627.91964915208519 19.292844105511904 37.519601535052061 58.097906198352575 23.096531823277473 6.8121537156403091 10.51482128351927 9.064920421689747
leaf_count=9474 725 5097 22 51 31 21 55 45 16 23 2317 3537 158 34 41 82 200 108 28 1581 41 18 2300 68 136 233 75 34 40 32
internal_value=8.78732e-11 -0.0133505 0.0055982 0.00491395 0.000342675 -0.0102952 -0.00766142 -0.00464433 -0.0379044 0.00174289 -0.0286044 0.0014127 0.0142935 -0.00457746 0.014667 -0.000249376 -0.00348856 0.0097665 0.0248845 0.00736477 0.00465772 0.00973517 0.00937233 0.00898309 0.00531844 0.00365551 0.0145589 0.00647261 -0.0146028 0.00428995
internal_weight=2784.82 822.75 1962.07 1901.4 663.617 77.189 73.7005 68.7183 8.02054 586.428 166.89 582.312 49.0856 17.6452 11.6339 60.6977 56.5741 27.4614 31.4404 1237.78 577.858 659.926 654.351 647.212 570.485 483.477 87.008 63.9115 26.3919 19.5797
internal_count=26623 16888 9735 9010 4430 558 527 472 61 3872 7414 3849 312 126 75 411 390 190 186 4580 2172 2408 2390 2368 2131 1814 317 242 106 72
is_linear=0
shrinkage=0.05


Tree=34
num_leaves=31
num_cat=0
split_feature=6 6 6 6 21 15 11 15 14 20 5 15 9 15 21 1 14 14 11 18 5 14 14 9 0 6 6 14 11 6
split_gain=76.8995 14.8542 14.0397 8.77182 3.18066 3.09017 2.95775 2.93692 6.27534 4.81224 4.74594 5.65636 4.43369 5.51638 3.30344 3.26792 4.32896 3.023 2.98849 3.13232 2.89341 2.84756 3.55869 4.31955 2.72452 3.62922 2.7481 2.7194 2.67077 2.64401
threshold=12.950000000000001 54.250000000000007 6.5500000000000007 1.5500000000000003 10.500000000000002 -20.499999999999996 9.5000000000000018 -7.4999999999999991 1111.5000000000002 1.0000000180025095e-35 485.00000000000006 12.500000000000002 3.2916666666666674 6.5000000000000009 10.500000000000002 4.5000000000000009 495.50000000000006 1076.5000000000002 14.500000000000002 1865.0000000000002 677.50000000000011 493.50000000000006 516.50000000000011 2.6333333333333337 2.5000000000000004 7.1500000000000012 8.9500000000000011 492.50000000000006 3.5000000000000004 19.750000000000004
decision_type=2 2 2 2 2 8 8 8 10 10 10 10 10 10 2 10 8 8 10 10 10 8 10 8 2 2 2 10 10 2
left_child=2 4 3 -1 5 -2 28 9 10 20 11 15 13 -12 -13 18 27 24 19 -9 -4 29 23 -23 25 -14 -27 -17 -3 -6
right_child=1 6 7 -5 21 -7 -8 8 -10 -11 12 14 17 -15 -16 16 -18 -19 -20 -21 -22 22 -24 -25 -26 26 -28 -29 -30 -31
leaf_value=0.025950602433643152 -0.077131587180054473 -0.049125223348348374 -0.030591847579059674 0.006199216993078664 0.0031472409003423397 -0.014009003364949211 -0.042029541396497172 0.00074477420688887227 -0.076007319917909891 0.014359128806686891 -0.062919883214796773 -0.01721903499261301 0.072150265651396123 0.030944163148953568 -0.071632598279627674 -0.005632542862498687 -0.025288219813640531 0.045348637992675918 -0.053928120951877191 0.036477018894380257 0.033315164559906824 0.038281891167205172 0.00091106943864209143 -0.03529158382236755 0.005133905539023615 -0.021958140501554736 0.036720866414668291 0.031944749072610322 -0.022474931859335846 -0.008984446021687199
leaf_weight=58.312350323423743 1.9516830304637549 10.472855567000805 26.857038339599971 1561.2017898596823 77.535985803231597 295.80035876855254 35.063904859125614 221.47827725671232 2.8224092945456496 9.6938648102805001 4.2113975472748271 7.5589279867708665 3.8259350657463065 2.491236038506031 4.4204491805285215 86.41454737726599 30.505183159373701 7.1512116044759741 2.4371906779706469 6.307847134768962 1.8961852677166451 2.1713898014277246 15.321941840462385 24.554032213054597 44.594359116628766 3.3194540087133628 5.0018623434007168 5.0987013801932326 91.851751375594176 106.73971696943045
leaf_count=725 47 491 285 6383 909 4819 1945 1878 32 91 43 84 16 17 60 827 327 47 29 33 13 21 237 487 364 28 35 34 4263 2053
internal_value=1.39978e-11 -0.0148631 0.00469145 0.00691039 -0.0110267 -0.0144228 -0.0294971 -0.00285676 -0.00169277 -0.0161063 -0.00121039 -0.00351016 0.0106547 -0.0280325 -0.0372979 -0.00236107 -0.00897634 0.0147132 0.00114502 0.00173427 -0.0263774 -0.00655894 -0.0183 -0.0293139 0.0108522 0.0318447 0.0133132 -0.00353891 -0.0252026 -0.00387991
internal_weight=2757.06 661.464 2095.6 1619.51 524.075 297.752 137.389 476.086 437.639 38.4471 434.817 364.221 70.5955 6.70263 11.9794 352.242 122.018 63.8928 230.223 227.786 28.7532 226.323 42.0474 26.7254 56.7416 12.1473 8.32132 91.5132 102.325 184.276
internal_count=26623 15272 11351 7108 8573 4866 6699 4243 3854 389 3822 3272 550 60 144 3128 1188 490 1940 1911 298 3707 745 508 443 79 63 861 4754 2962
is_linear=0
shrinkage=0.05


Tree=35
num_leaves=31
num_cat=0
split_feature=7 6 6 6 7 11 9 14 9 14 7 15 15 0 0 14 14 3 20 18 11 15 21 7 9 14 13 1 7 6
split_gain=70.6823 18.1048 9.12962 6.10343 4.53039 2.79744 3.53036 3.11727 2.9888 3.83147 4.0395 3.73747 3.9099 5.36922 4.65604 5.54103 6.74921 6.11641 4.91665 3.5388 3.5104 3.97397 3.50908 3.76307 3.32422 4.03901 3.31414 3.27147 3.19306 5.27478
threshold=0.099504950495049524 64.850000000000009 1.5500000000000003 6.5500000000000007 0.03795080078350041 7.5000000000000009 9.3666666666666689 423.50000000000006 3.4500000000000006 442.50000000000006 0.14815627743634771 16.500000000000004 4.5000000000000009 8.5000000000000018 6.5000000000000009 496.50000000000006 1022.5000000000001 1.0000000180025095e-35 1.0000000180025095e-35 1775.0000000000002 5.5000000000000009 -1.4999999999999998 13.500000000000002 0.10152545866831582 2.4500000000000006 462.50000000000006 3.5000000000000004 3.5000000000000004 0.13072453861927549 8.5500000000000025
decision_type=2 2 2 2 2 10 10 10 8 10 2 10 10 2 2 8 10 2 8 8 10 10 2 2 10 8 2 10 2 2
left_child=1 4 -2 -4 -1 6 8 -7 9 -5 19 12 14 28 18 22 17 -17 20 24 21 -10 23 -16 25 -11 -26 -23 29 -14
right_child=2 -3 3 5 -6 7 -8 -9 11 10 -12 -13 13 -15 15 16 -18 -19 -20 -21 -22 27 -24 -25 26 -27 -28 -29 -30 -31
leaf_value=-0.016214096360650403 0.024965633811798928 -0.031513040518335013 0.0058504090309481659 -0.051146153747954837 -0.0070715623240289131 0.026617272968983575 -0.045974303261441564 -0.015399473985908289 -0.0097529563470556465 0.056696266870271406 -0.058641064936624882 -0.049752831590891937 -0.023954528145473098 -0.022772306624393363 0.073622821622429807 -0.053830640897035577 0.033183874342486971 0.018100008250807251 0.0042007479150112503 0.053165899075321522 0.0071475192544654623 -0.001869120474492158 0.070223290807188837 0.01288128549534223 0.037964683705896382 -0.0048177050657481832 -0.021582324770642126 -0.056208275458151137 0.041441121429538652 0.028332216204068502
leaf_weight=186.02367983292788 56.462602219544351 108.77929659152869 1558.4246768085286 5.0908826924860469 498.91095088701695 4.8256978988647452 4.0348224490880957 51.791506497189403 17.350079208612442 4.1420170180499527 3.2701487839221945 3.2188050337135783 6.9166525658220079 7.0645370632410041 2.7228212356567374 9.194820290431382 5.9468172751367083 4.3551606927067033 52.204032691195607 2.8194357659667721 10.197907857596872 3.5528233908116844 3.3033417239785186 40.13272818364203 2.6114143468439606 7.5010737376287588 22.206976836547256 12.568529361858962 16.364311957731843 15.938733542338012
leaf_count=4854 725 5827 6383 56 6207 32 41 491 166 28 30 42 59 62 15 100 37 35 406 16 88 33 14 288 19 72 193 122 84 98
internal_value=9.77186e-12 -0.012564 0.00515571 0.00456004 -0.00955461 -0.00173739 0.000435161 -0.0118182 0.00115906 -0.0101525 -0.00524793 0.00371272 0.00454084 0.0173531 0.000869648 0.0111277 -0.0112222 -0.0307111 -0.00615525 -0.000802932 -0.0185352 -0.0263601 0.020568 0.0167405 -0.00497615 0.0170658 -0.0153167 -0.044233 0.0245808 0.0125088
internal_weight=2727.93 793.714 1934.21 1877.75 684.935 319.326 262.709 56.6172 258.674 47.6419 42.5511 211.032 207.813 46.2842 161.529 65.6557 19.4968 13.55 95.8734 39.2809 43.6693 33.4714 46.1589 42.8555 36.4615 11.6431 24.8184 16.1214 39.2197 22.8554
internal_count=26623 16888 9735 9010 11061 2627 2104 523 2063 414 358 1649 1607 303 1304 489 172 135 815 328 409 321 317 303 312 100 212 155 241 157
is_linear=0
shrinkage=0.05


Tree=36
num_leaves=31
num_cat=0
split_feature=7 6 6 6 11 9 14 14 18 3 0 14 5 9 11 0 5 6 15 15 14 15 9 15 15 6 6 14 18 12
split_gain=66.2867 16.7964 7.99189 4.60222 3.74714 6.02008 6.62079 3.58891 3.58109 4.7152 4.92366 3.74233 3.7286 3.47729 3.45571 5.41167 7.21842 5.3898 4.92526 6.97568 4.56149 4.4237 5.45031 4.9372 5.43124 5.09176 8.73751 7.05026 4.5103 4.67849
threshold=0.099504950495049524 54.250000000000007 1.5500000000000003 4.8500000000000005 2.5000000000000004 3.1000000000000005 1076.5000000000002 1121.5000000000002 1540.0000000000002 1.0000000180025095e-35 5.5000000000000009 449.50000000000006 485.00000000000006 2.7083333333333335 5.5000000000000009 9.5000000000000018 495.00000000000006 4.9500000000000011 2.5000000000000004 1.0000000180025095e-35 409.50000000000006 -5.4999999999999991 3.3666666666666671 -2.4999999999999996 -3.4999999999999996 5.5500000000000007 5.3500000000000005 813.50000000000011 1450.0000000000002 1.0000000180025095e-35
decision_type=2 2 2 2 8 10 10 8 8 2 2 10 8 10 8 2 10 2 10 10 8 8 10 10 8 2 2 8 8 10
left_child=1 -1 -2 7 5 13 8 -4 9 10 -7 -12 -11 -5 15 17 18 -6 19 -17 -16 22 -19 24 -23 26 27 -25 29 -28
right_child=2 -3 3 4 14 6 -8 -9 -10 12 11 -13 -14 -15 20 16 -18 21 -20 -21 -22 23 -24 25 -26 -27 28 -29 -30 -31
leaf_value=-0.0090424162314653202 0.023880526685289963 -0.028953790347803429 0.0064919339503704951 -0.015219753094969783 -0.050615088376490036 -0.041131649482180455 0.059539438845142824 -0.024715474598802828 0.015151535094622973 -0.0035235401287901213 -0.065722728053326823 0.0023450949935128144 0.034280943244931243 -0.052225652327179101 0.044784591042991054 0.008454014535243682 0.07077384103138902 -0.057713102002618005 -0.023678388569219087 0.067491077024633972 -0.0024675657386750188 0.0072698549097637817 -0.0028512370220767631 0.011718834244368849 0.045807541407308992 -0.0012911612880021238 -0.0036715509215502363 -0.060148105793998 0.076637242226928706 0.059638055960863003
leaf_weight=658.2926463582553 54.477062648162246 126.2220462631667 1212.5348754012957 23.973222041502595 4.4335271753370753 16.612638432532549 4.4045409187674514 9.2832450345158559 21.402035797014832 35.829240529797971 2.2577527165412929 19.118609415367246 7.9738039262592784 8.6343815661966783 5.2243087477982035 18.668003246188167 6.834530681371688 5.4304811097681513 6.7767253927886477 6.8356891199946395 228.31379295978695 20.650086890906096 27.213740018196404 17.85802582278848 16.406167563050985 116.18398197647184 6.3009187318384665 4.2188129946589461 6.8794499747455111 5.4354771301150322
leaf_count=10189 725 6699 4549 211 32 148 18 31 149 276 14 155 39 80 27 93 21 36 52 31 1637 136 195 85 83 822 34 24 17 15
internal_value=2.84039e-11 -0.012246 0.0050033 0.0044521 0.00103121 -0.00619828 -0.000494752 0.00625482 -0.00305714 -0.00782169 -0.0207127 -0.00484417 0.0033583 -0.0250188 0.0030437 0.00689462 0.0240934 0.00398251 0.01421 0.0242776 -0.00141052 0.00505084 -0.0119777 0.00791721 0.0243319 0.00403985 0.0192607 -0.00201471 0.0444916 0.025649
internal_weight=2704.68 784.515 1920.17 1865.69 643.87 140.206 107.599 1221.82 103.194 81.792 37.989 21.3764 43.803 32.6076 503.664 270.126 39.1149 231.011 32.2804 25.5037 233.538 226.577 32.6442 193.933 37.0563 156.877 40.6927 22.0768 18.6158 11.7364
internal_count=26623 16888 9735 9010 4430 1090 799 4580 781 632 317 169 315 291 3340 1676 197 1479 176 124 1664 1447 231 1216 219 997 175 109 66 49
is_linear=0
shrinkage=0.05


Tree=37
num_leaves=31
num_cat=0
split_feature=7 6 6 6 7 0 1 7 18 0 18 7 2 14 14 5 9 9 9 10 13 11 15 15 0 11 5 0 6 0
split_gain=61.598 15.8753 7.10115 4.59262 3.93415 3.01386 2.83309 5.61571 3.02896 2.82712 2.63442 6.3312 3.02011 4.54351 4.49848 5.13186 4.03121 3.48567 3.22252 4.25575 3.24326 2.92699 4.97551 3.74918 4.58236 3.6971 3.53216 2.75549 2.59707 3.24439
threshold=0.099504950495049524 64.850000000000009 1.2500000000000002 6.1500000000000012 0.03795080078350041 12.500000000000002 6.5000000000000009 0.14815627743634771 1350.0000000000002 9.5000000000000018 1775.0000000000002 0.12739370334307046 1.0000000180025095e-35 979.50000000000011 937.50000000000011 485.00000000000006 4.9000000000000012 7.5500000000000007 6.1000000000000005 3.5000000000000004 4.5000000000000009 4.5000000000000009 5.5000000000000009 4.5000000000000009 6.5000000000000009 3.5000000000000004 55.500000000000007 9.5000000000000018 9.9500000000000011 2.5000000000000004
decision_type=2 2 2 2 2 2 8 2 8 2 10 2 2 8 8 10 10 10 10 10 2 8 10 10 2 8 10 2 2 2
left_child=1 4 -2 5 -1 -4 10 9 -9 -8 12 -12 13 14 15 28 -15 18 19 21 -20 23 27 24 26 -26 -14 -23 29 -5
right_child=2 -3 3 6 -6 -7 7 8 -10 -11 11 -13 17 16 -16 -17 -18 -19 20 -21 -22 22 -24 -25 25 -27 -28 -29 -30 -31
leaf_value=-0.01535807516737253 0.035602847340538597 -0.03013072538361097 0.0055598351160494894 -0.016388691976746136 -0.0067474684088905407 0.031513610110793067 0.0012710144634566782 -0.0179708363916916 -0.078179837330130175 -0.039902351930439742 0.051239047480335399 -0.016485319293594487 0.026737368153646912 0.0014972467902508318 -0.045122047580087005 0.03951155976237325 0.059515621162754266 -0.028666922334913116 -0.036882439600463404 -0.043153127046234321 0.022162768820613524 -0.0017125558006251523 -0.054312324222207047 0.024867389662125761 -0.00083060002882338359 0.049800642591832117 -0.027647691506877511 -0.05553700111718142 0.043980924971917863 0.0039273510283871042
leaf_weight=181.4551866275724 18.582494277507067 103.081515441183 1507.9309893501922 23.702646913938224 493.25187210319564 11.269277784973381 33.322498800233006 4.0373341999947998 4.3282494135200986 4.7654248997569075 8.0802532434463483 6.0234280768781892 3.5499194748699692 5.3251058310270292 4.8274695202708235 9.4871071055531484 6.8391442131251097 14.318234782665966 2.6507680751383331 7.2895637452602378 18.96432020328939 29.78139010630548 6.3828279860317698 15.436509967781602 10.938647205010058 5.3782020211219779 18.77831301651895 2.5841530095785847 3.5139460377395144 114.9769448377192
leaf_count=4854 289 5827 6406 224 6207 43 329 30 37 45 45 41 31 40 37 52 31 143 30 74 147 250 57 105 92 33 180 28 23 893
internal_value=2.19621e-11 -0.0118553 0.0048453 0.00454201 -0.0090632 0.00575236 -0.000491807 -0.0120278 -0.0491222 -0.00388045 0.001189 0.0223152 0.000211206 0.00468174 0.00239394 0.00390621 0.0341171 -0.00533117 -0.00258645 -0.00636635 0.0149218 -0.00347763 -0.0139666 0.00403754 -0.0042828 0.015858 -0.0190011 -0.00601005 0.00153063 0.000455002
internal_weight=2680.85 777.789 1903.07 1884.48 674.707 1519.2 365.282 46.4535 8.36558 38.0879 318.829 14.1037 304.725 168.672 156.508 151.681 12.1643 136.053 121.735 100.12 21.6151 92.83 38.7484 54.0816 38.6451 16.3168 22.3282 32.3655 142.194 138.68
internal_count=26623 16888 9735 9446 11061 6449 2997 441 67 374 2556 86 2470 1300 1229 1192 71 1170 1027 850 177 776 335 441 336 125 211 278 1140 1117
is_linear=0
shrinkage=0.05


Tree=38
num_leaves=31
num_cat=0
split_feature=7 7 6 7 15 14 15 6 14 15 9 12 7 0 5 14 1 11 1 11 15 14 6 14 5 18 1 11 9 6
split_gain=56.9001 16.6466 6.24622 5.14702 3.17546 2.92175 3.44596 4.06387 2.91753 2.81948 3.4634 2.66958 3.05023 2.11701 3.17232 8.50376 7.08395 5.91778 6.05608 5.86232 5.85229 5.58742 6.62891 5.42344 4.99883 4.89394 5.66196 5.81972 4.83096 4.69685
threshold=0.11834733893557424 0.031496141102712143 1.2500000000000002 0.010700912640703547 -18.499999999999996 487.50000000000006 7.5000000000000009 32.650000000000013 388.50000000000006 13.500000000000002 5.4500000000000011 0.36666666666666675 0.10152545866831582 8.5000000000000018 465.00000000000006 478.50000000000006 3.5000000000000004 5.5000000000000009 4.5000000000000009 1.5000000000000002 -1.4999999999999998 447.50000000000006 3.1500000000000008 443.50000000000006 56.250000000000007 1350.0000000000002 4.5000000000000009 4.5000000000000009 2.1000000000000005 3.4500000000000006
decision_type=2 2 2 2 8 10 8 2 10 10 10 10 2 2 10 10 10 8 10 8 8 10 2 10 8 10 10 10 10 2
left_child=1 3 -2 -1 -3 6 7 -5 -9 -6 11 12 -11 -4 15 16 19 -17 29 -15 23 -22 -23 -21 -20 26 -18 -28 -27 -19
right_child=2 4 13 5 9 -7 -8 8 -10 10 -12 -13 -14 14 -16 17 25 18 24 20 21 22 -24 -25 -26 28 27 -29 -30 -31
leaf_value=-0.033643522372483449 0.034757519748300741 -0.054892741331116837 0.0039897167856651058 -0.057387893087864517 -0.0054145898717375693 -0.027912028534768069 -0.038345772817853757 -0.073803101762862228 -0.0068949450973386827 -0.0062812234804823829 -0.039885490558190996 -0.05677686554795433 0.063684975698312024 -0.035363360459495258 0.018353975537975641 0.0026021619605344332 -0.016015113704017574 0.018566330552010804 -0.073372997641995438 -0.0123657044884682 0.014357056839891925 0.00846804699691967 -0.049395101971569731 0.040590559049302359 -0.012379341184344939 -0.028401444381227981 0.0428175031227752 -0.014066113292213456 0.03211198249234689 -0.031766365594556291
leaf_weight=66.774364397278987 17.658968075644225 3.3453709026798606 1395.9827574081719 4.3456620415672651 630.08205072628334 45.382375923451036 11.993478843476622 1.6566444085910905 98.655461501330137 6.791293855756523 13.315017513930796 1.8181168641895045 2.0213990993797779 9.6282431967556459 64.312349798157811 85.80570126324892 15.849320381879805 10.359843999147417 7.9567393641918871 6.6960849836468723 18.378604054450989 8.8750462029129285 11.191035714000462 17.393710434436798 5.8136823214590558 3.4723391085863105 13.510504989884796 6.7393543049693099 65.74366750754416 8.3875190727412683
leaf_count=4185 289 61 6614 93 7970 1755 408 55 3063 116 231 30 15 65 260 440 82 46 47 41 95 41 67 69 36 17 50 31 287 64
internal_value=2.18784e-11 -0.0103461 0.00516899 -0.0219617 -0.00630312 -0.0171476 -0.0129598 -0.0100506 -0.00799993 -0.00605458 -0.0228945 -0.00161341 0.00976718 0.00487145 0.00828949 0.00610129 0.0130234 -0.00428145 -0.0224454 0.000955704 0.00654764 -0.00556034 -0.0238028 0.0258706 -0.0476223 0.0212923 0.00636748 0.0238861 0.0290762 -0.00395238
internal_weight=2659.94 886.181 1773.76 228.808 657.373 162.034 116.651 104.658 100.312 654.028 23.9458 10.6308 8.81269 1756.1 360.114 295.801 177.478 118.323 32.5178 72.1627 62.5345 38.4447 20.0661 24.0898 13.7704 105.315 36.0992 20.2499 69.216 18.7474
internal_count=26623 17982 8641 9559 8423 5374 3619 3211 3118 8362 392 161 131 8352 1738 1478 845 633 193 378 313 203 108 110 83 467 163 81 304 110
is_linear=0
shrinkage=0.05


Tree=39
num_leaves=31
num_cat=0
split_feature=6 6 6 6 1 12 15 15 9 6 7 20 9 11 10 14 7 6 6 2 0 15 18 18 6 15 14 21 11 9
split_gain=53.1965 12.3255 7.50988 5.504 3.19899 3.01655 2.94096 2.75237 3.02538 3.86627 4.31313 3.72393 5.63085 4.78167 4.13437 4.42182 3.57717 3.17007 3.13182 3.0326 4.27444 3.65847 3.25597 2.93751 2.88475 2.74476 2.74446 2.67908 2.61317 2.46823
threshold=12.950000000000001 64.850000000000009 7.1500000000000012 1.2500000000000002 9.5000000000000018 0.63333333333333341 -18.499999999999996 12.500000000000002 3.4500000000000006 18.550000000000004 0.064309346567411094 2.5000000000000004 6.4500000000000011 9.5000000000000018 2.5000000000000004 450.50000000000006 0.063092110500756318 13.550000000000002 25.350000000000005 1.0000000180025095e-35 8.5000000000000018 2.5000000000000004 1215.0000000000002 1450.0000000000002 35.050000000000004 -4.4999999999999991 449.50000000000006 9.5000000000000018 3.5000000000000004 4.5500000000000007
decision_type=2 2 2 2 10 10 8 10 8 2 2 10 8 10 8 8 2 2 2 2 2 8 8 8 2 8 8 2 10 8
left_child=2 7 3 -1 29 6 -4 8 9 10 -2 14 13 18 15 26 -16 -17 -13 20 27 22 -21 28 -20 -26 -10 -18 -12 -5
right_child=1 -3 5 4 -6 -7 -8 -9 11 -11 23 12 -14 -15 16 17 19 -19 24 21 -22 -23 -24 -25 25 -27 -28 -29 -30 -31
leaf_value=0.033775442727307703 0.037753060416498209 -0.029366288694141169 -0.059288408174428625 0.0027942892131378543 0.032664310952776048 -0.059837385906291007 -0.0017922230467225606 -0.028353066879404067 -0.0077327381783476512 -0.011667120538679835 -0.008811311258864845 0.030457854881836138 -0.018109253444665584 -0.049685242784616931 -0.010473997131402728 -0.057272258031599958 -0.028364008446467318 -0.020977826211453374 -0.029839998590954361 -0.04004267385191073 -0.062946867412147098 0.047084219925840255 0.021491798485108876 -0.037640633034867532 0.083752498289156818 0.003330073451959987 0.047034771422779675 0.016701513658556794 0.04457635964406749 0.006703205233052319
leaf_weight=16.859172770287842 12.085214897058906 96.112132795155048 2.2375304661691189 756.03209992591292 10.428127548657356 2.27905648946762 370.1035308483988 19.366880601271987 45.728792195208371 24.87647108733654 5.8159195780754054 21.272252424620092 22.662382735405117 2.7356138355098656 175.15414033015259 6.3309408649802199 4.7294146846979883 121.05369563307613 5.1270918510854226 3.2077201204374406 2.9092849511653176 7.8488995544612434 6.5177690060809264 4.2649459820240745 1.3545854962430892 4.8940925253555179 2.407891538925468 10.89544536732137 3.7829148918390274 866.91886223014444
leaf_count=289 112 5827 27 3427 39 32 3622 472 785 455 60 239 464 55 3568 82 74 2355 121 46 47 62 77 53 19 126 32 110 31 3915
internal_value=5.72476e-11 -0.0129291 0.00390221 0.00535302 0.00505966 -0.00248876 -0.00213774 -0.00986164 -0.00913912 0.00241738 0.0159197 -0.0104595 0.00134969 0.0138127 -0.0122318 -0.0179032 -0.00751991 -0.0227816 0.0191332 0.00680967 -0.00730032 0.0216902 0.00119612 -0.00311261 -0.00204336 0.020764 -0.00499316 0.00306084 0.0122288 0.00488228
internal_weight=2635.99 611.134 2024.86 1650.24 1633.38 374.62 372.341 515.022 495.655 50.8255 25.949 444.83 58.046 35.3836 386.784 175.521 211.263 127.385 32.648 36.1085 18.5341 17.5744 9.72549 13.8638 11.3758 6.24868 48.1367 15.6249 9.59883 1622.95
internal_count=26623 15272 11351 7670 7381 3681 3649 9445 8973 711 256 8262 1024 560 7238 3254 3984 2437 505 416 231 185 123 144 266 145 817 184 91 7342
is_linear=0
shrinkage=0.05


Tree=40
num_leaves=31
num_cat=0
split_feature=7 6 6 6 12 12 15 11 9 6 0 14 15 11 14 10 6 15 15 9 5 6 12 15 9 1 5 0 20 14
split_gain=48.3725 13.5755 5.34525 3.64018 9.94524 5.43453 5.1297 4.64776 6.85673 15.9185 7.01784 8.30456 6.18576 5.67863 5.13851 4.46737 5.29475 5.1919 13.6878 5.89536 4.24801 4.23094 7.0571 5.94062 4.45933 4.04475 9.94226 6.75168 5.87463 5.35832
threshold=0.099504950495049524 64.850000000000009 1.2500000000000002 3.7500000000000004 0.36666666666666675 0.29166666666666669 -8.4999999999999982 2.5000000000000004 3.1000000000000005 3.9500000000000006 8.5000000000000018 459.50000000000006 -6.4999999999999991 7.5000000000000009 1076.5000000000002 2.5000000000000004 6.1500000000000012 14.500000000000002 6.5000000000000009 3.7750000000000004 642.50000000000011 3.6500000000000008 0.36666666666666675 8.5000000000000018 5.366666666666668 4.5000000000000009 585.00000000000011 9.5000000000000018 1.5000000000000002 505.50000000000006
decision_type=2 2 2 2 10 10 10 8 8 2 2 10 8 10 10 8 2 10 8 10 8 2 10 8 10 10 10 2 10 10
left_child=1 -1 -2 21 5 7 -6 8 10 -10 11 -5 -11 15 25 16 17 18 -9 -20 -17 -4 23 24 -23 26 -14 28 29 -27
right_child=2 -3 3 4 6 -7 -8 13 9 12 -12 -13 14 -15 -16 20 -18 -19 19 -21 -22 22 -24 -25 -26 27 -28 -29 -30 -31
leaf_value=-0.0082478524256693816 0.032954300168699345 -0.028604166639088199 0.005489564827174785 0.0015920464141181653 -0.053115149002528873 0.042221508157908053 -0.0095451762463706104 0.020365105920125717 -0.055426960835781386 0.034517621194128087 0.027815962851394718 -0.056858248483458509 0.011495162348662697 -0.0038935472599780892 0.053813256243702472 0.0040271356155365916 0.0027305831259938078 0.052137117059969401 0.0082619879621347713 -0.053373130854059106 -0.034832245714342243 0.0052997889450266383 0.063250929368823608 -0.03420699755802064 0.043606175175466985 -0.02507959087456979 -0.055637143423349245 0.033921904588514795 -0.06431133976025051 0.022406116950735439
leaf_weight=645.66249957680702 16.102292447816581 93.801129481638782 868.9753285413608 9.5635641179978901 7.244656976312398 9.0481417868286353 100.05237828940153 140.12559631001204 11.691903300583361 16.038635112345219 5.2430643122643223 16.668420219793916 71.871589247137308 134.05815652338788 4.529718253761529 242.90687270276248 93.319978384301066 10.219024416059254 6.533942990005019 9.5504137352108938 7.2425794955342999 19.148999102413658 8.1553033925592882 5.8823410719633094 12.594252336770294 21.289516648277644 5.9736029934138051 6.5381225459277621 6.5069445315748444 8.2401556447148305
leaf_count=11061 289 5827 3521 52 48 41 676 564 50 79 36 115 451 914 18 1480 743 35 26 53 50 64 27 23 41 158 41 36 57 47
internal_value=-1.04861e-10 -0.0108301 0.00427045 0.00402202 0.00184467 0.00368153 -0.012487 0.00326043 -0.00374417 0.000636375 -0.0249935 -0.0355486 0.00528561 0.00526357 0.00153336 0.00767108 0.0122639 0.0176094 0.0153506 -0.0283351 0.00290204 0.00627007 0.0210849 0.0119455 0.020498 -0.000433199 0.00634363 -0.0128242 -0.0213054 -0.0118289
internal_weight=2614.78 739.464 1875.32 1859.21 944.457 837.16 107.297 828.112 184.155 152.68 31.475 26.232 140.988 643.957 124.95 509.898 259.749 166.429 156.21 16.0844 250.149 914.756 45.7809 37.6256 31.7433 120.42 77.8452 42.5747 36.0366 29.5297
internal_count=26623 16888 9735 9446 5770 5046 724 5005 1140 937 203 167 887 3865 808 2951 1421 678 643 79 1530 3676 155 128 105 790 492 298 262 205
is_linear=0
shrinkage=0.05


Tree=41
num_leaves=31
num_cat=0
split_feature=6 7 6 11 14 6 6 9 9 9 14 6 11 11 20 1 10 6 6 0 5 6 5 15 5 6 5 14 15 10
split_gain=45.4115 10.2105 8.55424 4.81419 4.72273 4.53852 3.98904 3.69297 4.22458 4.8442 8.68736 7.80466 7.74454 6.83403 5.79556 5.33481 5.0978 4.85003 9.83523 5.556 6.13252 5.5451 4.94593 4.71791 4.41565 4.35414 6.30151 5.79931 8.60803 8.52598
threshold=14.050000000000002 0.012247402020783836 4.2500000000000009 1.5000000000000002 385.50000000000006 4.3500000000000005 1.2500000000000002 2.1000000000000005 5.2250000000000005 5.7083333333333348 979.50000000000011 6.6500000000000012 3.5000000000000004 4.5000000000000009 1.5000000000000002 6.5000000000000009 3.5000000000000004 5.0500000000000007 7.5500000000000007 2.5000000000000004 515.00000000000011 4.8500000000000005 667.50000000000011 1.0000000180025095e-35 56.750000000000007 5.0500000000000007 625.00000000000011 532.50000000000011 -1.0000000180025095e-35 1.5000000000000002
decision_type=2 2 2 8 10 2 2 8 8 8 8 2 10 8 10 10 10 2 2 2 10 2 10 10 10 2 8 8 10 10
left_child=2 -2 4 5 -1 -4 -6 -5 25 10 11 -10 23 -12 -14 17 -17 19 -19 -11 21 -21 -20 -13 -18 26 27 28 29 -9
right_child=1 -3 3 7 6 -7 -8 8 9 15 13 12 14 -15 -16 16 24 18 22 20 -22 -23 -24 -25 -26 -27 -28 -29 -30 -31
leaf_value=-0.043802162805158182 -0.030276789780312757 -0.010128342947518267 -0.07409903318566298 -0.027385825606893607 0.031980031553435533 -0.0090375266245966129 0.0063131833271863232 -0.0020893333462953844 -0.041642116376342825 -0.05632965761892969 0.064155711033358778 -0.014515919425636454 -0.033877433283977819 -0.015315727810630141 0.021048975413582069 -0.039447956402538065 -0.035896647410038542 0.014687365105096682 -0.0059258479655354508 0.01288138824039625 -0.055967128356993738 -0.033651573734656479 0.074180398142084977 0.065106629677930447 0.018831397708621508 0.0021144905143254829 -0.03392673634359978 0.038352490007136933 -0.0091906631268263723 0.043633346355161605
leaf_weight=4.6533174291253081 72.491243854514323 474.17392616742291 2.7655911166220895 11.215468223206697 15.355853366199879 87.054575548507273 1066.1486102724448 17.225783383473754 26.769101660698652 6.2605806477367869 5.7858410477638218 2.8750465549528581 18.027511388063434 5.0806076992303142 6.5465909428894511 15.706801798194645 5.5635121781379011 130.57146072201431 128.47955445246771 26.881161242723465 5.2822759225964537 8.4036412611603719 1.956222554668783 5.2719120383262634 10.919447449967263 340.58924363274127 6.5033574961125842 23.862364936619997 32.737915858626366 24.983042038977146
leaf_count=14 4796 9959 16 108 289 764 4309 78 148 43 21 31 196 44 58 145 71 773 1366 121 24 49 10 29 78 2714 31 79 167 92
internal_value=-2.74863e-11 -0.0128002 0.00342426 -2.15693e-05 0.00646135 -0.0110408 0.00667762 0.00111935 0.00149271 -0.00216812 -0.0141105 -0.0216195 -0.00523896 0.0269988 -0.0192449 0.00030295 -0.0190646 0.00232818 0.0049865 -0.0124888 -0.00572294 0.00179882 -0.00472445 0.037008 0.000358978 0.00486192 0.0137473 0.0168851 0.0100501 0.0249735
internal_weight=2590.14 546.665 2043.48 957.319 1086.16 89.8202 1081.5 867.498 856.283 410.381 70.3566 59.4902 32.7211 10.8664 24.5741 340.025 32.1898 307.835 261.007 46.8277 40.5671 35.2848 130.436 8.14696 16.483 445.902 105.312 98.8091 74.9467 42.2088
internal_count=26623 14755 11868 7256 4612 780 4598 6476 6368 3207 527 462 314 65 254 2680 294 2386 2149 237 194 170 1376 60 149 3161 447 416 337 170
is_linear=0
shrinkage=0.05


Tree=42
num_leaves=31
num_cat=0
split_feature=6 6 7 6 1 13 15 2 18 10 0 9 14 6 0 5 14 9 11 9 9 9 14 9 21 21 0 6 10 6
split_gain=42.3652 9.16927 7.83367 4.00642 3.91876 5.3786 3.17769 3.99558 3.79306 3.38849 3.38416 2.66867 2.48068 3.16993 2.42425 3.71221 7.29928 4.86452 10.2446 4.13629 8.93055 6.31287 6.14933 5.04576 6.65382 4.98221 4.82659 4.59882 6.00708 7.46294
threshold=17.750000000000004 6.5500000000000007 0.012247402020783836 1.2500000000000002 4.5000000000000009 2.5000000000000004 1.5000000000000002 1.0000000180025095e-35 1865.0000000000002 6.5000000000000009 11.500000000000002 2.5500000000000003 410.50000000000006 8.5500000000000025 8.5000000000000018 55.500000000000007 425.50000000000006 4.291666666666667 8.5000000000000018 5.9000000000000012 5.7750000000000012 7.291666666666667 455.50000000000006 10.900000000000002 11.500000000000002 10.500000000000002 2.5000000000000004 2.1500000000000008 1.5000000000000002 2.7500000000000004
decision_type=2 2 2 2 10 2 8 2 8 10 2 10 10 2 2 8 10 10 10 10 10 10 10 10 2 2 2 2 10 2
left_child=1 3 -2 -1 5 -3 7 10 11 12 -7 -9 13 -8 15 17 -17 18 -5 20 -18 26 -23 24 25 -24 -21 -28 -29 -30
right_child=2 4 -4 14 -6 6 9 8 -10 -11 -12 -13 -14 -15 -16 16 19 -19 -20 21 -22 22 23 -25 -26 -27 27 28 29 -31
leaf_value=0.030928878615953687 -0.029646903446061884 -0.015593093927865082 -0.011395112645001759 0.0032750107848252331 -0.008052731634471259 0.0022008459384647689 0.084072223377468003 0.030526197979150706 0.039931052902828806 -0.026795591766478766 0.045700187732016707 -0.015887566417090031 0.0078311412528805826 0.011361947886724864 0.0086001773323707582 -0.046661484372754303 0.0025348890793707723 0.01127644509207002 -0.066131830193020255 -0.039615083671603255 0.03579304315491847 -0.040665737888331409 0.0044525666296975725 0.041628175177123083 -0.031807921919915348 0.047434465987057473 -0.046106292474319403 0.028373084797111106 0.029620303408779775 -0.022428835993193758
leaf_weight=14.645726667251436 70.487831766484305 45.85528892185539 354.20641752635129 263.45077479816973 202.40509055647999 105.47911353502423 2.4658360555768004 3.2512966562062493 3.4655500613152972 6.8595743663609019 4.6691362885758272 65.259681614115834 153.36360186338425 3.8230052106082439 309.94877530820668 7.8926507495343676 479.52067326661199 281.71075072046369 5.4260827209800473 16.231113187968731 21.071672668680549 6.8208923637866965 42.618026170879602 10.177117917686699 10.903617598116396 8.0090265683829767 7.3884111009538165 11.327912934124468 8.5258539170026761 35.825372280552983
leaf_count=289 4796 516 8414 1193 2332 1066 8 29 25 78 37 725 1447 42 1428 40 2108 1205 27 82 70 40 206 42 51 37 42 51 25 172
internal_value=-1.05971e-10 0.00286475 -0.0144244 0.00490214 -0.00239681 0.000505115 0.00262247 -0.00194186 -0.0111034 0.00761477 0.00404476 -0.0136849 0.00909323 0.0398714 0.00465249 0.00364699 0.00113665 0.00668497 0.00187434 0.00170962 0.00393484 -0.00534827 0.00470045 0.00901571 0.00362164 0.0112522 -0.0152994 -0.00904153 -0.00412318 -0.0124232
internal_weight=2563.09 2138.39 424.694 1541.49 596.897 394.492 348.637 182.125 71.9765 166.512 110.148 68.511 159.652 6.28884 1526.85 1216.9 666.312 550.588 268.877 658.42 500.592 157.827 78.5287 71.7078 61.5307 50.6271 79.2987 63.0676 55.6791 44.3512
internal_count=26623 13413 13210 7108 6305 3973 3457 1882 779 1575 1103 754 1497 50 6819 5391 2966 2425 1220 2926 2178 748 376 336 294 243 372 290 248 197
is_linear=0
shrinkage=0.05


Tree=43
num_leaves=31
num_cat=0
split_feature=7 6 7 6 15 1 13 14 9 18 14 14 15 0 5 18 0 10 18 3 9 15 15 10 0 14 15 15 15 11
split_gain=39.5247 8.56722 7.39058 3.63777 3.4098 3.15586 4.1281 2.89221 3.95131 3.04096 3.00702 2.57527 2.5225 2.77084 5.11605 4.21357 3.85361 4.53409 3.28069 3.73819 5.25308 4.65497 3.30619 3.21572 3.90363 4.96043 3.13123 3.15595 3.02875 2.97534
threshold=0.056657678479712384 6.5500000000000007 0.012247402020783836 1.2500000000000002 -26.499999999999996 4.5000000000000009 1.5000000000000002 473.50000000000006 1.9000000000000001 1150.0000000000002 509.50000000000006 457.50000000000006 -5.4999999999999991 1.5000000000000002 54.750000000000007 1775.0000000000002 3.5000000000000004 2.5000000000000004 1625.0000000000002 1.0000000180025095e-35 4.9000000000000012 1.5000000000000002 8.5000000000000018 3.5000000000000004 4.5000000000000009 1003.5000000000001 5.5000000000000009 -1.4999999999999998 -2.4999999999999996 7.5000000000000009
decision_type=2 2 2 2 8 10 2 10 10 10 10 8 8 2 10 10 2 10 8 2 8 8 8 10 2 10 8 10 8 10
left_child=2 3 -1 -2 -5 6 7 8 9 -3 -9 -4 -8 14 -14 16 17 18 19 26 21 -21 -23 24 25 28 27 -15 -18 -19
right_child=1 5 11 4 -6 -7 12 10 -10 -11 -12 -13 13 15 -16 -17 23 29 -20 20 -22 22 -24 -25 -26 -27 -28 -29 -30 -31
leaf_value=-0.02898576282675322 0.030110189359455797 -0.014947408167974892 -0.0056959249061604589 0.048377925483467657 0.0043885185370213129 -0.0074502338343488302 -0.0092565699889588602 -0.065951603353270813 -0.035809179422621344 0.039250548770782004 -0.013760184306288573 -0.014439726619510922 -0.051076305973070481 -0.040850945341390603 -0.00028180454093114311 0.035551171372730075 0.014882366433730192 0.041616902294369901 0.045414627182790698 0.022025671641991297 0.040807378433460655 -0.059309194383404464 0.021051015676542804 -0.012620615600146327 0.0061519292445955456 0.047320538088013404 -0.068188233757065272 0.010926995082759718 -0.035279507786306924 0.0034683288587922419
leaf_weight=68.519036923069507 14.011750729754565 4.8601340306922847 137.56360292877071 4.4181199371814728 1515.2598270056769 199.88716802466661 45.774202134460211 5.1640829630196077 6.4892377257347098 5.5363515634089708 5.9276983682066202 217.11934901238419 6.3550565345212844 4.8233712743967763 22.538011707365513 10.717062473297117 3.7426697481423616 18.033764678984884 4.2760407831519833 6.3724217452108904 9.3310600928962213 4.8200216852128506 1.7426883745938511 39.362741229124367 147.88259054347873 2.6690990403294554 2.7564412485808125 7.5487190056592217 15.35599110461772 7.1327588073909274
leaf_count=4796 289 61 3097 11 6808 2313 511 71 87 51 68 5376 85 47 229 81 36 148 27 49 73 53 18 462 1400 14 40 71 174 77
internal_value=5.05463e-11 0.00278161 -0.0139526 0.00475023 0.00451641 -0.00234359 0.000279018 -0.018224 -0.00519468 0.0139142 -0.0380593 -0.0110484 0.00171207 0.00330365 -0.0114541 0.00479159 0.00359655 0.0140472 0.00392674 -0.00081735 0.0122134 -0.00841347 -0.03797 0.000254684 0.00324205 -0.0165267 -0.0199961 -0.0092591 -0.0254495 0.0308047
internal_weight=2545.99 2122.79 423.202 1533.69 1519.68 589.099 389.212 27.9775 16.8857 10.3965 11.0918 354.683 361.235 315.461 28.8931 286.567 275.85 66.8373 41.6708 37.3947 22.2662 12.9351 6.56271 209.013 169.65 21.7678 15.1285 12.3721 19.0987 25.1665
internal_count=26623 13354 13269 7108 6819 6246 3933 338 199 112 139 8473 3595 3084 314 2770 2689 603 378 351 193 120 71 2086 1624 224 158 118 210 225
is_linear=0
shrinkage=0.05


Tree=44
num_leaves=31
num_cat=0
split_feature=7 6 6 6 1 13 18 0 0 15 13 15 9 15 0 21 9 2 14 7 11 9 11 9 10 9 6 5 15 7
split_gain=37.2093 7.27168 6.89736 3.33247 3.23134 3.538 2.7166 3.30487 2.59739 4.38836 3.09202 2.81815 3.1401 2.92702 4.61581 3.79441 3.61027 2.81989 3.35415 3.14612 3.09465 4.07644 2.7316 2.70332 2.6787 2.82153 2.67016 6.61597 3.51063 3.42904
threshold=0.056657678479712384 6.5500000000000007 56.45000000000001 1.2500000000000002 4.5000000000000009 2.5000000000000004 1775.0000000000002 3.5000000000000004 3.5000000000000004 -10.499999999999998 3.5000000000000004 14.500000000000002 5.366666666666668 1.5000000000000002 10.500000000000002 9.5000000000000018 4.1000000000000005 1.0000000180025095e-35 470.50000000000006 0.064309346567411094 4.5000000000000009 7.1000000000000005 6.5000000000000009 10.708333333333334 3.5000000000000004 5.7750000000000012 7.7500000000000009 54.250000000000007 -7.4999999999999991 0.12422839506172841
decision_type=2 2 2 2 10 2 10 2 2 8 2 8 10 10 2 2 10 2 10 2 10 10 10 8 10 8 2 8 10 2
left_child=2 3 -1 -2 5 -3 8 -8 9 -7 -11 13 22 14 15 16 -10 18 24 -20 -21 -22 -13 -15 25 -17 27 -12 -28 -30
right_child=1 4 -4 -5 -6 6 7 -9 11 10 26 12 -14 23 -16 17 -18 -19 19 20 21 -23 -24 -25 -26 -27 28 -29 29 -31
leaf_value=-0.01007644059307262 0.029258399644944973 -0.012912875193998467 -0.025200189270767826 0.004280303728129352 -0.0072436850159395497 -0.051097412686312543 -0.013666163875153726 0.041420001012683366 0.033216745550011147 0.04478844562220085 -0.051552858311632394 -0.028494212983410656 -0.052494230959439371 0.0073777144217683612 0.022908612497224007 -0.017705775687565397 -0.0060376794841391218 -0.026600187304639301 0.05092812823669806 -0.023281548672797466 0.032669937929514802 -0.040105672767867855 0.050186995287298489 -0.050240864461232618 0.011449253177870981 -0.061860017029612226 0.05185733823124259 0.032887101950328554 0.0027445514918542913 -0.052939540047108241
leaf_weight=316.38705554697663 13.471891079563646 42.913687901571393 98.970939489197917 1516.394001099281 198.58351746201515 3.0371268093585968 3.8986880555748931 9.0270696319639665 9.0397631302475947 5.9735270775854579 2.6336600109934833 2.7215154338628036 5.5733702778816223 94.503986644558609 12.711889175698159 17.856843377463527 16.638162657618523 29.505464789457619 3.4473838619887855 8.6468349359929579 8.6943937856703979 2.4710802584886542 1.8549713827669618 2.0805081017315379 5.8097274694591752 4.5374483857303849 3.4778062216937533 19.460936676710844 63.651508277282119 2.8902563452720633
leaf_count=6740 289 513 6529 6819 2313 42 40 66 76 49 30 38 86 890 125 188 193 346 32 93 66 24 16 26 63 56 29 134 684 28
internal_value=6.81146e-12 0.00269104 -0.0136801 0.00450026 -0.00206769 0.000615639 0.00232244 0.0248048 0.00143434 0.00809527 0.00992807 -0.00154489 -0.0272932 -0.000334659 -0.00557113 -0.0089658 0.00778161 -0.0142769 -0.0072117 0.00684438 -0.000826291 0.0165636 0.00339737 0.00613656 -0.0188037 -0.0266521 0.00766741 0.0228219 0.00288542 0.000325901
internal_weight=2526.87 2111.51 415.358 1529.87 581.641 383.058 340.144 12.9258 327.218 101.125 98.0877 226.093 10.1499 215.943 119.359 106.647 25.6779 80.9692 51.4637 23.2597 19.8123 11.1655 4.57649 96.5845 28.204 22.3943 92.1142 22.0946 70.0196 66.5418
internal_count=26623 13354 13269 7108 6246 3933 3420 106 3314 996 954 2318 140 2178 1262 1137 269 868 522 215 183 90 54 916 307 244 905 164 741 712
is_linear=0
shrinkage=0.05


Tree=45
num_leaves=31
num_cat=0
split_feature=6 7 6 15 1 11 14 5 15 11 15 9 5 5 15 1 11 9 5 14 14 9 0 21 1 13 21 0 6 0
split_gain=34.1177 6.59248 6.41804 3.71683 7.074 3.54485 4.3167 3.31818 4.34026 3.19385 4.12805 5.34198 6.10648 5.4735 6.85359 6.24686 3.58644 3.41452 3.35281 3.66678 5.08491 3.64985 4.80972 6.90461 3.80197 5.79742 3.61938 4.18949 3.55366 3.44909
threshold=17.750000000000004 0.012247402020783836 4.8500000000000005 16.500000000000004 2.5000000000000004 1.5000000000000002 1098.5000000000002 465.00000000000006 21.500000000000004 7.5000000000000009 8.5000000000000018 2.9000000000000004 595.00000000000011 485.00000000000006 12.500000000000002 3.5000000000000004 4.5000000000000009 4.9000000000000012 642.50000000000011 476.50000000000006 470.50000000000006 10.633333333333335 4.5000000000000009 9.5000000000000018 2.5000000000000004 4.5000000000000009 9.5000000000000018 3.5000000000000004 5.7500000000000009 6.5000000000000009
decision_type=2 2 2 10 10 8 8 8 10 8 8 10 8 10 10 10 10 10 10 8 10 10 2 2 10 2 2 2 2 2
left_child=2 -2 -1 5 7 6 -4 -5 -9 10 -7 -12 13 14 15 17 -15 -13 19 20 26 22 28 -24 25 -25 -11 -28 -21 -23
right_child=1 -3 3 4 -6 9 -8 8 -10 18 11 12 -14 16 -16 -17 -18 -19 -20 21 -22 29 23 24 -26 -27 27 -29 -30 -31
leaf_value=0.0049189172129597775 -0.027792246682887208 -0.010471903389204213 -0.012378527378190025 0.063971127478861842 -0.043170701909916301 0.001291612306459783 0.056782171316169444 -0.050315795151807841 0.020516087177788318 -0.018575508404333922 -0.048314566104409727 0.025317594430887637 -0.016925844190501617 0.070790247912761298 -0.035074644327053164 0.047093416822478237 0.025914160636532471 -0.040150327133540969 0.040086923401010714 -0.07700688354222536 0.030272105970572324 0.046102733912748384 0.0253400062025427 -0.049508578693852043 -0.027400425231726873 0.045567257612681003 0.025201059249194586 -0.0055522998770962595 -0.025868208278480371 -0.025759533886131409
leaf_weight=1216.8328970214352 65.487911446020007 341.0381660242565 75.241654639132321 2.2407929319888362 14.146884851157663 550.59456747863442 2.3259186074137679 3.2776562813669443 6.3578245285898447 27.364040954038501 3.1166808418929568 3.8015911076217952 9.7253950480371696 8.8841293565928954 5.8946776241064063 13.140450986102222 8.924711946398018 4.1832383312284946 4.0337645374238482 3.9139331523329046 12.655593648552893 4.6351960822939864 12.257433034479616 2.4135051779448986 26.148660930804908 4.7766840774565926 15.976945213042198 36.089361513964832 25.729983144439757 2.609855692833662
leaf_count=5305 4796 8414 770 14 178 4806 9 43 49 298 32 31 89 39 56 95 48 38 33 34 106 34 116 29 292 33 136 368 303 29
internal_value=7.30692e-11 -0.0132621 0.00255844 -0.000667211 -0.0192853 -0.000106728 -0.0103047 0.00916667 -0.00357846 0.00089856 0.0026247 0.0153519 0.0189892 0.0267808 0.0125968 0.0258987 0.0483011 -0.00898094 -0.00498006 -0.00602141 0.000836908 -0.013678 -0.0169417 -0.00674857 -0.0185463 0.0136535 -0.00385299 0.0038846 -0.0326201 0.0202161
internal_weight=2513.82 406.526 2107.29 890.461 26.0232 864.438 77.5676 11.8763 9.63548 786.87 608.265 57.6709 54.5542 44.8288 27.02 21.1253 17.8088 7.98483 178.605 174.571 92.0859 82.4853 75.2402 45.5963 33.3389 7.19019 79.4303 52.0663 29.6439 7.24505
internal_count=26623 13210 13413 8108 284 7824 779 106 92 7045 5234 428 396 307 220 164 87 69 1811 1778 908 870 807 470 354 62 802 504 337 63
is_linear=0
shrinkage=0.05


Tree=46
num_leaves=31
num_cat=0
split_feature=7 6 6 6 1 13 18 0 13 0 1 15 6 14 20 18 1 3 15 15 11 14 6 14 7 9 14 18 7 14
split_gain=31.863 6.37202 5.42512 2.92221 2.89875 3.41117 2.95913 3.61643 3.13852 3.96455 2.80749 2.63791 2.37025 3.74105 2.67897 2.35405 2.19512 3.63718 3.38039 3.30271 3.24491 4.18024 2.75092 2.63405 2.51615 2.42379 2.40347 3.14481 3.75496 2.88138
threshold=0.056657678479712384 64.850000000000009 6.5500000000000007 1.2500000000000002 4.5000000000000009 2.5000000000000004 1775.0000000000002 3.5000000000000004 3.5000000000000004 7.5000000000000009 9.5000000000000018 -20.499999999999996 6.9500000000000011 474.50000000000006 1.0000000180025095e-35 1050.0000000000002 3.5000000000000004 1.0000000180025095e-35 9.5000000000000018 -4.4999999999999991 3.5000000000000004 489.50000000000006 7.9500000000000011 1011.5000000000001 0.12579113924050636 4.1000000000000005 442.50000000000006 1150.0000000000002 0.13793759512937598 434.50000000000006
decision_type=2 2 2 2 10 2 10 2 2 2 10 8 2 10 8 10 10 2 8 10 10 8 2 10 2 10 10 10 2 8
left_child=1 11 3 -2 5 -4 8 -8 9 -7 -5 -1 13 14 -10 -11 18 19 26 -18 21 24 -22 -20 -19 -24 29 28 -28 -14
right_child=2 -3 4 10 -6 6 7 -9 12 15 -12 -13 16 -15 -16 -17 17 20 23 -21 22 -23 25 -25 -26 -27 27 -29 -30 -31
leaf_value=-0.075555727149748328 0.027872333873121432 -0.025338096080153229 -0.012690165132754934 0.0036678026022579262 -0.0066206784210283559 0.034718133431348649 -0.01607556429806168 0.042359363024241953 -0.026103673684059497 0.014688205977796459 0.029978537550816066 -0.0093777864335152367 -0.0055540240438693043 0.029093641563804652 0.022458177438761783 -0.054978759435108382 -0.029167692409981839 -0.007096116804203358 -0.030670042447947795 0.00040940792232260705 0.045487091030627924 0.031921686343717288 0.037611727736452501 0.029348733354641523 -0.056747349642719297 0.0068123247699756768 -0.004435642800034157 0.0104171481410931 -0.068442980627017175 -0.042343270141480253
leaf_weight=1.512883531861007 12.762454552575944 81.350024202489294 41.106107529252768 1497.549327599816 194.85444044321775 14.149277546443047 3.6871208008378735 9.3925883229821903 7.3716285787522802 2.6197734102606764 10.208037307485936 322.62300234753639 19.958378994837407 16.959694415330887 4.6198309753090152 2.2573790661990643 11.800256999209521 15.216465516015893 17.787159925326709 47.156618667766452 8.1671890635043365 6.2585921362042418 8.1518135461956245 2.0374578516930333 3.0657030194997779 29.518706503324211 44.841243968345225 48.504420924000442 2.4147074092179528 7.2577065620571366
leaf_count=48 289 5827 513 6784 2313 121 40 66 67 22 35 7394 223 112 37 29 141 167 231 500 56 51 63 21 30 329 486 513 24 91
internal_value=-8.88751e-11 -0.0128267 0.00248893 0.0040476 -0.00167513 0.000899447 0.002576 0.0258868 0.00162353 0.0213182 0.00384594 -0.00968667 0.000378981 0.0139803 -0.00739473 -0.017557 -0.00106799 0.00365061 -0.00534164 -0.00551047 0.011325 -0.00334804 0.0191806 -0.0245017 -0.015422 0.0134772 -0.00225292 0.00147356 -0.00770632 -0.0153646
internal_weight=2495.16 405.486 2089.67 1520.52 569.154 374.3 333.194 13.0797 320.114 19.0264 1507.76 324.136 301.088 28.9512 11.9915 4.87715 272.136 129.335 142.801 58.9569 70.3785 24.5408 45.8377 19.8246 18.2822 37.6705 122.976 95.7604 47.256 27.2161
internal_count=26623 13269 13354 7108 6246 3933 3420 106 3314 172 6819 7442 3142 216 104 51 2926 1337 1589 641 696 248 448 252 197 392 1337 1023 510 314
is_linear=0
shrinkage=0.05


Tree=47
num_leaves=31
num_cat=0
split_feature=6 6 6 9 7 11 11 0 15 14 11 9 5 0 14 14 15 11 15 9 20 14 15 7 1 18 6 3 0 9
split_gain=30.0407 7.11885 3.43334 4.97061 4.10497 3.25157 3.53566 3.88696 4.76347 4.45502 3.55935 7.12825 3.47753 6.07932 5.26251 5.52068 4.86034 4.84106 4.36882 3.9639 7.20589 4.0813 7.21249 6.34272 4.74063 5.55396 3.89732 3.55473 3.4756 7.46701
threshold=14.750000000000002 54.250000000000007 4.2500000000000009 2.3666666666666671 0.1438923395445135 1.5000000000000002 6.5000000000000009 8.5000000000000018 -21.499999999999996 1073.5000000000002 3.5000000000000004 3.7083333333333335 605.00000000000011 6.5000000000000009 505.50000000000006 490.50000000000006 -9.4999999999999982 5.5000000000000009 -5.4999999999999991 5.1000000000000005 1.0000000180025095e-35 848.50000000000011 2.5000000000000004 0.18693221523410206 3.5000000000000004 1450.0000000000002 5.0500000000000007 1.0000000180025095e-35 2.5000000000000004 3.4500000000000006
decision_type=2 2 2 8 2 8 10 2 10 10 10 10 8 2 8 10 8 10 8 8 10 10 8 2 10 10 2 2 2 8
left_child=2 -2 -1 4 -4 -5 7 12 -9 10 -10 -12 14 17 15 28 -16 18 -14 21 -21 24 26 -24 27 -26 -23 -18 29 -7
right_child=1 -3 3 5 -6 6 -8 8 9 -11 11 -13 13 -15 16 -17 19 -19 -20 20 -22 22 23 -25 25 -27 -28 -29 -30 -31
leaf_value=0.0046494035952628762 -0.0081586937291740179 -0.023332921530266774 0.00074118811797927657 -0.0088019237882165768 -0.036895199826590161 0.028204400089656297 -0.0031949698264774982 0.068365844275478718 -0.0023500040454833338 0.059616246256698452 0.043855397738161592 0.0067667761332566786 -0.030906463776624607 -0.044117911821645012 -0.036218461635663779 -0.018161326634441036 0.068543614983376355 -0.045323656888697605 0.016255663906778021 0.010845057364937065 -0.04716579937901514 0.072568249522239725 0.0045852169684640152 -0.069757499588438784 -0.006482770335990218 0.041054015084771862 0.013780958588699661 0.016387563185142201 0.0056622909397780344 -0.015308473336603793
leaf_weight=1061.5827212990262 385.75733526423573 96.659682374680415 13.275045627728106 75.271257906220853 15.949412804096935 12.021068919450043 231.95884854905307 3.6127935945987693 47.397826654836535 4.3891901262104502 16.777187549509108 56.867255774326622 6.1721186507493258 10.690124452114103 4.9519035313278437 37.129324560984969 11.311737949028609 5.2694668471813193 24.020934750325981 42.178676934912801 6.1313078477978697 4.3002571091055861 9.0769031904637831 4.1950351037085047 11.70838454924524 12.929970404133199 8.1862874235957843 4.5935648865997782 202.80680336989462 54.828583960421383
leaf_count=4612 7735 6699 152 671 142 86 2075 16 368 22 83 430 55 94 45 342 45 46 162 278 50 12 71 24 99 72 53 27 1584 473
internal_value=2.32499e-11 -0.0111991 0.00270188 0.000497763 -0.0197991 0.00115047 0.00204924 0.00407143 0.0117623 0.0101319 0.00833753 0.0152161 0.001971 -0.0110663 0.0033823 -8.56022e-05 0.0122805 -0.00110296 0.0066147 0.0143759 0.00348255 0.0223132 0.00674968 -0.0189133 0.0322011 0.0184641 0.0340268 0.0534806 0.00240327 -0.00748388
internal_weight=2482 482.417 1999.58 938.001 29.2245 908.777 833.506 601.547 129.044 125.431 121.042 73.6444 472.502 46.1526 426.35 306.786 119.564 35.4625 30.1931 114.612 48.31 66.3021 25.7585 13.2719 40.5437 24.6384 12.4865 15.9053 269.656 66.8497
internal_count=26623 14434 12189 7577 294 7283 6612 4537 919 903 881 513 3618 357 3261 2485 776 263 217 731 328 403 160 95 243 171 65 72 2143 559
is_linear=0
shrinkage=0.05


Tree=48
num_leaves=31
num_cat=0
split_feature=7 7 7 6 1 2 15 9 14 14 7 0 9 15 14 14 15 15 9 13 15 14 15 0 6 15 5 14 5 21
split_gain=28.3595 5.68475 4.94541 2.68583 2.64405 2.44864 6.36563 6.01769 5.24132 4.71002 5.14764 4.45304 5.07613 3.68079 4.81878 6.61421 4.33019 4.08838 3.63935 4.67583 7.20436 6.65202 5.70393 4.66814 4.22713 4.14371 6.67659 5.46276 5.50143 5.25094
threshold=0.056657678479712384 0.012247402020783836 0.11834733893557424 1.2500000000000002 9.5000000000000018 1.0000000180025095e-35 19.500000000000004 10.100000000000001 1091.5000000000002 469.50000000000006 0.25320512820512825 11.500000000000002 9.6333333333333346 10.500000000000002 453.50000000000006 458.50000000000006 11.500000000000002 12.500000000000002 1.1000000000000003 2.5000000000000004 1.5000000000000002 450.50000000000006 -5.4999999999999991 3.5000000000000004 3.5500000000000003 6.5000000000000009 54.250000000000007 516.50000000000011 565.00000000000011 10.500000000000002
decision_type=2 2 2 2 10 2 10 10 10 10 2 2 10 8 8 8 8 8 10 2 10 8 10 2 2 10 8 10 10 2
left_child=1 -1 -2 -4 5 7 -7 8 11 -9 -11 12 13 18 17 -16 -17 -15 -5 20 22 -22 -20 -24 -23 -21 29 -28 -29 -27
right_child=2 -3 3 4 -6 6 -8 9 -10 10 -12 -13 -14 14 15 16 -18 -19 19 25 21 24 23 -25 -26 26 27 28 -30 -31
leaf_value=-0.026190450100438009 -0.0027393805196884845 -0.0096713930009410289 0.026939696804968841 0.042122444921809568 0.026998416362061836 0.0016562006375560575 -0.036793550298218416 -0.037847225341642421 0.046951651710175062 -0.032943663311860674 0.031418458029916045 0.025202238221334623 0.038356396728137079 0.065869390231907618 -0.055125427300120988 -0.029582441419764856 0.014385218386230865 0.020228464791154296 -0.034221661936270714 0.0048493198170943656 -0.078193459314609068 0.021163459584270336 -0.023983222607253371 0.032881802423779853 -0.05129222203085753 -0.0065510076739026708 0.015094467375833568 -0.063534864261703086 0.0040090537569646553 -0.05982926855342538
leaf_weight=61.640822976944037 388.13952874578536 335.82297519803979 12.155459177680312 5.8914482351392499 11.737904218956826 753.95126237347722 10.920427042990921 14.37901075743139 7.6272869855165473 5.4209330324083549 7.2767787165939808 27.268005395308137 11.033569816499947 6.5738119333982468 4.0861390419304362 6.1609286330640325 61.494818864390254 19.347062323242429 7.5889873784035435 618.75703420490026 6.7488363720476601 4.5237421840429306 4.9618352949619355 13.237530419602988 3.6268909759819508 9.0072076749056595 26.998790826648474 5.3001814186573011 6.9912450220435858 9.5046746227890235
leaf_count=4796 4713 8473 289 29 52 3849 80 101 29 41 31 123 52 23 21 33 292 106 44 2960 37 18 29 57 28 45 145 34 33 60
internal_value=2.72472e-11 -0.0122333 0.00234812 0.00352172 0.0033513 0.00318396 0.00110724 0.00496111 0.00568625 -0.0182506 0.00394085 0.00531989 0.00466813 0.00421528 0.0133263 0.00665038 0.0103814 0.0318035 0.0029848 0.00266332 -0.0137988 -0.0414785 0.00219344 0.0173782 -0.0110781 0.00365334 -0.00914932 0.00251499 -0.0251165 -0.033906
internal_weight=2468.18 397.464 2070.71 1682.57 1670.42 1658.68 764.872 893.807 866.73 27.0767 12.6977 859.103 831.835 820.801 97.6628 71.7419 67.6557 25.9209 723.138 717.247 40.6878 14.8995 25.7884 18.1994 8.15063 676.559 57.8021 39.2902 12.2914 18.5119
internal_count=26623 13269 13354 8641 8352 8300 3929 4371 4198 173 72 4169 4046 3994 475 346 325 129 3519 3490 213 83 130 86 46 3277 317 212 67 105
is_linear=0
shrinkage=0.05


Tree=49
num_leaves=31
num_cat=0
split_feature=7 6 7 0 12 14 6 18 15 15 14 18 15 14 1 20 11 0 11 9 9 9 20 15 5 1 0 14 7 7
split_gain=26.3341 5.39025 4.66414 2.91465 3.12122 3.61455 3.99446 3.31106 3.47141 3.05109 5.36082 4.62204 7.12685 6.14935 5.01614 4.58621 4.36945 5.91831 4.27798 4.24018 3.85285 7.26993 7.08202 5.07925 3.84654 3.72269 3.71441 3.54857 3.51076 5.94
threshold=0.056657678479712384 149.05000000000004 0.11834733893557424 8.5000000000000018 0.36666666666666675 994.50000000000011 3.8500000000000001 1350.0000000000002 -1.0000000180025095e-35 11.500000000000002 478.50000000000006 1350.0000000000002 4.5000000000000009 474.50000000000006 3.5000000000000004 1.0000000180025095e-35 7.5000000000000009 10.500000000000002 2.5000000000000004 4.1000000000000005 6.1000000000000005 4.291666666666667 1.0000000180025095e-35 -1.4999999999999998 55.500000000000007 4.5000000000000009 10.500000000000002 491.50000000000006 0.39230769230769236 0.22474747474747478
decision_type=2 2 2 2 10 8 2 10 8 10 10 10 10 8 10 10 10 2 8 8 10 10 10 8 10 8 2 10 2 2
left_child=1 -1 -2 -4 9 6 -6 -8 -9 10 11 12 13 16 15 18 17 19 -13 -5 21 27 23 -22 -23 -11 -25 -12 29 -21
right_child=2 -3 3 4 5 -7 7 8 -10 25 20 14 -14 -15 -16 -17 -18 -19 -20 28 22 24 -24 26 -26 -27 -28 -29 -30 -31
leaf_value=-0.010463355092286797 -0.0026963852058504482 -0.036361564357646189 0.0023384037288920211 -0.039238669243631737 0.0022724014069780778 0.045143966046571449 -0.06301857402823785 0.012586545094984653 -0.043458089876104423 0.03364902519894547 -0.018295914414862377 -0.020219779609662088 -0.055920617542044297 0.055543189170980424 0.031909042459946586 -0.026491578133088851 -0.030282341651875766 0.034301536827078545 0.037812881382084475 0.023846736724139093 0.047346082792424728 -0.053353640928538039 -0.026908330488906358 -0.012325814863650524 -0.013571900345677205 -0.014157022715098305 0.04201748726619467 0.016012381199827994 0.048704762068616167 -0.036858539240094343
leaf_weight=371.69426751788706 385.85043993592262 21.239413251285441 1331.0564381899312 6.5634798984974649 41.357923964038491 3.6938517428934565 4.5976288057863703 6.1474236026406288 5.0186034105718118 23.290775414556268 9.6615900788456184 4.5599299585446724 4.5009561963379374 6.4168216809630385 51.182571759447455 8.0948630496859533 8.0150762535631639 15.74481970630586 10.460905574262142 8.9902695361524874 13.864381132647393 7.4623899646103373 8.255417697131632 9.8610973972827214 32.714657413773239 4.9350857883691779 4.6164407134056082 34.273377234116197 4.0401868764311066 7.3032415732741347
leaf_count=10952 4713 2317 6848 40 224 19 34 33 46 99 51 31 32 25 239 44 48 68 54 48 62 47 61 53 172 35 23 156 18 31
internal_value=-3.64433e-11 -0.0118632 0.00226007 0.00340069 0.00749173 -0.00279079 -0.00589056 -0.0273071 -0.0126029 0.00968737 0.00797092 0.0147829 0.00465298 0.00942993 0.0231782 0.00384633 0.00358868 0.00995515 0.0201957 -0.00429651 0.000303165 -0.00558915 0.0138455 0.0257163 -0.0209609 0.0252905 0.00500259 0.00846776 0.00698241 -0.00336319
internal_weight=2455.46 392.934 2062.53 1676.68 345.624 60.8154 57.1216 15.7637 11.166 284.808 256.582 135.873 61.5749 57.0739 74.2983 23.1157 50.6571 42.642 15.0208 26.8972 120.709 84.112 36.5973 28.3419 40.177 28.2259 14.4775 43.935 20.3337 16.2935
internal_count=26623 13269 13354 8641 1793 356 337 113 79 1437 1303 678 310 278 368 129 253 205 85 137 625 426 199 138 219 134 76 207 97 79
is_linear=0
shrinkage=0.05


Tree=50
num_leaves=31
num_cat=0
split_feature=6 6 6 1 18 6 0 2 9 9 12 14 14 15 14 14 11 6 9 9 11 11 11 6 14 5 14 6 0 13
split_gain=24.5663 6.46976 2.7453 3.15969 2.72651 2.5641 2.47764 3.699 7.28221 5.6991 3.93909 3.81694 12.2404 5.26913 4.5123 13.8717 3.80322 3.57133 4.17741 4.04752 5.59346 5.03667 3.46207 3.14178 2.97683 2.96514 2.82534 3.23653 3.03274 2.65229
threshold=14.050000000000002 47.250000000000007 7.1500000000000012 6.5000000000000009 1775.0000000000002 178.95000000000002 8.5000000000000018 1.0000000180025095e-35 8.1000000000000014 9.2250000000000014 0.36666666666666675 921.50000000000011 1009.5000000000001 -1.4999999999999998 457.50000000000006 443.50000000000006 6.5000000000000009 2.8500000000000001 6.5500000000000007 3.6333333333333337 3.5000000000000004 4.5000000000000009 3.5000000000000004 3.1500000000000008 482.50000000000006 53.250000000000007 507.50000000000006 3.6500000000000008 9.5000000000000018 4.5000000000000009
decision_type=2 2 2 8 10 2 2 2 8 8 10 10 10 10 10 10 10 2 8 10 10 10 8 2 8 8 10 2 2 2
left_child=2 -2 6 4 -4 -3 -1 9 11 10 29 14 -13 -14 15 -9 -10 -16 19 20 -19 -21 25 -15 -11 -12 27 28 -27 -8
right_child=1 5 3 -5 -6 -7 7 8 16 24 22 12 13 23 17 -17 -18 18 -20 21 -22 -23 -24 -25 -26 26 -28 -29 -30 -31
leaf_value=0.0024425978948212149 -0.0068586100893864013 -0.017488199030849107 -0.0003730132800961938 -0.012659474908802471 0.022905189077703222 -0.039376310459372066 0.034830347923930825 -0.040130007119505456 0.052603419844284217 -0.040325355302496091 0.049459789537152486 0.061267400063889171 -0.050567062514031494 0.040515324519915741 0.0017882401481554217 0.053583257561223133 0.010590591116722661 -0.052126550557478168 -0.057413915236387371 0.011495948988441215 0.0082102472344682681 -0.029673935200848017 -0.03453035739138266 -0.016283590155108048 0.0074492918247580893 0.038223465941278734 0.026601432493996241 -0.054370519088935768 -0.021706133903035787 0.015606572169920155
leaf_weight=1241.2972535318695 380.87207439634949 96.803270209464245 320.32667973544449 52.46417102124542 13.093225186690686 15.526069877087137 21.583706311881542 6.4822408258914974 9.2751101180911082 7.3405781798064682 3.5479332320392194 9.0101656205952185 5.6411189697682849 4.547192605212329 32.299710276070982 10.103809545747934 12.849357685074208 12.297607660293581 6.3077253960072985 20.283609971404076 5.5857992433011523 11.722126504406331 6.2614372782409182 5.2405122630298138 5.8664152994751939 3.4898851960897463 6.4044199259951702 3.5826665125787249 5.3429465014487505 106.35723473783582
leaf_count=6066 7341 5664 3452 634 112 1750 84 44 45 49 18 28 28 19 186 45 59 71 37 97 26 69 36 26 27 18 28 29 34 501
internal_value=-1.76279e-11 -0.0099686 0.0025231 -0.00125362 0.00054111 -0.0205136 0.00345569 0.00736813 0.00169272 0.0124374 0.0150981 -0.00283575 0.0149626 -0.0120786 -0.0069751 0.0169578 0.0282034 -0.0114606 -0.0190755 -0.0142282 -0.0332806 -0.00358255 -0.0016673 0.0101042 -0.0191043 0.00753207 -0.000372153 -0.0142862 0.00197228 0.0188496
internal_weight=2441.81 493.201 1948.6 385.884 333.42 112.329 1562.72 321.423 151.646 169.777 156.57 129.522 24.439 15.4288 105.083 16.5861 22.1245 88.4966 56.1969 49.8891 17.8834 32.0057 28.6293 9.7877 13.207 22.3679 18.8199 12.4155 8.83283 127.941
internal_count=26623 14755 11868 4198 3564 7414 7670 1604 780 824 748 676 101 73 575 89 104 486 300 263 97 166 163 45 76 127 109 81 52 585
is_linear=0
shrinkage=0.05


Tree=51
num_leaves=31
num_cat=0
split_feature=7 7 6 15 15 5 11 21 15 9 18 0 1 14 1 1 9 18 6 10 0 6 18 15 5 13 1 9 15 6
split_gain=23.2182 4.83177 3.69416 3.66089 2.66629 4.4158 3.34427 3.90397 3.18148 2.60995 3.42549 2.8631 3.77116 3.00668 2.5158 2.46155 3.32086 2.91601 2.41566 2.34194 3.29309 3.52057 6.83988 5.66979 5.6225 7.05973 5.22064 4.4964 8.49165 4.03787
threshold=0.056657678479712384 0.012247402020783836 7.1500000000000012 16.500000000000004 1.5000000000000002 51.500000000000007 1.5000000000000002 11.500000000000002 -5.4999999999999991 4.4500000000000011 1625.0000000000002 4.5000000000000009 3.5000000000000004 476.50000000000006 9.5000000000000018 4.5000000000000009 4.9000000000000012 1540.0000000000002 1.2500000000000002 1.5000000000000002 8.5000000000000018 2.9500000000000006 1050.0000000000002 -2.4999999999999996 54.250000000000007 4.5000000000000009 2.5000000000000004 4.291666666666667 -1.4999999999999998 6.5500000000000007
decision_type=2 2 2 10 10 8 10 2 10 10 8 2 8 10 10 8 10 8 2 8 2 2 10 10 8 2 10 10 10 2
left_child=1 -1 14 4 5 8 -6 9 -4 10 11 12 -8 -14 18 16 -11 -18 -2 -20 -21 22 26 -24 25 -23 -22 -26 -29 -27
right_child=2 -3 3 -5 6 -7 7 -9 -10 15 -12 -13 13 -15 -16 -17 17 -19 19 20 21 24 23 -25 27 29 -28 28 -30 -31
leaf_value=-0.024525966095448319 0.026073135184334569 -0.0088919442144894858 0.075816215659188668 -0.029263342485635609 -0.016876054065395347 -0.0050454648478287312 -0.038773222857355044 -0.0071670875445153789 0.0015367289606837611 -0.023686778376616646 0.058807208721949084 0.025760823926516709 0.042593242099245227 -0.010291165245496836 0.028297424042543845 -0.0067586936534439028 0.018058659552624357 -0.027719597178189687 0.00072964662854630054 0.0031255941287863555 -0.068892595790041949 0.043942103868023268 -0.021032354082985729 0.024774168256542113 0.038224207076766333 -0.028630744161673521 -0.0054701340226555178 0.032649495693633512 -0.00026772437101314919 0.029660529589220552
leaf_weight=58.198085216106847 11.408383334055541 327.6599654708989 2.9214853513985872 11.732790187932549 18.341462237760425 273.78770319465548 4.7872534217312905 45.176295434124768 2.8457393124699584 6.2463596556335679 4.985731614753603 23.681800922378898 5.0679807364940643 5.7222701739519835 10.010121909901498 29.989407477900386 49.578476591967046 3.7411504983901969 659.60303084040061 698.07706973701715 5.4510189685970536 5.6861797198653248 9.5870496304705721 22.871881853789091 25.814107524231076 17.618232268840078 8.0166113972663862 34.970033651217818 44.554336573928595 3.5734570752829304
leaf_count=4796 286 8473 18 188 237 3281 63 523 35 69 33 214 47 68 42 387 477 44 3319 3191 24 23 57 113 93 99 46 139 215 23
internal_value=-1.27036e-10 -0.01125 0.00212181 -0.00167125 -0.000992389 -0.00413342 0.00345773 0.00554153 0.0391643 0.00983246 0.0197675 0.0148097 -0.00183883 0.0145477 0.00331193 0.00492402 0.0108059 0.0148466 0.00315029 0.00298001 0.00467405 0.0107419 -0.00118435 0.0112448 0.0148845 -0.00552759 -0.0311404 0.0200928 0.0142073 -0.0188014
internal_weight=2431.71 385.858 2045.85 488.606 476.873 279.555 197.318 178.977 5.76722 133.8 44.245 39.2593 15.5775 10.7903 1557.24 89.5554 59.566 53.3196 1547.23 1535.82 876.22 178.143 45.9266 32.4589 132.216 26.8779 13.4676 105.338 79.5244 21.1917
internal_count=26623 13269 13354 5684 5496 3334 2162 1925 53 1402 425 392 178 115 7670 977 590 521 7628 7342 4023 832 240 170 592 145 70 447 354 122
is_linear=0
shrinkage=0.05


Tree=52
num_leaves=31
num_cat=0
split_feature=7 6 7 15 9 1 13 15 2 20 18 12 15 7 11 9 9 14 18 14 14 6 10 6 6 6 6 6 14 11
split_gain=21.6856 4.73288 4.00047 2.26927 2.38388 2.3357 2.17727 2.35098 2.86246 2.64007 2.61913 3.3972 2.58498 4.04371 2.51945 2.87307 2.21567 3.15258 2.49102 2.24378 4.87929 2.54186 2.44588 2.93979 2.56673 2.13253 2.10979 2.09563 2.07155 1.98713
threshold=0.056657678479712384 54.250000000000007 0.11834733893557424 16.500000000000004 5.4500000000000011 4.5000000000000009 1.5000000000000002 1.5000000000000002 1.0000000180025095e-35 1.5000000000000002 1625.0000000000002 0.36666666666666675 -1.0000000180025095e-35 0.099504950495049524 1.5000000000000002 3.4500000000000006 5.4500000000000011 493.50000000000006 810.00000000000011 466.50000000000006 454.50000000000006 11.350000000000003 1.5000000000000002 11.950000000000001 13.850000000000003 1.2500000000000002 15.350000000000003 178.95000000000002 445.50000000000006 3.5000000000000004
decision_type=2 2 2 8 10 8 2 10 2 10 8 10 10 2 10 10 10 8 10 10 8 2 10 2 2 2 2 2 8 8
left_child=1 -1 3 5 -5 6 28 8 12 -10 11 14 16 -14 -9 -16 17 19 -18 20 22 -21 23 -8 -24 -4 -13 29 -2 -3
right_child=2 27 25 4 -6 -7 7 10 9 -11 -12 26 13 -15 15 -17 18 -19 -20 21 -22 -23 24 -25 -26 -27 -28 -29 -30 -31
leaf_value=-0.0078620495861537135 0.0087775312072810065 -0.043703135931752894 0.024958921305861675 -0.0075870751736548617 -0.045838170584040779 -0.0067712097095620361 0.0091895771516522177 -0.021821444618670305 -0.018084755655789819 0.012746525701083708 0.037722701949297686 -0.048618223913432394 0.0015053629025362631 -0.052042428035932821 0.038303664019051165 0.0074687415657051937 -0.050907220259692611 0.045952291100191459 0.0030603642481116244 -0.049001581830028056 0.06136215430724358 0.010987014833437628 0.044536288928258422 -0.065260353785865199 -0.017865241035923653 0.0029697116546906158 0.022146574054449059 -0.038296577444481013 -0.045668562871127014 -0.015045465642998572
leaf_weight=294.18443206092343 2.8067769715562454 6.6449101760517797 11.100419473834334 13.242607630789282 5.8825854631140819 138.78397361002862 3.0565582755953127 6.4271225333213797 36.670959451235831 8.5651458315551263 6.9218444209545842 4.3406370915472499 13.779440855607392 4.737864999100565 8.4427712261676771 71.796205330640078 2.4320923313498524 7.5512213800102463 17.695542112924159 3.0590195320546618 4.8455401901155701 4.1771814189851284 4.4768629930913448 2.3418696383014321 2.6078140381723642 1643.4253990533762 1.3907572962343691 14.675093121593816 4.6270965188741684 67.452234689262696
leaf_count=6570 39 453 289 180 103 1855 32 81 491 100 60 66 170 54 67 759 39 68 231 28 40 45 39 34 38 8352 16 1750 78 4496
internal_value=-4.05808e-11 -0.0109155 0.00205394 -0.00256765 -0.0193525 -0.00167974 0.00149249 0.00241101 -0.00242347 -0.0122471 0.00805729 0.00583494 0.00385656 -0.0121955 0.00830045 0.0107132 0.00954606 0.0176976 -0.00346073 0.00901213 0.0187772 -0.0143725 0.00224711 -0.0231072 0.0215668 0.00311724 -0.0314467 -0.0210343 -0.0251116 -0.0176154
internal_weight=2418.14 382.957 2035.19 380.659 19.1252 361.534 222.75 215.316 115.997 45.2361 99.3193 92.3975 70.761 18.5173 86.6661 80.239 52.2437 32.1161 20.1276 24.5648 17.3286 7.2362 12.4831 5.39843 7.08468 1654.53 5.73139 88.7722 7.43387 74.0971
internal_count=26623 13269 13354 4713 283 4430 2575 2458 1409 591 1049 989 818 224 907 826 594 324 270 256 183 73 143 66 77 8641 82 6699 117 4949
is_linear=0
shrinkage=0.05


Tree=53
num_leaves=31
num_cat=0
split_feature=6 6 15 6 1 14 6 15 9 9 18 4 15 14 6 15 20 9 21 20 11 20 6 7 11 15 7 15 7 18
split_gain=21.1412 5.44328 2.21588 2.1581 2.01159 6.27809 5.81023 4.10439 9.91226 9.00748 6.73836 5.21281 7.59153 4.08288 4.28028 4.00252 3.91781 3.61361 3.27562 4.25186 3.49255 6.49151 4.24166 4.05932 3.31754 3.2338 3.04277 3.00459 2.9915 2.66032
threshold=14.050000000000002 48.050000000000004 -21.499999999999996 178.95000000000002 6.5000000000000009 443.50000000000006 6.1500000000000012 -1.4999999999999998 3.9000000000000004 3.5500000000000003 1215.0000000000002 1.0000000180025095e-35 1.0000000180025095e-35 485.50000000000006 5.1500000000000012 -1.4999999999999998 1.0000000180025095e-35 3.1000000000000005 10.500000000000002 2.5000000000000004 2.5000000000000004 1.0000000180025095e-35 2.2500000000000004 0.30776515151515155 3.5000000000000004 -7.4999999999999991 0.14815627743634771 -6.4999999999999991 0.35098522167487695 1450.0000000000002
decision_type=2 2 8 2 8 10 2 10 8 10 8 2 10 10 2 8 8 10 2 8 10 10 2 2 10 10 2 10 2 8
left_child=4 2 -2 -3 -1 15 7 8 10 11 27 12 -9 -10 25 -6 -17 -12 20 -20 21 -11 -22 -24 -21 -15 -8 -7 -14 -28
right_child=1 3 -4 -5 5 6 26 9 13 18 17 -13 28 14 -16 16 -18 -19 19 24 22 -23 23 -25 -26 -27 29 -29 -30 -31
leaf_value=0.0029469155760291463 -0.074009713967051957 -0.016649379535614937 -0.0063690492373300019 -0.037642669097257594 -0.067536414960257654 -0.087102498084713348 -0.009279820657894693 -0.036246675255355396 0.041510736625284428 -0.060548365757370382 -0.016114096065166388 0.054783041843783423 0.0066087751759971837 0.026932274313100735 0.046587042493852628 0.029354227636759468 -0.035360784216970378 0.031750734126211815 -0.059666742245200424 0.025273274737784547 -0.046168001603059297 0.01421327366550364 -0.0078154142639201146 0.032682397931526767 -0.038727514966903499 -0.013234017187011763 -0.022389050345831798 -0.023321132328329754 0.049109152240287092 -0.090067171707080521
leaf_weight=1688.6947751133703 1.2147080013528464 89.700031062122434 375.60185695439577 14.176709324005058 5.3368309773504734 3.4170484691858292 52.266175258904696 6.9745507687330308 23.135263500735164 6.9628183441236597 8.9506034031510335 7.7621863447129718 9.1418254598975199 8.064669549465183 7.1919573117047539 3.4480344280600557 7.2690757606178531 7.0483340248465529 7.8216430330648992 3.8945977613329887 3.8382501769810942 4.9804050205275416 13.848449669778349 11.185655824840067 4.217532079666853 13.234355123713613 4.208126723766326 4.0172088406980064 7.5680463733151546 2.2170332334935665
leaf_count=10246 40 5576 7389 1750 41 18 629 38 89 50 49 28 50 33 29 27 60 30 45 24 24 27 78 37 21 65 40 28 40 22
internal_value=-2.40962e-11 -0.00938067 -0.0065871 -0.0195145 0.00234039 -0.00196308 0.000220959 0.00507156 0.0136653 -0.00224216 -0.0133042 0.0192233 0.00756921 0.0259068 0.0132361 -0.0321576 -0.0145399 0.00497276 -0.0141369 -0.0333629 -0.00663132 -0.0293723 0.00277561 0.0102797 -0.00800102 0.00197456 -0.0132714 -0.0526373 0.0258576 -0.0457417
internal_weight=2407.39 480.693 376.817 103.877 1926.7 238.001 221.947 163.255 75.0594 88.196 23.4332 31.4466 23.6844 51.6262 28.491 16.0539 10.7171 15.9989 56.7494 15.9338 40.8156 11.9432 28.8724 25.0341 8.11213 21.299 58.6913 7.43426 16.7099 6.42516
internal_count=26623 14755 7429 7326 11868 1622 1494 803 341 462 125 156 128 216 127 128 87 79 306 90 216 77 139 115 45 98 691 46 90 62
is_linear=0
shrinkage=0.05


Tree=54
num_leaves=31
num_cat=0
split_feature=7 6 1 0 0 6 9 11 15 14 9 5 14 1 11 15 11 6 5 11 0 14 10 9 3 14 14 21 20 15
split_gain=19.7719 6.45787 2.5931 1.97522 2.18409 1.93959 1.93014 3.06975 5.05866 5.14021 6.26207 8.30135 4.61803 5.44197 4.32226 4.31166 6.26226 4.43809 9.50456 6.97109 3.99341 3.79114 6.87186 7.08867 5.25158 5.01968 4.32467 5.84119 6.07643 5.62079
threshold=0.099504950495049524 50.750000000000007 9.5000000000000018 13.500000000000002 12.500000000000002 178.95000000000002 4.5500000000000007 1.5000000000000002 1.5000000000000002 451.50000000000006 3.3666666666666671 52.500000000000007 458.50000000000006 2.5000000000000004 8.5000000000000018 8.5000000000000018 6.5000000000000009 3.3500000000000001 55.500000000000007 2.5000000000000004 7.5000000000000009 540.50000000000011 1.5000000000000002 3.3666666666666671 1.0000000180025095e-35 1003.5000000000001 494.50000000000006 10.500000000000002 1.0000000180025095e-35 -4.4999999999999991
decision_type=2 2 10 2 2 2 8 10 8 8 10 10 8 8 8 8 8 2 8 8 2 10 10 10 2 10 10 2 10 8
left_child=1 3 6 4 -1 -3 7 -2 21 15 12 -12 -11 -14 20 16 17 18 19 -10 -13 26 24 -24 -23 -26 -9 28 -28 -29
right_child=2 5 -4 -5 -6 -7 -8 8 9 10 11 14 13 -15 -16 -17 -18 -19 -20 -21 -22 22 23 -25 25 -27 27 29 -30 -31
leaf_value=-0.0054844710292545158 -0.0051117154683981226 -0.016602388747738873 0.026216307744668307 -0.056834291196296453 0.034438695398393816 -0.036941790661884889 0.0041219839710101552 -0.0021734547933586665 -0.043631185901627269 0.053781624901405624 -0.076069328501855979 -0.0046633882232921652 -0.0064691748490526921 0.023942441671522194 0.044871177660300555 0.026725158340297789 -0.080832581150369689 -0.026206215519280068 0.067748065221899759 0.029525084395331622 0.018246980325774011 -0.041856616120883143 -0.045605425456995502 0.016793375590096776 -0.036890263352697128 0.036441478762182997 0.036529976615518746 -0.040074767327074171 -0.0029519724853956397 0.008013281475287657
leaf_weight=545.55648395465687 172.95005795126781 80.877684927312657 11.700902119278906 1.8608746770769347 3.4474306255578986 13.707888133474624 947.51269402913749 245.12196617852896 7.7232281081378469 9.5922111310064775 3.2228819802403441 59.818086029961705 18.911383202299476 66.216289888136089 6.5022347792983046 7.9447586219757786 3.1891029775142661 16.851112399250269 5.0488471742719403 5.6303693614900121 27.887965824455023 22.371877515688539 5.6282827928662327 23.789764557033777 4.3235357031226176 5.0703635737299919 29.101775833405554 8.3781448956578952 14.651526208966969 22.120688171125952
leaf_count=9763 1093 5302 58 37 36 1750 5375 1275 37 38 25 345 85 347 29 42 17 127 16 25 148 120 30 90 22 21 127 54 87 102
internal_value=5.49055e-11 -0.00748049 0.00275703 -0.00540809 -0.00523378 -0.0195501 0.00259924 0.0007776 0.00242283 0.00813156 0.0117378 0.00283807 0.0208924 0.0171864 0.00553751 -0.00680679 -0.0137367 -0.00766705 0.00930926 -0.0127858 0.00262144 -0.00115547 -0.0125573 0.00485519 -0.0286829 0.00269059 0.00102883 0.0116003 0.0233088 -0.00519669
internal_weight=2396.71 645.45 1751.26 550.865 549.004 94.5856 1739.56 792.046 619.096 238.538 192.151 97.4312 94.7199 85.1277 94.2083 46.3874 38.4427 35.2536 18.4024 13.3536 87.7061 380.558 61.1838 29.418 31.7658 9.3939 319.374 74.2521 43.7533 30.4988
internal_count=26623 16888 9735 9836 9799 7052 9677 4302 3209 1281 1017 547 470 432 522 264 222 205 78 62 493 1928 283 120 163 43 1645 370 214 156
is_linear=0
shrinkage=0.05


Tree=55
num_leaves=31
num_cat=0
split_feature=7 7 9 1 14 14 0 3 7 7 14 12 0 6 9 14 9 9 9 14 9 15 0 9 14 18 14 5 18 7
split_gain=18.8476 6.14086 2.95587 2.48567 2.05706 2.15158 6.68085 2.89025 4.91073 2.74843 1.86178 2.97855 4.01342 4.00453 2.52693 8.64756 3.55252 3.53797 5.1242 5.54055 5.0303 4.31596 5.79312 5.17173 5.30441 6.01292 4.68853 10.071 4.63366 6.64806
threshold=0.099504950495049524 0.031496141102712143 9.2250000000000014 9.5000000000000018 1125.5000000000002 1088.5000000000002 2.5000000000000004 1.0000000180025095e-35 0.28991596638655465 0.19049346879535561 483.50000000000006 0.63333333333333341 2.5000000000000004 2.1500000000000008 10.100000000000001 469.50000000000006 11.100000000000001 5.7083333333333348 5.5500000000000007 457.50000000000006 6.4500000000000011 3.5000000000000004 5.5000000000000009 8.7083333333333339 448.50000000000006 1450.0000000000002 450.50000000000006 53.250000000000007 1265.0000000000002 0.2817460317460318
decision_type=2 2 8 10 10 10 2 2 2 2 10 10 2 2 10 10 10 10 10 10 10 8 2 10 10 10 10 8 8 2
left_child=1 2 -1 4 5 10 -7 8 9 -8 14 -12 -13 -14 17 -16 -17 18 -2 -20 -19 26 28 24 -24 -26 -22 -28 -23 -30
right_child=3 -3 -4 -5 -6 6 7 -9 -10 -11 11 12 13 -15 15 16 -18 20 19 -21 21 22 23 -25 25 -27 27 -29 29 -31
leaf_value=-0.012992467910069947 0.0031575139010473294 -0.0043608978786741255 -0.033224024370806501 0.025059814615108839 -0.024311532943978375 -0.035618730313408523 0.020534599635660566 0.063913002217586612 0.050329507353247163 -0.038024285520824319 0.0010417938774174458 -0.070291589762967233 0.023562551806697401 -0.034371077642950824 -0.028526082595765129 -0.012175376628685466 0.048088103572640775 0.018592865169238599 0.0019933788185764064 -0.0494147354008065 -0.002130159328256324 -0.023083009509436953 -0.080728084801416328 0.0060534906026361223 0.0081597435920003677 -0.068723252544477184 -0.061234926823064806 0.020850347311928114 -0.008497170865294567 0.05014932879013461
leaf_weight=152.38226544531062 606.31797259161249 467.80740486085415 20.480149819515646 12.328497138805686 7.1091257818043223 4.7909284513443735 4.2295035924762505 4.8091409355401984 6.8854602724313727 3.8075690791010857 749.35787990503013 3.2774296812713137 5.4974084505811316 6.5211606621742249 21.069463608786467 3.7908638119697553 6.890753822401166 92.801508878357708 11.263986551202835 9.8021983029320818 55.043700796552002 8.3524257354438323 5.6722575388848844 8.7140644490718824 6.7018950060009939 4.0982213392853737 3.9293933808803549 76.180158587638289 9.4534507505595702 9.88524531573057
leaf_count=8015 3343 7329 1544 58 41 27 35 15 29 22 4145 27 62 45 155 30 33 490 67 55 319 39 34 40 38 27 22 434 58 45
internal_value=-3.29187e-11 -0.00733656 -0.0153894 0.00268807 0.00252922 0.00263957 0.0173445 0.0302042 0.0193407 -0.00720772 0.00242803 0.000595949 -0.0212462 -0.00787168 0.0039184 -0.00994678 0.0267008 0.00440313 0.00231523 -0.0219271 0.00906753 0.00436635 -0.00774441 -0.0250975 -0.0415768 -0.0210143 0.00910459 0.016824 0.0080391 0.0214808
internal_weight=2389.25 640.67 172.862 1748.58 1736.25 1729.14 24.5226 19.7317 14.9225 8.03707 1704.62 764.654 15.296 12.0186 939.968 31.7511 10.6816 908.216 627.384 21.0662 280.832 188.031 52.8776 25.1864 16.4724 10.8001 135.153 80.1096 27.6911 19.3387
internal_count=26623 16888 9559 9735 9677 9636 128 101 86 57 9508 4279 134 107 5229 218 63 5011 3465 122 1546 1056 281 139 99 65 775 456 142 103
is_linear=0
shrinkage=0.05


Tree=56
num_leaves=31
num_cat=0
split_feature=6 6 7 9 14 14 12 11 5 9 15 1 14 14 9 9 21 0 0 9 11 14 11 14 15 9 0 15 1 15
split_gain=17.4256 3.93004 2.90876 2.71505 2.32221 2.37669 2.05767 2.04287 2.83379 2.6028 1.97986 1.91549 2.80158 2.44352 3.61886 5.2549 2.6255 2.80158 2.62108 2.24873 2.08487 3.13513 2.80235 2.49454 2.36756 2.34871 2.34537 3.28061 1.83119 1.81716
threshold=17.750000000000004 121.95000000000002 0.099504950495049524 10.633333333333335 520.50000000000011 475.50000000000006 0.45000000000000007 9.5000000000000018 53.250000000000007 5.366666666666668 13.500000000000002 6.5000000000000009 444.50000000000006 476.50000000000006 8.4500000000000011 6.5500000000000007 9.5000000000000018 2.5000000000000004 4.5000000000000009 7.366666666666668 4.5000000000000009 1066.5000000000002 8.5000000000000018 483.50000000000006 5.5000000000000009 3.7083333333333335 4.5000000000000009 -2.4999999999999996 9.5000000000000018 -20.499999999999996
decision_type=2 2 2 10 10 10 10 8 10 10 10 8 10 10 8 10 2 2 2 10 10 8 8 10 10 8 2 10 10 8
left_child=2 6 3 7 5 -5 29 10 9 -9 11 13 -13 -1 15 20 -17 -18 -19 -20 21 23 24 -15 26 -25 27 -22 -4 -2
right_child=1 -3 28 4 -6 -7 -8 8 -10 -11 -12 12 -14 14 -16 16 17 18 19 -21 22 -23 -24 25 -26 -27 -28 -29 -30 -31
leaf_value=-0.0048948829978610713 -0.06644076750777532 -0.028037998065029126 0.0024439236323331092 0.03567350319795299 0.077548765393247232 -0.033602554513670641 -0.045662596347445059 0.075116129595937109 -0.023111951446009499 -0.011216987991086164 -0.029312939395491455 0.025941162789689772 -0.018447239010551425 0.041757818018585101 -0.042705621807617312 0.061719909596594395 0.059759217641856766 -0.050209819136889516 -0.0099351019307202248 0.04449638768898817 -0.029374757349178916 -0.056706057231550859 0.030797200575514661 0.022468353211168472 -0.044756514500684158 -0.0047071652846126157 -0.021346709296203963 0.033636287223734372 0.02205185716762157 -0.0079009422248724447
leaf_weight=105.54198397509754 1.330951972864568 27.997634478786495 1725.7388018141501 3.5084002092480651 1.744551734998822 1.9132294422015546 3.6928858151659361 1.4897861815989046 23.57338850479573 2.1087873782962561 6.6064368719235054 4.0678216051310292 28.18097631726414 6.1201218366622916 3.6249343771487466 5.3624052945524481 3.2678935825824729 1.6986629962921123 3.6339250206947327 3.970940014347434 3.1202798914164305 1.7101140115410078 4.0546211181208482 13.929079117253421 5.0153658222407094 18.525281364098191 11.735376341268418 6.1117125190794557 11.989951152354477 332.84652682743035
leaf_count=1403 69 3055 9677 45 11 35 103 12 368 37 136 56 423 64 60 47 26 29 57 47 39 26 52 144 67 243 181 70 58 9983
internal_value=-3.53048e-11 -0.010036 0.0018283 -0.00299361 0.0273724 0.0112268 -0.00854428 -0.00381961 -0.0168031 0.0245244 -0.0023265 -0.00155024 -0.0128481 0.000295258 0.00625709 0.00826814 0.0324277 0.019933 0.00594393 0.0184867 0.00210685 0.00954089 -0.00786331 0.0124778 -0.0138963 0.00695629 -0.00651459 0.0123395 0.00257921 -0.00813409
internal_weight=2374.21 365.868 2008.34 270.616 7.16618 5.42163 337.87 263.45 27.172 3.59857 236.278 229.671 32.2488 197.423 91.8807 88.2558 17.9338 12.5714 9.30353 7.60487 70.322 40.2846 30.0374 38.5745 25.9827 32.4544 20.9674 9.23199 1737.73 334.177
internal_count=26623 13210 13413 3678 91 80 10155 3587 417 49 3170 3034 479 2555 1152 1092 206 159 133 104 886 477 409 451 357 387 290 109 9735 10052
is_linear=0
shrinkage=0.05


Tree=57
num_leaves=31
num_cat=0
split_feature=6 7 6 14 15 21 5 11 6 14 1 11 14 6 2 15 14 9 15 15 9 14 15 15 14 10 9 14 11 1
split_gain=16.4121 4.35771 2.8301 2.52072 2.04827 1.83951 2.36155 2.35429 1.90805 2.06788 2.49997 1.78292 1.74394 1.7009 1.71176 5.72115 5.26836 4.33367 4.15775 3.80758 3.23255 8.79619 3.3103 3.30801 6.26004 3.6627 5.70562 6.83716 5.75284 6.86514
threshold=25.750000000000004 0.11834733893557424 178.95000000000002 487.50000000000006 7.5000000000000009 11.500000000000002 55.500000000000007 4.5000000000000009 99.65000000000002 516.50000000000011 6.5000000000000009 2.5000000000000004 542.50000000000011 1.2500000000000002 1.0000000180025095e-35 17.500000000000004 1091.5000000000002 10.100000000000001 1.0000000180025095e-35 9.5000000000000018 10.100000000000001 467.50000000000006 -1.4999999999999998 -9.4999999999999982 1056.5000000000002 3.5000000000000004 7.5500000000000007 479.50000000000006 2.5000000000000004 3.5000000000000004
decision_type=2 2 2 8 8 2 8 8 2 10 8 8 8 2 2 10 10 10 8 8 10 10 8 8 8 10 10 10 10 10
left_child=1 -1 3 4 -2 -5 12 -8 9 -9 -11 -6 -7 -3 16 20 17 -15 -19 -20 23 -22 -23 24 -16 26 28 -28 -25 -30
right_child=2 13 -4 5 11 6 7 8 -10 10 -12 -13 -14 14 15 -17 -18 18 19 -21 21 22 -24 25 -26 -27 27 -29 29 -31
leaf_value=-0.0026905942312783794 -0.0061939718529131415 0.022752509912095861 -0.036075689243672743 -0.025625462865594213 0.028996042570865868 -0.041803418931371961 -0.039970458818389835 -0.014651664432294619 0.062225136178003362 0.0033478157741839302 0.11421366910574796 -0.031484101020709553 0.071240577347939968 0.0042236636122977697 -0.006612479848689636 -0.031705468725309015 0.045966813322709424 -0.041227060926458531 0.019950443493876788 -0.032676856063701971 -0.041874893201680245 0.063911475942606655 0.019504356460047102 -0.0020853468766142197 -0.072206719675096842 -0.0091168836371010656 0.014285746481927944 -0.038788236319052934 0.017546630895531122 0.0026860513506980254
leaf_weight=512.55255397455767 132.82904319930822 10.39786100713536 12.5711040640017 43.557360866805539 1.3419034816324682 4.6605735633056584 2.0263797617517403 4.0452683866024017 2.0330384108237922 1.3198781656101348 0.8271458139643072 13.256975830998272 0.3681221636943518 838.88821498677135 33.938249061815441 13.365894820541142 7.4050588533282271 10.317779755219815 9.1593089308589715 5.5011090002953997 4.6154605112969902 6.5314015485346317 11.740004101768138 239.93622669856995 4.0739842001348725 72.31717854551971 9.4192181676626223 17.055963544175029 121.53968281112611 215.54661981016397
leaf_count=7164 5591 289 1750 2105 33 252 96 192 97 48 16 625 13 4188 188 108 29 70 56 47 26 29 66 1330 26 417 54 105 522 1091
internal_value=1.75666e-11 0.00133114 -0.0130434 -0.0116397 -0.0081478 -0.0203891 -0.00546267 0.00830407 0.0201969 0.0063983 0.0460591 -0.0259249 -0.0335281 0.00259442 0.00246515 0.000714187 0.00397255 0.00361258 -0.0169107 0.000202813 0.00130236 0.0197992 0.0353784 0.000709315 -0.0136426 0.00151656 0.00279077 -0.0199058 0.00383214 0.00804418
internal_weight=2363.14 2144.3 218.837 206.266 147.428 58.8378 15.2804 10.2517 8.22533 6.19229 2.14702 14.5989 5.0287 1631.75 1621.35 750.08 871.271 863.866 24.9782 14.6604 736.714 22.8869 18.2714 713.827 38.0122 675.815 603.498 26.4752 577.023 337.086
internal_count=26623 15805 10818 9068 6249 2819 714 449 353 256 64 658 265 8641 8352 3962 4390 4361 173 103 3854 121 95 3733 214 3519 3102 159 2943 1613
is_linear=0
shrinkage=0.05


Tree=58
num_leaves=31
num_cat=0
split_feature=6 6 7 11 9 9 9 1 9 14 15 15 1 15 9 9 15 12 0 5 14 12 15 13 9 12 14 0 14 15
split_gain=15.1064 4.08353 2.15706 2.09872 2.71155 2.47708 3.61531 2.71704 5.05272 2.56525 2.43528 1.79878 2.10651 2.81673 2.40722 2.09547 1.87824 3.68061 2.49073 1.91674 4.1275 5.14143 1.849 1.79864 2.41555 3.1157 2.24111 2.15185 2.01136 2.90285
threshold=17.750000000000004 114.35000000000001 0.11834733893557424 9.5000000000000018 11.633333333333335 13.550000000000002 12.450000000000001 3.5000000000000004 5.2250000000000005 422.50000000000006 -17.499999999999996 16.500000000000004 7.5000000000000009 -3.4999999999999996 4.1000000000000005 2.7750000000000004 8.5000000000000018 0.22500000000000003 9.5000000000000018 505.00000000000006 833.50000000000011 1.0000000180025095e-35 13.500000000000002 2.5000000000000004 2.4500000000000006 0.36666666666666675 461.50000000000006 5.5000000000000009 447.50000000000006 -1.4999999999999998
decision_type=2 2 2 8 8 10 10 10 8 10 8 10 8 10 10 10 10 8 2 10 10 10 10 2 10 8 10 2 10 10
left_child=2 -2 3 4 10 6 7 8 -5 -9 -1 12 16 14 -14 -15 23 18 19 20 21 -18 -21 28 25 -25 -27 -28 29 -12
right_child=1 -3 -4 5 -6 -7 -8 9 -10 -11 11 -13 13 15 -16 -17 17 -19 -20 22 -22 -23 -24 24 -26 26 27 -29 -30 -31
leaf_value=-0.059182847816267238 -0.0079250735127102245 -0.027669406527856377 0.0024746031492859132 0.067735329755447132 0.058624321857548949 0.04998222694975768 -0.085487415119047519 0.035532232473418274 -0.0082355088741818128 -0.032155364458222667 0.040530393919709404 -0.028244403966509526 -0.041760648164852254 0.032220397844008486 0.026004351856527486 -0.028390949409721911 -0.0062061188490072257 -0.049011942918235143 -0.030423150129557004 -0.019371585271419765 0.076505963802563748 0.062911989001784283 0.043609849542825124 0.05511653627114043 -7.6418048894491726e-05 0.043313355610094133 -0.065771891404103153 0.0072855941958499927 -0.036441896757631549 -0.033840176647103537
leaf_weight=1.7730095116421578 326.03460707399063 28.474376856291201 1625.0029889643192 2.4624463375657824 1.9347526878118504 1.5455415043979872 1.7184941507875908 1.5351177826523805 19.682101711630821 15.874052270315586 2.7161229625344276 5.7076370688155285 1.6561986990273023 1.5504712872207189 6.2789608100429177 17.759602563455701 7.4765714304521769 2.1124532241374245 2.2289402931928626 3.8431026078760615 4.1914368551224461 4.2030815202742815 1.6724843401461837 4.6257260572165224 241.72110905870795 2.1445981394499549 1.5776057504117487 2.7911125309765339 6.9093345701694489 2.5382385868579131
leaf_count=36 9909 3301 8641 19 15 16 23 19 279 261 31 109 25 13 80 267 97 32 31 49 21 35 21 38 3026 26 23 35 106 39
internal_value=9.41318e-11 -0.00951095 0.00168989 -0.00175437 -0.000392999 -0.0121643 -0.0144915 -0.0114069 0.000212354 -0.0261868 -0.000743818 -0.000423733 7.56118e-05 -0.0132184 0.0118607 -0.0235243 0.00132134 0.0142194 0.0198755 0.0251177 0.0339418 0.018667 -0.000273806 6.92259e-05 0.000972651 0.0237378 0.0014528 -0.0190965 -0.0187113 0.004604
internal_weight=2349.74 354.509 1995.23 370.23 327.413 42.8178 41.2722 39.5537 22.1445 17.4092 325.478 323.705 317.997 27.2452 7.93516 19.3101 290.752 25.7281 23.6156 21.3867 15.8711 11.6797 5.51559 265.024 252.86 11.139 6.51332 4.36872 12.1637 5.25436
internal_count=26623 13210 13413 4772 4155 617 601 578 298 280 4140 4104 3995 385 105 280 3610 286 254 223 153 132 70 3324 3148 122 84 58 176 70
is_linear=0
shrinkage=0.05


Tree=59
num_leaves=31
num_cat=0
split_feature=6 6 11 15 9 15 18 15 6 18 14 21 20 7 18 11 15 3 15 6 6 9 0 3 9 10 21 18 14 18
split_gain=14.4183 3.95603 1.7194 3.23901 3.99908 2.93315 3.96166 3.03777 2.5463 3.63143 3.95497 3.29097 3.96169 3.50752 3.28809 3.1739 3.16204 4.36704 3.86168 3.11994 4.16063 4.29888 3.12067 6.89842 2.66318 4.28669 2.56475 3.60213 2.92504 2.55514
threshold=17.750000000000004 116.95000000000002 7.5000000000000009 -15.499999999999998 6.9000000000000012 17.500000000000004 1150.0000000000002 15.500000000000002 4.4500000000000011 1590.0000000000002 426.50000000000006 11.500000000000002 2.5000000000000004 0.24695121951219515 1450.0000000000002 9.5000000000000018 4.5000000000000009 1.0000000180025095e-35 -4.4999999999999991 5.5500000000000007 6.5500000000000007 4.7750000000000012 3.5000000000000004 1.0000000180025095e-35 9.3666666666666689 3.5000000000000004 11.500000000000002 810.00000000000011 472.50000000000006 1150.0000000000002
decision_type=2 2 10 10 8 10 10 10 2 10 10 2 8 2 8 8 10 2 10 2 2 10 2 2 10 10 2 10 10 10
left_child=2 -2 5 4 -4 7 -7 -1 9 10 -5 12 13 -12 24 -11 18 -18 -14 26 21 -21 -23 29 25 -13 27 -10 -28 -24
right_child=1 -3 3 8 -6 6 -8 -9 19 15 11 14 16 -15 -16 -17 17 -19 -20 20 -22 22 23 -25 -26 -27 28 -29 -30 -31
leaf_value=0.0023587063139622771 -0.0078264778095380513 -0.027914476140226852 -0.065944976602912306 -0.031009075546587037 0.0047157267988896211 -0.0038260106423821712 -0.04759574483163876 0.025332812826316126 0.0018361751969988246 -0.040403119128383819 0.056800000538834994 -0.0078704869416807502 0.012760693462899712 0.016693599229543093 0.020899128774451353 0.0041889868862555425 -0.012071902564754326 0.052732082401134653 -0.042896245628359142 -0.037859787129099855 -0.0064156310247856715 0.047053672300802228 -0.0029977240313241709 -0.040997056460724345 0.010697524027344911 -0.066286416694440103 0.030348222035542011 -0.042563389088513939 -0.02809797819832165 0.050375841583875453
leaf_weight=1640.5336293568835 324.49961115501355 26.51138352311682 4.3083610096946332 6.466866446658968 3.7410882553085694 25.292032467201356 6.4979491699486962 14.515899545513092 6.5839872844517293 8.0684937909245456 6.0296973660588256 8.5942102726548963 5.2708230912685394 56.846155418083072 8.1458824239671213 7.8950251638889322 5.8382113724946958 4.6866013035178185 7.6253821179270762 3.2826901599764851 103.55159533396363 8.6641954146325606 3.3689932525157911 4.6688357442617408 6.0441699018701902 4.9489587992429724 4.6294370442628843 14.920315986499189 3.9820854887366295 6.7052459865808487
leaf_count=10687 9991 3219 37 36 27 180 59 85 35 36 21 37 18 250 36 35 31 16 44 28 1378 41 18 36 31 21 21 104 26 39
internal_value=2.15679e-11 -0.0093437 0.0016467 -0.00180893 -0.0331045 0.00227124 -0.0127727 0.0025602 -0.000960219 0.00405998 0.00702879 0.00918599 0.0140013 0.0205397 -0.00579773 -0.0183493 -0.00355172 0.0167847 -0.0201486 -0.0052323 -0.00187862 0.0157241 0.0232388 0.00924329 -0.0169003 -0.0292169 -0.0197359 -0.0289695 0.0033219 0.0325268
internal_weight=2342.72 351.011 1991.71 304.867 8.04945 1686.84 31.79 1655.05 296.818 136.46 120.497 114.03 86.2969 62.8759 27.7332 15.9635 23.421 10.5248 12.8962 160.357 130.242 26.69 23.4073 14.7431 19.5873 13.5432 30.1158 21.5043 8.61152 10.0742
internal_count=26623 13210 13413 2402 64 11011 239 10772 2338 612 541 505 380 271 125 71 109 47 62 1726 1540 162 134 93 89 58 186 139 47 57
is_linear=0
shrinkage=0.05


Tree=60
num_leaves=31
num_cat=0
split_feature=6 6 6 12 7 15 15 1 3 14 15 9 7 11 14 0 15 15 15 12 6 18 0 13 6 14 1 9 18 15
split_gain=13.6769 4.28607 1.8652 1.98378 1.78466 1.75052 2.5683 9.27834 1.87041 5.17339 3.85609 3.85777 5.22038 5.20148 5.91287 4.24241 5.15323 6.85496 5.30007 4.91593 6.18206 7.57054 5.93705 5.82848 5.26316 4.4041 4.37514 4.34638 7.01887 4.04639
threshold=14.050000000000002 116.95000000000002 35.050000000000004 0.36666666666666675 0.029027637344118642 -30.499999999999996 -18.499999999999996 3.5000000000000004 1.0000000180025095e-35 1076.5000000000002 -14.499999999999998 3.5500000000000003 0.080972987149226336 6.5000000000000009 973.50000000000011 9.5000000000000018 -2.4999999999999996 -5.4999999999999991 7.5000000000000009 0.45000000000000007 2.8500000000000001 1265.0000000000002 2.5000000000000004 4.5000000000000009 2.1500000000000008 465.50000000000006 2.5000000000000004 2.3666666666666671 1215.0000000000002 18.500000000000004
decision_type=2 2 2 8 2 8 8 10 2 10 8 8 2 8 8 2 8 10 10 10 2 10 2 2 2 10 10 10 10 10
left_child=5 2 4 -4 -2 -1 7 -7 -8 10 -10 12 -12 -13 29 16 17 26 19 20 21 23 -21 -18 25 -23 -14 -28 -29 -15
right_child=1 -3 3 -5 -6 6 8 -9 9 -11 11 13 15 14 -16 -17 18 -19 -20 22 -22 24 -24 -25 -26 -27 27 28 -30 -31
leaf_value=0.039198710801014086 0.031321887490555547 -0.027645994545004018 -0.010494845900568839 -0.039617735118124726 -0.0050056971893098013 0.029020149632096977 0.00052046016711242832 -0.068953935564606203 0.040359649804437694 0.04783605902898954 0.043620578739672705 0.0080487060763224146 -0.059313395938863402 -0.0023167045291765903 -0.054978361520820931 -0.025240813579763984 0.020243353871251032 0.031208460504174154 0.01351000368371366 -0.090103011366135619 -0.018909997181208983 0.03474428555543977 -0.019480840279530832 -0.035089684718618931 0.051443076413389348 -0.039613402206039282 0.047534933701059247 0.025858506088635116 -0.043364377312348039 0.029416989795847809
leaf_weight=3.1344302836805582 3.4190684519708148 25.790450502419844 109.90814569266513 6.1759897700976571 302.16921599349007 4.4801762755960208 1040.0240254648961 5.2461784044280648 6.977905161678791 6.5867094807326785 5.855243368074297 428.34159342385828 3.4270880036056068 171.24859413318336 5.1122584901750079 21.52907376177609 7.697551742196084 23.923583788797259 25.826710218563676 4.0146170891821376 50.312182880938053 4.0910565089434412 11.502854800783096 12.467018585652113 11.472471192479132 3.8798972424119711 4.1144050136208561 6.9511796198785287 7.7386764995753765 10.671364052221177
leaf_count=13 89 3219 5506 303 5638 25 6699 43 38 29 48 2577 32 1208 38 132 24 116 136 25 321 25 88 41 32 20 22 35 37 64
internal_value=2.87434e-11 -0.00785903 -0.00664882 -0.0120443 -0.00459925 0.00186398 0.00180184 -0.0238249 0.00193487 0.00369922 0.00334776 0.00303287 -0.00291122 0.00501113 -0.00194553 -0.00428069 -0.00173727 0.0126333 -0.00679022 -0.0117627 -0.00727777 0.0074981 -0.0377519 -0.013967 0.0297594 -0.00144965 -0.00735583 0.00211347 -0.0106084 -0.000455217
internal_weight=2334.09 447.463 421.672 116.084 305.588 1886.63 1883.49 9.72635 1873.77 833.742 827.155 820.177 204.804 615.374 187.032 198.948 177.419 46.1549 131.264 105.438 89.9202 39.608 15.5175 20.1646 19.4434 7.97095 22.2313 18.8043 14.6899 181.92
internal_count=26623 14755 11536 5809 5727 11868 11855 68 11787 5088 5059 5021 1134 3887 1310 1086 954 242 712 576 463 142 113 65 77 45 126 94 72 1272
is_linear=0
shrinkage=0.05


Tree=61
num_leaves=31
num_cat=0
split_feature=6 6 0 9 5 9 2 11 15 14 5 15 0 15 7 2 14 1 5 10 20 9 18 21 14 10 6 5 3 10
split_gain=13.1444 4.59775 2.00496 3.23182 2.48981 2.60556 2.4887 2.29494 2.20322 2.13312 1.87774 2.27053 2.54751 7.95149 2.16168 2.75166 2.53392 2.30056 3.63691 1.86283 1.85667 4.0113 1.89331 1.8136 2.20589 2.26758 1.76006 1.74098 2.42173 1.97669
threshold=11.550000000000002 48.050000000000004 3.5000000000000004 2.7083333333333335 722.50000000000011 3.4500000000000006 1.0000000180025095e-35 3.5000000000000004 12.500000000000002 402.50000000000006 505.00000000000006 8.5000000000000018 1.5000000000000002 -7.4999999999999991 0.04987562189054727 1.0000000180025095e-35 464.50000000000006 5.5000000000000009 55.500000000000007 3.5000000000000004 2.5000000000000004 6.1000000000000005 1450.0000000000002 7.5000000000000009 507.50000000000006 3.5000000000000004 12.550000000000002 585.00000000000011 1.0000000180025095e-35 4.5000000000000009
decision_type=2 2 2 10 8 10 2 10 10 10 10 8 2 8 2 2 10 8 10 10 8 8 10 2 10 8 2 8 2 10
left_child=-1 2 3 26 5 6 -5 -8 23 -7 11 12 13 -11 16 17 -15 18 -16 -6 -14 22 -22 24 25 -4 -2 -12 29 -29
right_child=1 -3 8 4 19 9 7 -9 -10 10 27 -13 20 14 15 -17 -18 -19 -20 -21 21 -23 -24 -25 -26 -27 -28 28 -30 -31
leaf_value=0.0020658523899388008 0.033262272837667389 -0.017293558635422156 -0.058604204836314414 0.046301291532602255 0.0068580511378212739 -0.049046219622512162 -0.035928336432446778 0.028630177628530047 -0.030137388686899681 0.071782825820132068 -0.050882846655279451 0.025857975159508648 0.0013503279640293628 0.012712955058054207 -0.053341433095443605 -0.063622876703434694 -0.032793371981432048 0.025680358570164465 0.044746687242528456 0.075288254609331154 0.062785747736759615 -0.019406567055119471 0.0020419042708159875 -0.0055021064567277334 0.037558250620250644 -0.011065501609077426 -0.0387191236228644 -0.029179489874463272 0.044860918040981634 0.053389758681775867
leaf_weight=1784.8808782682754 0.9621910434216242 88.085841207299381 4.776329588145015 5.8829978788271529 1.9905804749578231 2.3004529485478988 2.4973637014627457 3.0673946645110846 9.9866403676569444 2.5243778564035892 3.148012904915956 8.9710746458731574 53.163057071622461 7.3201169623062068 4.6908063832670424 5.197182090021669 5.2552220071665943 2.2708042711019525 1.1834345702081916 1.9875322375446556 4.9850630145519945 3.4151560771279046 1.7272671479731796 290.20177660044283 1.2199070649221528 5.2830731845460841 7.2339239958673716 6.693034905474633 1.7644952703267334 0.81287368014454831
leaf_count=10582 10 7326 87 80 34 52 47 38 284 35 79 171 966 159 88 95 161 27 15 20 64 88 29 5596 25 112 142 163 28 20
internal_value=3.60678e-12 -0.00684611 -0.00480338 0.000188895 0.00209671 0.000875399 0.0236277 -0.000342525 -0.00703202 -0.00138121 -0.00041189 0.00185028 -0.000497582 -0.0129272 -0.0211779 -0.0351968 -0.0063041 -0.0170588 -0.0335804 0.0410469 0.00508811 0.0247091 0.0471547 -0.00626665 -0.0259373 -0.0336375 -0.0302688 -0.0187563 -0.00784684 -0.0202374
internal_weight=2323.48 538.598 450.512 139.044 130.848 126.87 11.4478 5.56476 311.468 115.422 113.122 100.704 91.7325 28.4419 25.9176 13.3422 12.5753 8.14505 5.87424 3.97811 63.2905 10.1275 6.71233 301.481 11.2793 10.0594 8.19612 12.4184 9.2704 7.50591
internal_count=26623 16041 8715 2611 2459 2405 165 85 6104 2240 2188 1898 1727 580 545 225 320 130 103 54 1147 181 93 5820 224 199 152 290 211 183
is_linear=0
shrinkage=0.05


Tree=62
num_leaves=31
num_cat=0
split_feature=7 6 9 10 15 9 21 0 18 14 2 15 0 15 0 9 6 11 15 7 15 14 7 3 18 0 9 10 7 11
split_gain=12.2477 3.71898 2.44963 1.91854 3.80763 2.91957 2.76039 3.87494 3.07904 2.91168 2.61854 2.85251 2.52312 2.97535 5.59265 2.39868 2.97056 2.27945 2.53926 2.63429 2.22489 2.89935 3.16821 3.21895 2.52796 2.18128 2.48483 2.7419 2.1455 2.11923
threshold=0.031496141102712143 11.550000000000002 9.4500000000000011 2.5000000000000004 2.5000000000000004 4.4500000000000011 9.5000000000000018 1.5000000000000002 1540.0000000000002 497.50000000000006 1.0000000180025095e-35 -2.4999999999999996 6.5000000000000009 9.5000000000000018 2.5000000000000004 4.1000000000000005 19.150000000000002 3.5000000000000004 2.5000000000000004 0.059702024522383809 -3.4999999999999996 477.50000000000006 0.064309346567411094 1.0000000180025095e-35 1450.0000000000002 5.5000000000000009 11.775000000000002 4.5000000000000009 0.035149493451939719 6.5000000000000009
decision_type=2 2 8 10 8 10 2 2 10 8 2 8 2 10 2 8 2 10 10 2 10 10 2 2 8 2 8 10 2 10
left_child=2 -2 -1 4 5 10 7 -5 25 17 20 15 13 14 -11 -12 -17 -9 -19 -20 -3 24 23 -23 -22 26 27 -8 -10 -7
right_child=1 3 -4 6 -6 29 8 9 28 12 11 -13 -14 -15 -16 16 -18 18 19 -21 21 22 -24 -25 -26 -27 -28 -29 -30 -31
leaf_value=-0.011562491925666883 0.0019226812132681591 0.031550924063699491 -0.032665508275562208 -0.047070200479424812 -0.015256658872308175 -0.016381040185213823 0.019970758942835655 0.02181294687069564 0.036682643184929337 0.056617929102323696 -0.036835248384789292 0.0081642687606252422 0.045998132500874506 0.067353855038836327 -0.053221948027580249 -0.040065462540240522 0.062911071812543407 -0.029415694168410295 0.02322564870970931 -0.036471122271645375 0.0038096025840298263 0.10338603580786471 -0.011086619890385032 0.021710646610364235 -0.046140893951976486 0.00083077270364334131 0.065961312509904127 -0.0078516481262675859 -0.024939371576593317 0.0013978734673782646
leaf_weight=137.76941703970078 1783.5948532293551 13.274523380212484 15.276393513428046 6.072980446740984 80.453595034778118 38.480450052302331 33.949175532907248 4.1567155662924078 1.5987830683588971 1.6950603276491145 8.8310030065476859 16.852153945714239 4.5779580306261778 1.2441041618585584 3.663618273101747 1.2840317301452171 1.5405832286924122 16.783978141844276 5.7780821174383146 2.7169707147404552 10.242036916315556 1.969962241128085 3.0508300065994263 3.1121123358607292 3.3652347903698692 57.430758136790246 2.3007077639922491 11.980164203792809 12.124637531116603 29.696530585642904
leaf_count=8196 10582 170 1363 116 1349 690 528 68 37 21 164 266 67 14 78 26 21 341 95 56 160 16 43 48 61 999 28 221 230 569
internal_value=-2.00339e-12 0.000967688 -0.0136689 -0.00353575 -0.00668643 -0.00145099 0.000489132 -0.00981873 0.00452039 -0.00424888 0.00626146 -0.00498924 0.0174728 -0.00230492 -0.0184773 -0.0240071 0.0160993 -0.0124995 -0.0181417 0.00413284 0.0154214 0.00557274 0.0291912 0.0533704 -0.00854373 0.00741426 0.0152537 0.0127136 -0.0177604 -0.0086369
internal_weight=2314.87 2161.82 153.046 378.227 212.153 131.699 166.074 46.6895 119.384 40.6165 63.5225 28.5078 11.1807 6.60278 5.35868 11.6556 2.82461 29.4357 25.279 8.49505 35.0147 21.7402 8.1329 5.08207 13.6073 105.661 48.23 45.9293 13.7234 68.177
internal_count=26623 17064 9559 6482 3583 2234 2899 856 2043 740 975 477 180 113 99 211 47 560 492 151 498 328 107 64 221 1776 777 749 267 1259
is_linear=0
shrinkage=0.05


Tree=63
num_leaves=31
num_cat=0
split_feature=7 6 7 0 21 9 12 15 10 15 9 11 15 5 11 1 14 20 15 1 6 2 18 10 7 18 14 15 6 7
split_gain=11.4595 3.15055 2.16839 1.78806 2.38129 1.94579 2.02529 1.89021 1.75986 2.65843 2.39772 2.96456 2.85839 2.61534 3.41148 2.46099 1.97423 3.99179 2.98426 2.68808 2.54323 2.52408 2.0484 1.94802 1.88395 2.28967 1.84636 2.50171 3.0156 2.09008
threshold=0.031496141102712143 11.550000000000002 0.0080612669283356315 3.5000000000000004 7.5000000000000009 2.5500000000000003 0.36666666666666675 12.500000000000002 2.5000000000000004 -1.0000000180025095e-35 5.1000000000000005 6.5000000000000009 -3.4999999999999996 52.500000000000007 6.5000000000000009 7.5000000000000009 516.50000000000011 1.5000000000000002 7.5000000000000009 5.5000000000000009 23.150000000000002 1.0000000180025095e-35 1725.0000000000002 6.5000000000000009 0.078432578740157494 1215.0000000000002 486.50000000000006 8.5000000000000018 14.750000000000002 0.044944047186199661
decision_type=2 2 2 2 2 8 10 10 8 8 10 10 8 8 8 10 8 10 10 10 2 2 10 10 2 10 8 10 2 2
left_child=2 -2 -1 -3 -5 6 -6 8 9 10 11 -7 15 -14 -15 -12 18 20 19 22 21 -18 -10 -21 25 -16 -11 29 -29 -28
right_child=1 3 -4 4 5 7 -8 -9 16 26 12 -13 13 14 24 -17 17 -19 -20 23 -22 -23 -24 -25 -26 -27 27 28 -30 -31
leaf_value=-0.027847378677401877 0.0018069632816542372 0.0019415124513148772 -0.010836952773062319 -0.031109534655633375 0.048421574118607119 -0.0013903454728082187 -0.0016041439982048935 -0.029123604761087593 0.0018316537435349807 -0.0088422676873843586 -0.040263531238471179 0.032142919918926524 0.074114954529746133 -0.037450857592472429 -0.044426980772065833 0.025904946457418289 -0.018368577275496685 0.072296870864959548 -0.040303845057021601 -0.024048779458921522 -0.036605480231987349 0.029241965030669299 0.04898233824262016 0.03608453283931775 0.077970531281065084 0.03441486704358758 -0.0036954727559810443 0.04837328678094923 -0.029910831004282264 -0.041819789405579968
leaf_weight=21.905192075821105 1782.4935577767901 114.30426424648613 129.43947096855845 8.8185524279251677 3.4477735990658385 24.144352645613253 4.8966381270438433 8.1756904534995538 66.697189211845398 39.93324673967436 9.829634275287388 9.0657359417527896 1.218217201530934 4.1776232980191699 1.4187979847192771 1.6396289616823185 3.9923454858362719 2.5928408727049819 5.0926007209345689 15.411207382567229 2.9388679959811261 9.1959498296491802 2.3858414981514207 1.4757676571607579 1.2051856340840457 2.6239413097500801 4.6005382016301217 2.2729311529546967 2.6814437732100487 16.447728796862066
leaf_count=2979 10582 1924 6580 165 45 411 78 218 1125 674 224 125 15 88 35 21 81 24 106 314 93 131 35 22 12 40 119 20 53 284
internal_value=-9.8039e-12 0.000934772 -0.013299 -0.00325929 -0.00557801 -0.00466854 0.0190657 -0.00549644 -0.00466036 -0.00881252 -0.000730253 0.00776361 -0.0134866 0.00517403 -0.00373633 -0.0308042 -7.41459e-05 0.0147142 -0.00311423 -0.000911226 0.00545634 0.0148294 0.00346004 -0.0187937 0.0231022 0.00674535 -0.0155939 -0.0259626 0.00600377 -0.0334869
internal_weight=2304.52 2153.18 151.345 370.685 256.38 247.562 8.34441 239.217 231.042 121.259 55.3231 33.2101 22.113 10.6438 9.42555 11.4693 109.783 18.72 91.0626 85.97 16.1272 13.1883 69.083 16.887 5.24792 4.04274 65.9359 26.0026 4.95437 21.0483
internal_count=26623 17064 9559 6482 4558 4393 123 4270 4052 2121 971 536 435 190 175 245 1931 329 1602 1496 305 212 1160 336 87 75 1150 476 73 403
is_linear=0
shrinkage=0.05


Tree=64
num_leaves=31
num_cat=0
split_feature=7 7 6 11 6 20 6 9 15 21 9 14 5 12 14 6 9 6 7 1 10 14 20 5 9 13 2 14 1 14
split_gain=10.5982 2.71048 1.88199 1.78705 1.85416 2.28022 1.88703 1.76948 2.76773 2.5132 2.00951 2.47891 3.75952 2.18603 5.16068 3.23146 2.23383 2.17866 1.94784 2.44127 1.88413 2.55821 3.68636 2.3281 2.8877 2.64071 2.1735 2.07572 1.96951 2.0573
threshold=0.031496141102712143 0.099504950495049524 178.95000000000002 3.5000000000000004 43.550000000000004 2.5000000000000004 36.750000000000007 10.633333333333335 -18.499999999999996 9.5000000000000018 3.9000000000000004 1056.5000000000002 585.00000000000011 0.36666666666666675 428.50000000000006 11.15 2.5500000000000003 15.65 0.058651530787753703 7.5000000000000009 2.5000000000000004 516.50000000000011 1.5000000000000002 485.00000000000006 7.9000000000000012 3.5000000000000004 1.0000000180025095e-35 1133.5000000000002 5.5000000000000009 418.50000000000006
decision_type=2 2 2 10 2 10 2 10 8 2 8 8 10 8 10 2 10 2 2 8 10 10 10 10 10 2 2 8 10 10
left_child=2 7 3 4 5 6 -1 8 -2 -9 11 12 13 16 -15 -16 -10 -17 19 -19 26 28 23 24 -23 -25 -12 -27 -22 -30
right_child=1 -3 -4 -5 -6 -7 -8 9 10 -11 20 -13 -14 14 15 17 -18 18 -20 -21 21 22 -24 25 -26 27 -28 -29 29 -31
leaf_value=-0.043311502234165987 -0.061142435882401994 0.0017867419474478256 -0.032988380536573624 -0.0087612940206589773 -0.038061641555351661 0.03880058397913045 0.0010238097843948619 -0.029665803795907181 0.037569495312880521 0.028134540461654669 -0.003077335841757952 -0.048072131084382165 0.052540887928401975 0.06197818753268948 0.042194777301960647 -0.049442830329959275 0.0047561888438904043 -0.040777099487285168 0.031141155283808605 0.044154411882091835 -0.00069261921105669545 -0.033682511687467741 0.063138994567636511 0.050548286014785032 0.030772869153197813 0.0016155072124904809 -0.014439830772089102 0.06720202193807441 0.03999001237546583 -0.018275458714433038
leaf_weight=4.5475084660574794 2.049590271897614 1715.7429313319735 10.792525867058428 115.3279707566835 11.63752283900976 1.996502258814872 5.082389306742698 2.3535175435245028 5.8224694812670341 9.3600320518016797 91.712762670591474 2.1933902185410252 4.0788586428388944 2.1127584567293551 1.7996442876756216 6.8263910785317403 47.499061987735331 4.7461421703919768 2.0455462317913771 1.0296501126140354 106.20570801151916 6.2493546716868895 3.1334452629089347 4.1929742591455605 2.406976736150682 16.440125783439729 77.781912130303681 1.3019002331420768 1.6000272007659102 28.512797206640244
leaf_count=160 51 9735 1750 6697 738 38 176 51 78 139 1567 41 50 18 23 116 683 103 27 11 1816 129 34 42 37 306 1417 13 19 558
internal_value=-6.82297e-11 0.000895904 -0.0128774 -0.0113113 -0.0239527 -0.00983026 -0.0199126 -0.00264664 -0.00318155 0.0165211 -0.00289714 0.00433148 0.00584466 0.00319493 -0.0115842 -0.0210338 0.00833925 -0.0288021 -0.0107871 -0.0256364 -0.004561 -0.000842398 0.0114876 0.00619694 -0.0157601 0.014862 -0.00829164 0.00642821 -0.00389279 -0.0151796
internal_weight=2296.58 2147.2 149.384 138.592 23.2639 11.6264 9.6299 431.455 419.741 11.7135 417.692 78.1539 75.9605 71.8817 18.5601 16.4474 53.3215 14.6477 7.82134 5.77579 339.538 170.043 33.7248 30.5913 8.65633 21.935 169.495 17.742 136.319 30.1128
internal_count=26623 17064 9559 7809 1112 374 336 7329 7139 190 7088 1150 1109 1059 298 280 761 257 141 114 5938 2954 561 527 166 361 2984 319 2393 577
is_linear=0
shrinkage=0.05


Tree=65
num_leaves=31
num_cat=0
split_feature=7 6 6 14 14 3 15 14 9 9 11 0 6 15 18 7 6 6 9 14 9 6 6 15 0 10 6 0 6 15
split_gain=9.74854 2.37857 1.8765 2.03537 2.15774 1.56495 3.46535 3.43625 3.83234 5.36575 4.91719 4.82206 4.43846 4.42335 4.33548 4.26817 8.44975 4.7406 3.99296 3.95376 5.08207 5.06608 8.16587 5.80267 4.27571 3.91926 3.75586 4.53987 7.89385 5.41611
threshold=0.031496141102712143 11.550000000000002 116.95000000000002 463.50000000000006 402.50000000000006 1.0000000180025095e-35 17.500000000000004 1056.5000000000002 4.291666666666667 5.291666666666667 8.5000000000000018 4.5000000000000009 6.5500000000000007 8.5000000000000018 1775.0000000000002 0.17095265926358857 5.0500000000000007 2.8500000000000001 4.9000000000000012 454.50000000000006 10.100000000000001 4.3500000000000005 4.6500000000000012 -3.4999999999999996 6.5000000000000009 3.5000000000000004 3.9500000000000006 2.5000000000000004 2.7500000000000004 -5.4999999999999991
decision_type=2 2 2 10 8 2 10 10 8 8 8 2 2 10 8 2 2 2 10 10 10 2 2 8 2 8 2 2 2 8
left_child=2 5 3 4 -1 6 -2 8 10 11 14 12 15 25 -7 -10 17 18 -17 20 21 26 -23 -24 -21 -13 27 28 -11 -29
right_child=1 -3 -4 -5 -6 7 -8 -9 9 19 -12 13 -14 -15 -16 16 -18 -19 -20 24 -22 22 23 -25 -26 -27 -28 29 -30 -31
leaf_value=-0.044462496960330139 0.00068305770075768229 -0.0028406458371423452 -0.025539470546935467 -0.016178880157308544 -0.0011225582355414976 2.2883015137760455e-05 -0.021440695733272997 0.027480344094882283 0.06796370675175277 0.034776238445572337 -0.048979103210515185 0.0039755890097169571 -0.0045941537611003946 0.034584876962339313 -0.047728214324967197 -0.018558540877149306 -0.030367366887311609 0.042879953043948441 0.044106905212933589 0.0030203432606847741 -0.027805101631503088 -0.058985489084668941 -0.025024887925593726 0.013131667452592911 -0.012946127657769514 -0.042530826284177183 0.047420558763117487 0.06328118594876006 -0.047324954864308579 0.014993098896501869
leaf_weight=3.0264166635461143 970.30152419395745 361.90980329411104 23.126940737769473 64.34840824350249 56.233979934011586 287.58727760706097 18.028700622729957 14.382210532203315 6.425457425415515 5.0121862813830358 5.3859215080738059 64.570681512355804 11.422900836914776 11.191828209906815 4.833358488045632 6.918915927410124 6.1039752624928942 30.223095035180449 4.0183779112994671 111.64822241850197 9.3359432797878963 5.3748789075762025 12.537794340401886 48.535657373256981 67.14885007403791 4.8720281496644011 10.040120035409926 6.5747483670711517 7.0398334730416536 49.72512702550739
leaf_count=200 5873 6482 3219 3460 2680 1595 155 68 22 26 40 390 121 51 29 34 36 101 21 669 73 32 114 366 431 30 35 24 24 222
internal_value=-6.60377e-12 0.000854412 -0.0124675 -0.0100217 -0.00333592 0.00160601 0.000279486 0.00326366 0.00281513 0.00558558 -0.00163833 0.0135867 0.0237074 0.0054141 -0.000766385 0.0297288 0.0245309 0.0326721 0.00446484 0.00208339 0.00795074 0.0102554 9.86835e-05 0.00529849 -0.00297601 0.000712747 0.0188647 0.0146702 -0.0131808 0.0206322
internal_weight=2287.89 2141.15 146.736 123.609 59.2604 1779.24 988.33 790.909 776.527 478.721 297.807 145.747 65.1127 80.6345 292.421 53.6898 47.2644 41.1604 10.9373 332.973 154.176 144.84 66.4483 61.0735 178.797 69.4427 78.392 68.3519 12.052 56.2999
internal_count=26623 17064 9559 6340 2880 10582 6028 4554 4486 2822 1664 806 335 471 1624 214 192 156 55 2016 916 843 512 480 1100 420 331 296 50 246
is_linear=0
shrinkage=0.05


Tree=66
num_leaves=31
num_cat=0
split_feature=7 6 10 9 9 15 1 15 14 5 14 9 14 18 18 5 13 15 14 21 6 5 14 6 6 6 21 15 14 9
split_gain=9.12057 2.4449 2.07812 3.57918 6.18411 3.06644 6.26115 6.42553 5.79571 7.25136 9.22653 7.00711 4.50903 4.30622 4.33764 4.14541 4.14183 4.04476 4.86286 7.54305 5.24304 4.51885 4.89474 4.14922 4.4001 5.07064 11.164 5.71972 4.78239 10.0077
threshold=0.031496141102712143 6.9500000000000011 1.5000000000000002 9.7750000000000021 8.7750000000000021 11.500000000000002 4.5000000000000009 17.500000000000004 506.50000000000006 565.00000000000011 871.50000000000011 7.2250000000000005 895.50000000000011 1950.0000000000002 1725.0000000000002 707.50000000000011 4.5000000000000009 -1.4999999999999998 421.50000000000006 10.500000000000002 2.1500000000000008 55.500000000000007 453.50000000000006 4.1500000000000012 5.0500000000000007 5.5500000000000007 11.500000000000002 7.5000000000000009 470.50000000000006 5.9000000000000012
decision_type=2 2 8 8 8 10 8 10 8 8 10 8 10 10 10 8 2 8 10 2 2 10 10 2 2 2 2 8 10 10
left_child=-1 2 3 4 -2 8 7 -7 13 10 -10 12 -11 14 17 -14 -9 18 19 -4 21 22 -20 -19 -25 26 -26 28 -27 -30
right_child=1 -3 5 -5 -6 6 -8 16 9 11 -12 -13 15 -15 -16 -17 -18 23 20 -21 -22 -23 -24 24 25 27 -28 -29 29 -31
leaf_value=-0.012149949192393086 -6.9857856719847346e-05 -0.0017325167428898164 -0.047637770227502332 0.038436855391789773 -0.052020698295149853 0.03336110744292644 -0.023355175857326858 0.019601876622374687 -0.0063492810817803343 -0.048806761964754058 -0.043645468714925521 0.04336411828145284 -8.9234268633037222e-05 0.038425842561499376 -0.032902749333398963 0.041861723343736432 -0.022426705527477248 0.0057038080717409616 -0.026448005982213731 0.01673476973539725 0.015704220150594785 -0.041370749931920026 0.029747197498369866 -0.020096516830281713 -0.0086589585892144702 -0.029955114212178415 0.059629760223196528 0.026545987765460473 -0.037284899142425963 0.045640948878356798
leaf_weight=144.64546381827677 635.75367046752945 649.94644559919834 8.7662723660469073 5.945137462578713 5.7804721975699058 35.314515942707658 9.7644146028906089 12.331108620390296 87.720843742601573 4.3600588589906684 20.44789258018136 10.903539031744002 69.061623284593225 9.6232011131942254 7.5686522908508769 6.4376849494874469 11.173724368214607 220.62442980753258 6.7793875467032221 9.4635189063847047 176.3908993974328 7.535733586177229 9.0449387691915017 37.455650748685002 14.560159606859088 25.041625929996371 10.16210618801415 9.47417079284787 6.9601766578853113 7.6230758223682642
leaf_count=9559 3401 9559 46 42 41 145 66 57 411 20 103 38 301 38 36 21 67 966 40 43 765 64 57 226 104 192 37 70 62 46
internal_value=7.96915e-11 0.000824307 0.00194558 -0.000180089 -0.000537955 0.00359468 0.0137234 0.0198787 0.00268781 -0.00465522 -0.0133996 0.00576614 0.000632732 0.00526377 0.0046913 0.00348785 -0.000377665 0.00520875 0.0105002 -0.0142205 0.0127563 -0.00950334 0.0056723 0.0017335 -0.00613827 0.000943894 0.0194112 -0.00835472 -0.0166994 0.00606277
internal_weight=2276.66 2132.02 1482.07 647.479 641.534 834.589 68.5838 58.8193 766.006 198.932 108.169 90.7629 79.8594 567.074 557.451 75.4993 23.5048 549.882 217.981 18.2298 199.751 23.3601 15.8243 331.901 111.277 73.8213 24.7223 49.099 39.6249 14.5833
internal_count=26623 17064 7505 3484 3442 4021 335 269 3686 894 514 380 342 2792 2754 322 124 2718 1015 89 926 161 97 1703 737 511 141 370 300 108
is_linear=0
shrinkage=0.05


Tree=67
num_leaves=31
num_cat=0
split_feature=7 7 1 9 9 14 5 5 15 14 14 9 0 0 12 12 14 9 14 1 9 21 14 0 5 18 9 7 6 7
split_gain=8.52631 2.29462 1.86065 2.6061 4.07208 2.01649 3.62846 4.61185 5.2414 2.45252 3.00288 2.26359 3.0295 2.12559 2.04473 2.01643 1.91438 1.8505 1.83264 7.551 7.41527 3.7038 3.1184 3.12877 5.65151 4.8286 4.56738 4.89414 4.53567 5.8667
threshold=0.031496141102712143 0.11834733893557424 4.5000000000000009 2.4500000000000006 2.1000000000000005 1003.5000000000001 505.00000000000006 485.00000000000006 8.5000000000000018 871.50000000000011 889.50000000000011 5.2250000000000005 3.5000000000000004 6.5000000000000009 0.45000000000000007 0.36666666666666675 1024.5000000000002 9.1000000000000014 460.50000000000006 6.5000000000000009 10.100000000000001 11.500000000000002 459.50000000000006 2.5000000000000004 54.750000000000007 1265.0000000000002 6.4500000000000011 0.21507863089731735 3.4500000000000006 0.18350168350168353
decision_type=2 2 8 8 10 10 10 10 10 10 10 8 2 2 10 10 8 10 10 8 10 2 8 2 10 10 8 2 2 2
left_child=-1 2 3 4 -2 6 7 14 11 -8 -11 12 -9 -13 -5 -6 -7 -12 19 20 21 -3 23 26 -25 -26 27 -23 -27 -30
right_child=1 18 -4 5 15 16 9 8 -10 10 17 13 -14 -15 -16 -17 -18 -19 -20 -21 -22 22 -24 24 25 28 -28 -29 29 -31
leaf_value=-0.011818320394932476 -0.0054052464474689359 0.0039698174286318709 -0.0057842818630249315 -0.00098979297914507684 0.072533955123885316 0.042700833706243786 -0.059195111590910322 0.071072348393619353 0.054989428536958186 0.040688415592348398 -0.02357619788523365 -0.056154870220430843 -0.024055590393705667 0.013333996851226118 -0.053144319258741371 0.017104387813790419 0.0028308175836262248 0.036433152642552459 0.00062826495227389799 -0.020443892262800998 -0.033552235990314642 -0.031072055270419563 0.053048385146070777 0.03060987235214457 -0.013022438424269185 -0.0054302948997187973 -0.041824577894783388 0.028441054434693708 0.00193295905226533 0.049046403612365133
leaf_weight=142.9977667266503 6.8559084068983775 310.00435719732195 205.24656697083265 253.691800522618 3.9180784616619349 5.0766419963911149 3.3552440181374577 1.8623362388461813 7.9748017340898514 2.3056940119713571 18.987323886714879 2.525602606125176 1.5200587920844553 1.9503301121294496 1.8933093510568131 2.8228419926017523 7.3985595852136621 1.3778953040018667 1117.0889137494378 28.931659178808331 11.601904513314365 5.0846889205276993 4.9230640567839137 40.76013414375484 20.768369054421782 15.171384394168852 6.0095737911760798 10.775346255861221 11.609055921435358 15.337147574871777
leaf_count=9559 114 1698 3511 3862 30 56 75 15 75 30 328 56 31 37 37 39 105 22 5995 198 96 38 24 197 116 69 26 45 83 56
internal_value=8.53666e-11 0.000794607 -0.00206052 0.000301923 0.021727 -0.000638042 -0.00146401 0.000246057 0.0264323 -0.0192978 -0.0133931 -0.00254819 0.0283216 -0.025876 -0.00137614 0.0493222 0.0190555 -0.019516 0.0017393 0.00431974 0.00590465 0.006944 0.0140125 0.0124814 0.0161076 0.00670789 -0.00470413 0.0093613 0.016437 0.0287488
internal_weight=2269.83 2126.83 528.763 323.516 13.5968 309.92 297.444 271.418 15.8331 26.0262 22.6709 7.85833 3.3824 4.47593 255.585 6.74092 12.4752 20.3652 1598.07 480.977 452.045 440.443 130.439 125.516 103.646 62.886 21.8696 15.86 42.1176 26.9462
internal_count=26623 17064 8423 4912 183 4729 4568 4113 214 455 380 139 46 93 3899 69 161 350 8641 2646 2448 2352 654 630 521 324 109 83 208 139
is_linear=0
shrinkage=0.05


Tree=68
num_leaves=31
num_cat=0
split_feature=7 7 1 14 1 6 14 11 6 7 15 7 15 9 6 1 15 9 12 18 9 6 18 15 6 3 20 18 6 5
split_gain=8.22843 2.04606 1.99193 2.15884 1.77186 3.05692 4.08267 3.03612 5.94503 7.35211 3.6658 3.67042 2.498 2.18191 1.85573 4.50917 8.22229 5.07262 4.55177 5.79625 5.55164 4.16305 5.0298 4.06998 4.54318 6.18082 4.0224 4.67306 3.68311 3.44768
threshold=0.031496141102712143 0.10811126694717159 9.5000000000000018 497.50000000000006 7.5000000000000009 5.7500000000000009 1032.5000000000002 2.5000000000000004 4.3500000000000005 0.39230769230769236 1.0000000180025095e-35 0.29857397504456334 -2.4999999999999996 3.9000000000000004 2.4500000000000006 5.5000000000000009 6.5000000000000009 2.9000000000000004 0.63333333333333341 1540.0000000000002 1.5500000000000003 1.6500000000000001 875.00000000000011 -9.4999999999999982 2.3500000000000001 1.0000000180025095e-35 1.5000000000000002 1540.0000000000002 1.5500000000000003 54.750000000000007
decision_type=2 2 10 8 10 2 8 10 2 2 10 2 10 8 2 10 8 10 10 8 10 2 10 10 2 2 10 10 2 10
left_child=-1 -2 4 -4 14 6 7 8 9 -6 11 -9 -7 -12 15 17 -17 18 19 21 -20 -3 -23 -19 26 -26 27 28 -25 -24
right_child=1 2 3 -5 5 12 -8 10 -10 -11 13 -13 -14 -15 -16 16 -18 23 20 -21 -22 22 29 24 25 -27 -28 -29 -30 -31
leaf_value=-0.011674817903003313 -0.0021405402584085157 0.026012420667719766 0.044108428651365175 0.0016077197310572951 -0.081294206457716761 0.00040502604623672279 -0.051662505900477655 0.017748683970299672 0.027252362387817666 0.0032324073498611085 0.067298640359375009 -0.030281714857543607 -0.049688085365549611 0.015640552299211158 0.0026554116939295925 0.020604682961998837 -0.048957856058898491 0.022120538886932821 -0.001037716743678114 0.038429148492586031 -0.073627768315031733 0.034122419285683707 0.013164463828930141 0.015836332157985734 -0.00044596390796169472 -0.058493461593852464 0.0084378073231099505 -0.039321429743469354 -0.011044425959923419 -0.019915962200594012
leaf_weight=141.49405569175724 468.11289767734706 15.939332349691538 5.7237288579344723 6.2511313352733859 4.8787390217185003 3.9312189556658268 3.7354968283325425 11.132027253508573 5.6024719029664984 5.442250294610858 4.0467032268643353 6.1890552230179301 6.7824656497687084 4.1305101141333589 1247.6516535356641 40.156004253774881 4.7505142148584119 10.53452806919813 9.5085703656077367 15.133960559964178 3.6431210730224839 7.4362965002655974 10.906607592478393 14.345084145665167 8.1161233969032764 10.542870439589024 32.983264470007271 13.164619243703781 114.10159058310091 28.348718283697963
leaf_count=9559 7816 189 26 31 26 50 30 49 28 42 17 33 93 24 6748 242 36 61 94 77 21 26 48 248 30 38 211 74 524 132
internal_value=2.08178e-12 0.000778024 0.00160348 0.0219222 0.0014554 -0.00729605 -0.00159933 0.00291546 -0.0142143 -0.0367234 0.0136129 0.000586778 -0.0313072 0.0412049 0.00176345 -0.00151342 0.0132459 -0.00376242 0.00605869 0.0106595 -0.0211457 0.00394937 -0.0035824 -0.00814394 -0.0097937 -0.0332445 -0.0072875 -0.0109501 -0.00804235 -0.010725
internal_weight=2264.72 2123.22 1655.11 11.9749 1643.13 55.8709 45.1573 41.4218 15.9235 10.321 25.4983 17.3211 10.7137 8.17721 1587.26 339.611 44.9065 294.705 90.9166 77.7649 13.1517 62.631 46.6916 203.788 193.254 18.659 174.595 141.611 128.447 39.2553
internal_count=26623 17064 9248 57 9191 392 249 219 96 68 123 82 143 41 8799 2051 278 1773 587 472 115 395 206 1186 1125 68 1057 846 772 180
is_linear=0
shrinkage=0.05


Tree=69
num_leaves=31
num_cat=0
split_feature=7 6 13 15 13 15 5 15 6 7 5 0 18 7 14 9 15 14 5 14 1 14 15 9 5 15 14 0 18 7
split_gain=7.72589 1.93623 2.03932 2.28175 1.9402 4.42132 3.4548 2.61625 1.74 1.72456 2.46736 2.18899 1.72241 7.07027 2.61322 2.86024 3.21996 1.72112 5.27439 4.7628 4.91197 3.91538 10.2443 4.94924 7.86594 3.81217 3.67913 4.31645 5.40183 4.18019
threshold=0.031496141102712143 7.7500000000000009 1.5000000000000002 -1.0000000180025095e-35 3.5000000000000004 8.5000000000000018 485.00000000000006 10.500000000000002 178.95000000000002 0.11050061050061051 687.50000000000011 3.5000000000000004 1725.0000000000002 0.11173533083645444 456.50000000000006 6.7750000000000012 1.5000000000000002 445.50000000000006 52.500000000000007 444.50000000000006 7.5000000000000009 451.50000000000006 -2.4999999999999996 3.2916666666666674 55.500000000000007 -1.0000000180025095e-35 453.50000000000006 6.5000000000000009 1450.0000000000002 0.18693221523410206
decision_type=2 2 2 10 2 10 10 8 2 2 8 2 10 2 8 10 10 10 8 10 8 10 10 10 10 10 10 2 10 2
left_child=8 17 3 -3 5 -4 -7 12 -1 10 -9 -11 -6 14 -14 -16 -17 18 -2 20 -20 22 -19 24 -24 -21 27 29 -29 -23
right_child=1 2 4 -5 7 6 -8 9 -10 11 -12 -13 13 -15 15 16 -18 21 19 25 -22 26 23 -25 -26 -27 -28 28 -30 -31
leaf_value=-0.0098184885942150888 0.033250850297538659 -0.006466894633343526 -0.00053060364326046805 -0.038912332630485325 -0.0015680544778200662 0.0038975687555879131 0.064045414364216915 -0.014636460002490951 -0.031374211842360999 0.0017635984718570056 0.046157834997642512 -0.062681720322531567 -0.047412234181638695 0.055756604552359257 -0.012947126569524518 -0.0032148995486396925 0.089003885005401337 -0.043324296938372461 0.0032879372403262375 0.05895949806853773 -0.037952798832480428 -0.011511255195544086 -0.063736961146069346 0.010362789858980502 0.025856822261055019 0.0027945845315144619 0.0010877956664076388 -0.026457146357868583 0.037046784106345522 0.047752203694921377
leaf_weight=130.0100168857025 15.881283156573771 21.192909059580419 26.237975848838687 7.2802288890816262 460.33099878765643 4.1116255298256856 5.692976912483573 23.081982730887837 10.088356707943602 2.0115640833973876 1.7990440018475045 3.8197061978280544 3.0738039631396541 6.6442867144942275 7.7611276069656014 2.0203758133575325 1.7809753920882938 17.839522430673242 236.3173302160576 6.7974428068846464 7.4476388711482278 3.7974487803876462 6.3238707631826383 35.041280586272478 3.9990114849060774 5.4383710958063585 1169.3108969656751 8.7564349137246591 5.422425663098692 13.747247776016591
leaf_count=7809 80 335 397 131 7076 72 36 485 1750 19 27 52 59 39 134 38 12 108 1256 33 53 28 43 197 19 34 6177 48 21 55
internal_value=-2.48945e-11 0.000753926 -0.00171602 -0.0147628 -0.00103859 0.0101744 0.038822 -0.00182744 -0.0113707 -0.0159766 -0.0102407 -0.0404506 -0.00092515 0.0129818 -0.00643618 0.00445701 0.0399906 0.00168144 0.00529044 0.00355589 0.00202793 0.000905297 -0.0112244 0.00139896 -0.029029 0.0339963 0.00154361 0.0183448 -0.00217132 0.034925
internal_weight=2253.06 2112.96 576.84 28.4731 548.366 36.0426 9.8046 512.324 140.098 30.7123 24.881 5.83127 481.612 21.2806 14.6363 11.5625 3.80135 1536.12 271.882 256.001 243.765 1264.24 63.2037 45.3642 10.3229 12.2358 1201.03 31.7236 14.1789 17.5447
internal_count=26623 17064 8912 466 8446 505 108 7941 9559 583 512 71 7358 282 243 184 50 8152 1456 1376 1309 6696 367 259 62 67 6329 152 69 83
is_linear=0
shrinkage=0.05


Tree=70
num_leaves=31
num_cat=0
split_feature=7 2 9 14 15 6 7 14 5 10 6 6 6 5 9 9 15 10 14 9 15 15 9 1 14 10 15 14 15 9
split_gain=7.30137 2.01518 4.32112 5.29057 3.86706 3.62758 3.87352 3.18398 4.70059 4.34279 5.85911 3.95164 3.71618 3.08933 3.97635 4.4272 3.06432 3.17625 3.29398 3.03218 4.78505 3.9393 3.05785 3.0089 4.00776 3.00184 5.08431 5.51966 4.83435 4.82222
threshold=0.031496141102712143 1.0000000180025095e-35 10.100000000000001 463.50000000000006 -8.4999999999999982 2.0500000000000003 0.17095265926358857 1056.5000000000002 595.00000000000011 1.5000000000000002 5.1500000000000012 2.5500000000000003 6.6500000000000012 58.500000000000007 6.5500000000000007 3.9000000000000004 18.500000000000004 3.5000000000000004 942.50000000000011 10.100000000000001 2.5000000000000004 8.5000000000000018 11.225000000000001 5.5000000000000009 439.50000000000006 1.5000000000000002 6.5000000000000009 1133.5000000000002 11.500000000000002 3.9000000000000004
decision_type=2 2 10 10 8 2 2 8 10 10 2 2 2 8 10 10 10 10 10 10 10 10 10 10 8 10 10 10 10 8
left_child=-1 19 4 -4 7 -5 -7 8 11 -10 -11 -3 -9 14 15 -13 25 18 -18 -2 22 -22 -21 24 -17 28 27 -27 29 -6
right_child=1 2 3 5 16 6 -8 12 9 10 -12 13 -14 -15 -16 23 17 -19 -20 20 21 -23 -24 -25 -26 26 -28 -29 -30 -31
leaf_value=-0.011109078796876748 0.0026463813704557483 0.013087065642701748 -0.03319078570956021 -0.033794674568604285 0.0030313362039035702 0.004070257339597305 0.047503910765025498 -0.087899317268864879 -0.029577737817420343 0.060560804718390829 -0.013246163067390425 -0.042519161676144737 -0.010274311408567958 -0.063822010042264066 -0.054307003358359834 0.056684813401250971 -0.035283338883350952 -0.06894136661176474 0.022711580457889138 -0.047757245508018298 0.030004423108987505 -0.01787196820521773 -0.0044124312599724764 0.036476672101346481 -0.029273657624888812 -0.00044725035327121393 0.013760556192736693 0.072599190892813067 -0.031218844471796566 -0.0079389371598534569
leaf_weight=138.77855755889323 1085.6198527826928 7.7204099772498003 4.3139119073748615 2.2522431695833829 203.80000146245584 7.7838196796365109 15.074658032506703 2.9790214076638213 4.2077660076320162 6.5110331103205663 4.5805960530415177 6.7383249877020814 3.1958780148997903 4.7853716183453789 6.4880449306219807 1.7043878361582727 5.8474426530301553 3.0923738600686184 4.2120079323649406 10.580005265073853 8.6487578069791216 8.538033200427888 6.6117417085915795 5.3000614661723366 6.6342044807970533 386.24127699015662 81.733780938666314 2.6035855319350949 15.057850982062517 197.00853159977123
leaf_count=9559 8640 47 57 26 1433 115 62 20 43 16 55 67 54 49 67 9 74 43 42 97 74 105 83 40 67 3272 610 12 145 1640
internal_value=6.71747e-12 0.000730711 -0.000912978 0.0179608 -0.00149121 0.0267485 0.0327138 -0.0136905 -0.00984655 0.0136726 0.0300802 -0.018986 -0.0477238 -0.0268095 -0.0202166 -0.00936222 -0.000666093 -0.0246238 -0.0110002 0.00218342 -0.0124361 0.00622045 -0.0310873 0.00701932 -0.011704 -0.000310642 0.00242462 4.18461e-05 -0.00340576 -0.00236086
internal_weight=2248.64 2109.86 989.867 29.4246 960.442 25.1107 22.8585 60.8451 54.6702 15.2994 11.0916 39.3708 6.1749 31.6504 26.865 20.377 899.597 13.1518 10.0595 1120 34.3785 17.1868 17.1917 13.6387 8.33859 886.445 470.579 388.845 415.866 400.809
internal_count=26623 17064 8065 260 7805 203 177 534 460 114 71 346 74 299 250 183 7271 159 116 8999 359 179 180 116 76 7112 3894 3284 3218 3073
is_linear=0
shrinkage=0.05


Tree=71
num_leaves=31
num_cat=0
split_feature=7 7 1 15 20 0 12 10 15 0 0 6 14 15 2 9 14 0 14 0 11 10 15 12 6 11 6 9 11 21
split_gain=6.9957 2.45486 1.78295 3.85955 3.41813 2.59927 1.85993 1.8257 2.62667 2.14852 2.16458 1.73889 1.55984 2.41463 1.54857 3.08053 4.1751 3.70435 3.3747 2.92335 2.82305 3.15765 2.58609 5.28658 3.01803 2.6523 3.58955 6.6762 7.2576 6.73361
threshold=0.053333712595289573 0.012247402020783836 7.5000000000000009 -1.4999999999999998 2.5000000000000004 4.5000000000000009 0.36666666666666675 1.5000000000000002 4.5000000000000009 11.500000000000002 9.5000000000000018 19.150000000000002 455.50000000000006 -2.4999999999999996 1.0000000180025095e-35 10.100000000000001 463.50000000000006 6.5000000000000009 494.50000000000006 12.500000000000002 11.500000000000002 3.5000000000000004 -10.499999999999998 1.0000000180025095e-35 2.2500000000000004 2.5000000000000004 3.4500000000000006 3.9000000000000004 5.5000000000000009 10.500000000000002
decision_type=2 2 10 8 8 2 10 10 10 2 2 2 10 10 2 10 10 2 8 2 10 10 8 8 2 10 2 10 10 2
left_child=1 -1 7 4 5 -4 -5 8 11 10 -9 -3 13 -11 19 20 -17 18 -18 -2 22 -22 23 -16 -25 -24 27 -27 -29 -30
right_child=14 2 3 6 -6 -7 -8 9 -10 12 -12 -13 -14 -15 15 16 17 -19 -20 -21 21 -23 25 24 -26 26 -28 28 29 -31
leaf_value=-0.019012860521586419 0.0021736470017774154 -0.063124406244217598 0.001675167253131689 -0.017909449650770078 -0.022464554201900022 0.067523899412733818 0.054033618376662644 -0.0048886979442966001 -0.032186783458101283 0.055056812634420332 0.013427496000680803 -0.0069452148539255083 -0.057776968373973281 -0.05452458218917814 0.00053658197688698803 -0.033783358342145069 0.063794025084468894 0.0025735392874857562 0.011208615569144202 0.033216499943956306 -0.034870623046533711 0.011993987515425597 -0.0038613781970592447 0.017876523168621213 -0.054350808182418255 0.0097190762180493651 0.0047885567223410344 -0.023650724912661916 0.013033662053656515 -0.024791129448574908
leaf_weight=38.401997437002137 1028.1078861490823 1.4143466064706434 2.1067972960881862 10.027366250753403 2.2096192725002775 5.1915915906429291 0.98678574291989285 139.45138587686233 14.792239333037285 0.97713121073320541 18.240162732545286 52.730355783365667 3.1203723759390414 1.0353901125490654 19.860204000025991 3.6290088258683708 7.4621179453097293 10.971884708851574 5.1613076627254495 7.6403545988723627 12.11992648150772 5.1096116788685313 291.6337084188126 1.7191659696400154 9.1126209497451764 58.805143123026937 374.53534553106874 56.824560534209013 39.28087517991662 16.797754746396095
leaf_count=4796 7212 33 73 369 76 116 13 4547 470 21 562 1612 105 46 166 44 46 82 44 49 91 38 2051 15 86 253 3129 243 161 74
internal_value=6.02036e-11 -0.00723574 -0.00544306 0.00868245 0.0320201 0.0485156 -0.0114639 -0.00669385 -0.0135141 -0.0038063 -0.00277007 -0.00841271 -0.0356411 -0.00131998 0.00107931 -0.000421899 0.0161446 0.0238236 0.0422936 0.00240264 -0.000931058 -0.0209724 -0.000533504 -0.0147885 -0.0428873 -1.13338e-05 0.00204416 -0.00394199 -0.0110573 0.00170365
internal_weight=2239.46 290.686 252.284 20.5222 9.50801 7.29839 11.0142 231.761 68.9369 162.824 157.692 54.1447 5.13289 2.01252 1948.77 913.023 27.2243 23.5953 12.6234 1035.75 885.799 17.2295 868.569 30.692 10.8318 837.877 546.244 171.708 112.903 56.0786
internal_count=26623 12839 8043 647 265 189 382 7396 2115 5281 5109 1645 172 67 13784 6523 216 172 90 7261 6307 129 6178 267 101 5911 3860 731 478 235
is_linear=0
shrinkage=0.05


Tree=72
num_leaves=31
num_cat=0
split_feature=7 6 11 7 15 18 9 9 18 12 14 14 13 7 12 18 1 14 20 15 9 15 6 10 13 15 15 9 18 6
split_gain=6.55982 1.90346 1.95179 3.69455 2.85191 2.49757 2.42125 3.62663 3.72889 3.57994 3.88747 3.26249 3.40333 3.4262 5.49642 2.52917 3.0955 2.27556 2.01885 2.31745 1.87545 3.90901 3.35855 1.79829 2.35747 4.29914 1.93924 1.75565 1.69349 2.51448
threshold=0.031496141102712143 7.7500000000000009 1.5000000000000002 0.12422839506172841 4.5000000000000009 1540.0000000000002 3.3666666666666671 3.2250000000000005 1150.0000000000002 0.45000000000000007 549.50000000000011 480.50000000000006 4.5000000000000009 0.10811126694717159 0.36666666666666675 1450.0000000000002 4.5000000000000009 439.50000000000006 1.0000000180025095e-35 -18.499999999999996 5.5500000000000007 2.5000000000000004 18.050000000000004 6.5000000000000009 3.5000000000000004 9.5000000000000018 13.500000000000002 9.4500000000000011 1725.0000000000002 8.9500000000000011
decision_type=2 2 10 2 10 10 10 8 8 8 10 8 2 2 10 8 10 10 8 8 10 10 2 10 2 8 10 8 10 2
left_child=27 -2 3 4 20 -6 7 8 -4 10 11 12 17 14 -14 -13 -17 -10 28 -20 -3 22 -22 24 25 -21 -27 -1 -8 -30
right_child=1 2 6 -5 5 -7 18 -9 9 -11 -12 15 13 -15 -16 16 -18 -19 19 23 21 -23 -24 -25 -26 26 -28 -29 29 -31
leaf_value=-0.0087678120783121604 0.0016067511668955228 -0.0067518428084988799 -0.022207578507412867 -0.070816468278208811 -0.043055690801926574 0.0184743699713554 -0.0061751009410741043 0.067905088699234298 0.042959372096322758 -0.042756921647918451 0.091914103305421879 -0.031303369367808892 0.035534836973246713 0.069068834195700729 -0.056838797052154083 0.047948713064456527 -0.035555979261690261 -0.03857412677382465 -0.059515982922437941 0.0045795305285113363 0.020872089087237772 0.078825832623648992 -0.070323423625020157 -0.019948432432477126 0.0011314959124344227 0.082525029937284694 0.023277151255002328 -0.027958420368502157 0.048602882751372152 -0.001371702914625238
leaf_weight=123.28667014068924 1533.5421231267974 41.379859819076955 8.9377409834414703 2.4126087725162497 8.5611480381339771 2.0427536163479081 219.19268474006094 2.5579478312283745 1.204244801774627 2.5897953044623128 1.7005398087203492 5.6329946117475602 9.9176858272403479 5.2483872454613438 1.9225319018587477 3.0963219562545428 1.7298370916396377 2.9573166137561202 1.5485453628934918 14.188253136351703 4.0259632775560013 2.0732347946614027 1.3475001873448489 9.0819583362899703 200.82615542644635 3.122632326558235 2.4763680556789041 13.193294062395578 3.5174650456756344 8.8497888455167395
leaf_count=8196 8152 645 112 29 166 30 3558 18 19 43 8 88 118 34 41 37 28 46 41 199 52 23 36 186 3143 18 29 1363 22 143
internal_value=5.53023e-12 0.000688526 -0.00177264 -0.0101615 -0.00769915 -0.0312024 -0.000756 0.00999503 0.00669865 0.0138753 0.0182652 0.0143155 0.0255672 0.0354417 0.0205359 -0.00854497 0.0180182 -0.0149805 -0.00185933 0.00144529 -0.00259483 0.0205049 -0.00199695 0.00185627 0.0027539 0.0192201 0.0563204 -0.0106229 -0.00515943 0.012842
internal_weight=2242.16 2105.68 572.142 61.8431 59.4305 10.6039 510.299 47.4953 44.9374 35.9997 33.4099 31.7093 21.2502 17.0886 11.8402 10.4592 4.82616 4.16156 462.804 231.244 48.8266 7.4467 5.37346 229.695 220.613 19.7873 5.599 136.48 231.56 12.3673
internal_count=26623 17064 8912 981 952 196 7931 592 574 462 419 411 258 193 159 153 65 65 7339 3616 756 111 88 3575 3389 246 47 9559 3723 165
is_linear=0
shrinkage=0.05


Tree=73
num_leaves=31
num_cat=0
split_feature=7 11 18 6 14 14 6 1 14 14 20 0 0 9 5 14 20 14 9 21 12 6 0 14 6 6 6 15 9 9
split_gain=5.98436 1.6177 5.19472 3.50717 3.96539 6.67378 3.31153 3.68283 3.33379 9.92783 4.32381 3.23566 2.86319 4.68702 3.88514 3.46758 7.01114 6.58333 5.13463 4.39949 3.23166 3.16512 2.80906 2.5621 2.203 3.57623 3.25515 2.6061 2.70287 2.0938
threshold=0.031496141102712143 1.5000000000000002 1775.0000000000002 3.9500000000000006 899.50000000000011 985.50000000000011 3.5500000000000003 5.5000000000000009 504.50000000000006 473.50000000000006 1.5000000000000002 4.5000000000000009 2.5000000000000004 3.9000000000000004 55.500000000000007 477.50000000000006 1.0000000180025095e-35 497.50000000000006 2.5500000000000003 8.5000000000000018 0.55000000000000016 2.7500000000000004 8.5000000000000018 438.50000000000006 4.1500000000000012 4.2500000000000009 4.3500000000000005 6.5000000000000009 5.1000000000000005 4.5500000000000007
decision_type=2 8 10 2 8 10 2 8 8 10 8 2 2 10 10 10 10 10 10 2 10 2 2 10 2 2 2 10 10 10
left_child=-1 2 3 4 6 -6 7 12 9 -9 -11 -7 13 14 -2 18 22 -18 20 -20 -14 23 -17 -21 -5 -26 -27 -28 29 -29
right_child=1 -3 -4 24 5 11 -8 8 -10 10 -12 -13 15 -15 -16 16 17 -19 19 21 -22 -23 -24 -25 25 26 27 28 -30 -31
leaf_value=-0.010190705400648743 -0.0081557184896767446 0.0011954100007237156 -0.037165400371106556 -0.039592111121097076 -0.074786892966000371 0.021832397352402479 0.027181474328119782 0.042222218961705638 0.049673498096278683 -0.063893688912038768 0.01109910786365652 -0.028568881104550532 0.036767051961846944 0.017580773337950464 -0.06721662957062885 0.035362240676523958 0.011546342685432684 -0.063502294300213952 -0.058445490839027031 0.038813837200784601 -0.0069617353982613234 -0.038835959648962928 -0.0015830522904025407 -0.0086988823937646908 0.042494518571549608 -0.081519665946588368 -0.004163499021407684 -0.026438224940512508 -0.069089180273796555 0.030266894183178707
leaf_weight=135.34458149049897 5.3838153816759604 1825.7080815045629 10.642568401060997 5.4640837386250487 4.1613757368177202 6.7670043110847455 16.06212461180985 9.9312641136348301 6.9815041627734891 4.639782494865357 3.2814031764864922 6.0146594010293484 8.475596858654173 5.5351358633488408 5.7673402167856693 21.911191930994395 7.2655954835936409 4.8880482893437147 5.8542002392932799 3.6742005599662724 8.4247359214350563 6.6656963080167762 6.7237959234043947 12.457912579178808 3.5226676426827899 1.5147400908172119 79.823305319994688 8.7314585172571224 3.0671203564852467 2.0009718239307395
leaf_count=9559 36 14822 89 35 23 30 70 59 48 38 29 33 36 40 36 121 45 44 27 22 54 28 41 108 17 15 920 129 47 22
internal_value=1.25194e-11 0.00065637 -0.00291406 -0.00153846 0.00308936 -0.0197903 0.00578282 0.00309469 0.0203787 0.00892246 -0.0328274 -0.0018849 -0.00107149 -0.0200319 -0.0387018 0.0025928 0.0131819 -0.0186373 -0.00688896 -0.0197815 0.0149685 -0.00985309 0.0266871 0.00212247 -0.00868819 -0.00697664 -0.00880841 -0.00763201 -0.0276955 -0.015866
internal_weight=2236.69 2101.34 275.633 264.991 160.866 16.943 143.923 127.861 24.834 17.8524 7.92119 12.7817 103.027 16.6863 11.1512 86.341 40.7886 12.1536 45.5523 28.652 16.9003 22.7978 28.635 16.1321 104.124 98.6603 95.1376 93.6229 13.7996 10.7324
internal_count=26623 17064 2242 2153 968 86 882 812 174 126 67 63 638 112 72 526 251 89 275 185 90 158 162 130 1185 1150 1133 1118 198 151
is_linear=0
shrinkage=0.05


Tree=74
num_leaves=31
num_cat=0
split_feature=7 2 9 14 14 14 0 15 14 6 14 14 5 6 1 11 7 0 14 11 21 15 14 18 9 0 12 0 12 12
split_gain=5.62741 1.89471 3.2621 3.6548 3.66322 4.17143 3.67258 3.38749 4.07254 3.71522 2.83853 4.04271 2.89321 2.65524 4.12352 3.31558 3.13641 4.24992 2.89413 2.55533 3.48579 4.59194 5.79266 4.20278 3.2981 5.39534 4.94619 4.57412 3.88478 3.69255
threshold=0.031496141102712143 1.0000000180025095e-35 10.450000000000001 463.50000000000006 495.50000000000006 511.50000000000006 6.5000000000000009 -8.4999999999999982 1056.5000000000002 6.6500000000000012 964.50000000000011 1003.5000000000001 615.00000000000011 2.4500000000000006 5.5000000000000009 4.5000000000000009 0.31754032258064518 1.5000000000000002 497.50000000000006 2.5000000000000004 12.500000000000002 -3.4999999999999996 510.50000000000006 1675.0000000000002 2.4500000000000006 6.5000000000000009 0.63333333333333341 2.5000000000000004 0.36666666666666675 0.45000000000000007
decision_type=2 2 10 10 10 8 2 8 8 2 10 8 10 2 10 10 2 2 10 8 2 8 8 10 10 2 10 2 10 10
left_child=-1 -2 7 -4 6 -6 -5 8 10 -10 13 -12 -13 18 16 -16 17 -15 -3 24 -21 -22 23 -23 25 26 -9 -28 -27 -26
right_child=1 2 3 4 5 -7 -8 19 9 -11 11 12 -14 14 15 -17 -18 -19 -20 20 21 22 -24 -25 29 28 27 -29 -30 -31
leaf_value=-0.0099339915911666413 0.0020441404018485157 -0.016852713646889554 -0.033015989750155149 0.066416664552874247 -0.057059479310238193 0.021482977346872715 0.01336251443903844 0.024882745081680924 -0.087428266028018425 -0.011651858792555847 0.042343920711619708 0.028403037620854193 -0.039418193331798974 0.053411828893827354 0.030582395388759731 -0.032647708248685674 -0.069256726320731307 -0.030197240770496937 0.047928399273161171 0.0018023663139768436 -0.068465054895027133 -0.0092569426961546814 -0.058440891324720294 0.050489841226870058 -0.0064661341940619316 0.020329059111664952 -0.052844125069195308 0.013935464077587287 -0.025699172666058468 -0.039099115026581976
leaf_weight=134.01604770426638 1116.1591003010981 3.7232410507276645 3.1632620301097658 6.8034475576132554 2.4031174089759562 5.7007891852408656 6.2662929929792881 32.959064301103354 3.3146123401820651 3.1592959775589406 5.9221326000988457 2.4987769909203061 4.2420244039967656 1.6626978255808413 5.7827633842825872 3.2319934442639351 4.5241551473736754 17.69662337936461 3.2109877243638039 608.94579602777958 3.7648675674572587 11.102477097883826 4.4293277119286349 4.0052095400169483 193.32531995326281 6.1348752528429058 4.4713332909159345 6.0121024996042252 18.135262499563396 9.0756338746286911
leaf_count=9559 8999 30 47 43 29 51 43 216 20 54 34 21 44 15 37 44 17 205 18 5041 45 123 42 31 1457 45 41 58 148 66
internal_value=-9.4134e-12 0.000633408 -0.000964089 0.0171142 0.0246035 -0.00180786 0.0409798 -0.00142176 -0.0130322 -0.050449 -0.00841786 0.012203 -0.0142772 -0.0149733 -0.0209001 0.00791298 -0.0317755 -0.0230164 0.0131451 -0.000663013 0.00107612 -0.0179028 -0.0081592 0.00658257 -0.00473376 0.00481837 0.0153677 -0.014547 -0.0140644 -0.00792939
internal_weight=2235.84 2101.83 985.667 24.3369 21.1736 8.10391 13.0697 961.331 58.9693 6.47391 52.4954 12.6629 6.7408 39.8325 32.8982 9.01476 23.8835 19.3593 6.93423 902.361 632.248 23.3019 19.537 15.1077 270.114 67.7126 43.4425 10.4834 24.2701 202.401
internal_count=26623 17064 8065 213 166 80 86 7852 539 74 465 99 65 366 318 81 237 220 48 7313 5282 241 196 154 2031 508 315 99 193 1523
is_linear=0
shrinkage=0.05


Tree=75
num_leaves=31
num_cat=0
split_feature=7 7 15 15 14 15 15 14 14 5 14 14 1 21 9 9 7 5 11 9 14 5 11 1 18 1 0 21 18 4
split_gain=5.28346 1.988 2.53253 1.96699 5.22085 4.11061 3.42867 4.65008 4.10843 5.28917 6.75474 5.21827 4.49008 7.13674 5.57908 4.45569 4.10709 3.75013 3.65161 3.51215 3.23683 4.23568 3.85755 3.21179 3.93214 4.18877 4.97992 3.65307 3.52708 3.50944
threshold=0.044150325523371413 0.0080612669283356315 7.5000000000000009 -2.4999999999999996 1056.5000000000002 -3.4999999999999996 -3.4999999999999996 419.50000000000006 439.50000000000006 635.00000000000011 540.50000000000011 470.50000000000006 4.5000000000000009 11.500000000000002 4.1000000000000005 2.9000000000000004 0.27402402402402409 54.750000000000007 5.5000000000000009 2.9000000000000004 1056.5000000000002 635.00000000000011 1.5000000000000002 3.5000000000000004 1540.0000000000002 5.5000000000000009 3.5000000000000004 6.5000000000000009 1725.0000000000002 1.0000000180025095e-35
decision_type=2 2 8 8 8 10 10 10 10 8 10 10 10 2 10 10 2 10 10 8 10 8 10 10 10 8 2 2 10 2
left_child=1 -1 -3 4 6 -6 23 -8 17 10 11 15 14 16 19 -10 18 -9 -14 -13 -5 -22 -23 28 27 -26 -27 -25 -2 -28
right_child=3 2 -4 20 5 -7 7 8 9 -11 -12 12 13 -15 -16 -17 -18 -19 -20 -21 21 22 -24 24 25 26 29 -29 -30 -31
leaf_value=-0.023040147503117003 0.0066445982309205134 -0.0037825898901798355 -0.02063149936534359 -0.00064515383856761886 -0.013199455314254227 -0.083207826361035658 -0.036411344382242694 0.0041368671816005695 0.045348270782528552 0.069249489625831287 -0.039279007142951849 0.041018903422614036 -0.023555917529831247 -0.046484588236612299 0.055497707758277781 -0.0097084749542088646 0.050061458471752418 0.059595796492497501 0.039095319314760631 -0.019052080040306812 0.024804795209875007 -0.057368137254324839 0.0038604162818680851 0.051934509348344315 -0.025506204183044147 0.036523869417701804 -0.033690519472858588 0.00087063467597931073 0.057273552325424776 0.033460806164862182
leaf_weight=18.496012514398899 163.61660772655159 176.35057979356498 25.531146824127063 1392.7685307823122 19.224534707609568 2.3534294962882987 4.7245815638452759 4.6918507227674118 4.1941872034221879 3.6818637717515221 6.9367078430950633 4.3655722527764746 6.0561870336532646 4.9707720447331658 15.741757334209977 29.674868138507009 7.2737488038837901 8.7011758610606176 3.77577019110322 5.49719764571637 29.090951772406697 2.9034787509590414 22.561879768036306 3.5591064244508734 30.031459836289287 7.3826043643057373 7.8787655532360059 219.95782442390919 3.5138665176928034 2.5837213881313801
leaf_count=2979 1180 7496 1168 10419 169 21 44 35 23 14 59 26 54 44 84 206 32 54 31 35 181 24 159 17 214 56 85 1677 19 18
internal_value=1.19071e-10 -0.00735083 -0.0059134 0.000802869 0.00328966 -0.020835 0.00423819 0.0121188 0.0142908 0.0105307 0.00808742 0.0121164 0.0227763 0.00625218 0.0370235 -0.0028905 0.021577 0.0401674 0.00050406 0.00753723 -0.000177171 0.01177 -0.00312067 0.00225627 -0.00110169 -0.0141057 0.00508011 0.00168374 0.00770906 -0.0171074
internal_weight=2238.09 220.378 201.882 2017.71 570.388 21.578 548.81 110.286 105.562 92.1686 88.4868 81.5501 47.681 22.0765 25.6045 33.8691 17.1057 13.393 9.83196 9.86277 1447.32 54.5563 25.4654 438.524 271.393 47.8766 17.8451 223.517 167.13 10.4625
internal_count=26623 11643 8664 14980 4197 190 4007 741 697 608 594 535 306 161 145 229 117 89 85 61 10783 364 183 3266 2067 373 159 1694 1199 103
is_linear=0
shrinkage=0.05


Tree=76
num_leaves=31
num_cat=0
split_feature=7 7 10 9 9 0 15 6 0 14 7 14 6 7 9 14 4 5 14 20 1 11 14 20 9 7 14 1 15 10
split_gain=5.0043 2.15853 1.85735 3.31163 2.6362 2.00208 3.29279 5.78674 3.16052 6.6849 6.64641 5.4697 6.28476 5.44966 5.18629 4.71924 5.43169 5.10713 4.98871 5.78427 4.97682 6.26115 4.90243 4.21743 3.71878 3.52316 3.5153 5.10031 3.92105 7.27775
threshold=0.053333712595289573 0.012247402020783836 10.500000000000002 12.708333333333334 13.550000000000002 8.5000000000000018 -11.499999999999998 3.2500000000000004 9.5000000000000018 954.50000000000011 0.31754032258064518 921.50000000000011 2.9500000000000006 0.15504807692307696 4.366666666666668 477.50000000000006 1.0000000180025095e-35 56.250000000000007 443.50000000000006 2.5000000000000004 4.5000000000000009 2.5000000000000004 487.50000000000006 1.5000000000000002 3.5500000000000003 0.12422839506172841 448.50000000000006 3.5000000000000004 -1.4999999999999998 1.5000000000000002
decision_type=2 2 10 10 10 2 10 2 2 10 2 10 2 2 10 10 2 8 10 8 10 10 10 8 10 2 10 10 10 8
left_child=1 -1 4 -4 5 -2 7 -7 9 -8 14 15 -13 -14 -11 18 17 20 19 25 21 22 -17 -22 -24 -10 -20 28 29 -28
right_child=2 -3 3 -5 -6 6 8 -9 11 10 -12 12 13 -15 -16 16 -18 -19 26 -21 23 -23 24 -25 -26 -27 27 -29 -30 -31
leaf_value=-0.017642850252149202 8.7358808526647922e-05 -0.0045574704492389248 0.023928871594024979 -0.052429364328174827 0.046909362064177666 -0.030700127360173104 0.012744665860466763 0.038583016877657715 -0.031174393334897056 0.00028419025342914819 0.035671804830227853 -0.023736265752106408 -0.010563456070140455 0.054120192644732071 -0.057898455455313358 -0.042857033088671996 0.02457180089207783 -0.0021170863930672665 0.033543615330491307 -0.056465302643513508 -0.07101291885441266 -0.03447594919401193 -0.013890010807539422 -0.0076527579826163941 0.055532798517396481 0.0073773243027100716 -0.052649490639308329 0.01513551475361365 -0.02779560473442988 0.038905914319792845
leaf_weight=36.19038915890269 1531.9936606069095 243.97863238072023 2.1624803636223069 4.1352634066715837 3.1201926115900269 3.7790526598691967 132.18279656814411 14.883848695084451 8.2045276137068885 6.6075226273387697 4.4670999329537144 5.5075669363141087 4.3684876887127784 12.789773896336554 9.1118426285684091 2.9758521579206016 9.1107090907171351 35.366165609564632 13.074139960110186 6.1951323114335528 9.4760016929358208 18.620675491169095 2.9402937795966846 3.6334039531648168 5.6086346050724387 21.342437487095594 3.0895889662206182 47.984691075980663 15.968950474634765 7.2968342080712327
leaf_count=4796 10834 8043 16 46 23 31 932 90 116 41 20 24 58 42 63 19 62 256 78 52 96 153 27 33 27 124 24 329 124 44
internal_value=1.62246e-11 -0.00624775 0.000899501 -0.0262099 0.000987519 0.00091353 0.00404189 0.0245539 0.00304995 0.00865195 -0.0181475 -0.00060477 0.0227351 0.0376518 -0.0334418 -0.00311329 -0.0119753 -0.0162104 0.00319962 -0.0125379 -0.0277334 -0.0165491 0.0124155 -0.053452 0.0316557 -0.00332762 0.00963442 0.00542952 -0.012242 0.0116715
internal_weight=2226.17 280.169 1946 6.29774 1939.7 1936.58 404.586 18.6629 385.923 152.369 20.1865 233.554 22.6658 17.1583 15.7194 210.888 87.7317 78.621 123.156 35.7421 43.2549 30.1455 11.5248 13.1094 8.54893 29.547 87.4142 74.3401 26.3554 10.3864
internal_count=26623 12839 13784 62 13722 13699 2865 121 2744 1056 124 1688 124 100 104 1564 673 611 891 292 355 226 73 129 54 240 599 521 192 68
is_linear=0
shrinkage=0.05


Tree=77
num_leaves=31
num_cat=0
split_feature=7 0 11 15 1 6 21 20 9 15 14 0 20 9 15 7 5 14 9 9 7 0 14 6 14 10 18 14 7 15
split_gain=4.81756 2.82771 2.7271 4.32174 3.57983 4.17861 3.8331 3.30322 2.67387 2.41409 2.47011 2.41995 3.417 2.28347 6.85873 5.26108 4.745 9.29502 6.11297 5.6413 5.32267 5.67084 4.26703 3.95361 3.53504 4.26942 4.09483 3.02175 2.7656 2.75857
threshold=0.031496141102712143 8.5000000000000018 6.5000000000000009 29.500000000000004 4.5000000000000009 19.150000000000002 9.5000000000000018 1.5000000000000002 12.708333333333334 -1.4999999999999998 460.50000000000006 9.5000000000000018 1.0000000180025095e-35 5.7083333333333348 -1.4999999999999998 0.16001024065540195 55.500000000000007 454.50000000000006 7.6333333333333337 6.2250000000000005 0.10152545866831582 9.5000000000000018 442.50000000000006 3.2500000000000004 469.50000000000006 1.5000000000000002 1450.0000000000002 479.50000000000006 0.2062074829931973 3.5000000000000004
decision_type=2 2 10 8 10 2 2 10 8 10 10 2 10 8 8 2 10 10 8 8 2 2 10 2 10 8 10 10 2 8
left_child=-1 -2 13 4 6 9 -4 -7 -8 11 -11 -6 -13 -3 15 -15 17 19 20 -16 -18 -22 -17 27 28 -26 -27 -24 -19 -21
right_child=1 2 3 -5 5 7 8 -9 -10 10 -12 12 -14 14 16 22 18 24 -20 29 21 -23 23 -25 25 26 -28 -29 -30 -31
leaf_value=-0.0092943216719116074 -0.00036296303550724206 0.0036109007997927145 0.039659090612375054 0.068612437049487759 0.013640349481569621 0.040143149575733755 0.00015065771028682911 -0.056800296296863576 -0.054313658169266969 -0.005796738576967512 -0.055906345256075955 -0.062877410056839333 0.0083419359320073324 0.0027036002210940693 0.050252777490802161 -0.00019355018955836566 0.035831457543815483 -0.023646686691827647 0.048594300357018144 0.012535579641826966 -0.066852132575527634 0.0063415768257729073 0.052240934570611644 0.067789471412845304 0.027419901139212485 -0.059933080781587315 0.017475623095164188 -0.011246420508779968 -0.086679806128799317 -0.045865130473091618
leaf_weight=131.17677366000134 1649.9284729729407 231.51170873641968 6.0952756749466053 2.0681904079392543 5.3402885980904156 4.3870898671448222 62.463891261024401 1.0987748773768542 2.3378388006240121 3.3358947038650504 9.3590946421027166 3.7981911934912205 3.0259309448301792 12.628294441848992 7.4200323885306743 4.8651672098785665 6.6291330903768602 2.9393252888694432 10.236186905764042 5.444824607111511 4.1804924178868514 7.2109061554074287 4.0221542827785042 13.640487361699341 3.767570931464431 5.7443906236439943 2.4316016351804137 3.5096513535827398 4.2654373161494732 3.2165493443608293
leaf_count=9559 13453 1738 45 10 32 80 615 30 30 32 104 48 26 181 42 22 85 35 69 52 30 48 22 47 21 57 27 29 20 34
internal_value=-4.46171e-11 0.000584215 0.00416057 -0.00293807 -0.00439971 -0.0187708 0.00175137 0.0207262 -0.00181424 -0.0274868 -0.0427389 -0.0115694 -0.0312975 0.00635848 0.0125854 0.0291869 0.00247451 -0.00976753 0.0177376 0.0182573 0.000210048 -0.0205195 0.0420314 0.0517342 -0.0333038 -0.0166181 -0.0369111 0.0226573 -0.0609642 -0.00915252
internal_weight=2218.08 2086.9 436.974 103.31 101.242 30.3453 70.897 5.48586 64.8017 24.8594 12.695 12.1644 6.82412 333.664 102.152 38.6658 63.4865 35.2297 28.2567 16.0814 18.0205 11.3914 26.0375 21.1723 19.1483 11.9436 8.17599 7.53181 7.20476 8.66137
internal_count=26623 17064 3611 1052 1042 352 690 110 645 242 136 106 74 2559 821 301 520 288 232 128 163 78 120 98 160 105 84 51 55 86
is_linear=0
shrinkage=0.05


Tree=78
num_leaves=31
num_cat=0
split_feature=6 6 5 6 1 18 1 15 14 13 12 9 9 18 5 6 9 15 14 0 6 14 9 5 15 21 9 6 2 9
split_gain=4.75972 2.31171 1.95542 1.77467 3.63413 3.83007 2.91654 4.03627 3.24062 3.20205 4.90431 4.37809 6.3862 5.26553 4.88422 5.11332 4.10163 3.95119 3.80816 4.81122 3.48797 7.00138 3.45942 4.60328 3.51676 4.98444 3.37341 3.88909 3.36427 3.36216
threshold=14.050000000000002 64.850000000000009 50.500000000000007 2.4500000000000006 6.5000000000000009 1625.0000000000002 5.5000000000000009 6.5000000000000009 526.50000000000011 1.5000000000000002 0.63333333333333341 2.9000000000000004 3.1000000000000005 1450.0000000000002 53.250000000000007 1.7500000000000002 1.7750000000000001 3.5000000000000004 469.50000000000006 6.5000000000000009 2.3500000000000001 470.50000000000006 3.4500000000000006 54.250000000000007 5.5000000000000009 11.500000000000002 4.9000000000000012 1.8500000000000003 1.0000000180025095e-35 8.5500000000000025
decision_type=2 2 8 2 10 10 10 8 10 2 10 8 10 8 10 2 10 10 10 2 2 8 10 8 8 2 10 2 2 10
left_child=3 -2 -3 6 -5 -6 9 -8 -9 18 11 13 -13 14 -11 -16 -12 -17 28 -20 22 -22 -14 26 29 -26 27 -24 -1 -25
right_child=1 2 -4 4 5 -7 7 8 -10 10 16 12 20 -15 15 17 -18 -19 19 -21 21 -23 23 24 25 -27 -28 -29 -30 -31
leaf_value=0.020477409254165333 -0.0035796562285836998 0.092915974395094636 -0.016309884742059154 0.0026426062123912552 -0.0038710199355175227 -0.041992540967829117 0.012998326373559391 -0.068112458883761468 0.0059602374283988105 0.051397487445289658 -0.01893267722237689 -0.047167912328084087 0.018530205716684817 0.028426417834431068 0.016266891962481649 -0.013599946477247214 -0.089071208748111363 -0.066835947705863194 0.04483412139234122 -0.012141175754205251 -0.068331086971089625 1.6139368015242435e-05 0.02587701217121785 -0.020069281767102019 0.015708831761458084 -0.031310917343234816 0.022057864275193548 -0.045287706101044302 -0.019854246515064344 0.0092354088810268457
leaf_weight=8.2978182584047318 342.90319023001939 0.41336213261820276 47.008150631852914 1333.7562768557109 138.25071857683361 6.9185247141867867 49.494653439149261 2.9258112888783208 2.980951176956296 3.5727307721972457 6.5182196949608606 10.125364379025994 15.238782715983687 19.45356473326683 11.506829127669336 15.505556290969254 3.0643236320465803 4.4960902091115704 11.697090909816326 5.4231932032853356 6.5279109440743897 8.7956193424761295 3.2417691051960018 73.729297761805356 22.229591244831685 7.5508491140790275 20.67236259020865 4.7078470066189766 13.719605453312397 11.286017661914228
leaf_count=57 8928 32 5795 8601 1063 65 317 30 19 17 67 54 83 111 119 71 18 26 78 28 27 37 25 478 134 42 135 29 56 81
internal_value=-4.27528e-11 -0.00501061 -0.0153578 0.0010736 0.0018249 -0.00568783 -0.00216806 0.00833608 -0.0307304 -0.0041932 -0.00628899 -0.00488065 -0.00856656 0.00756269 -0.00400686 -0.0102891 -0.0413617 -0.0255667 0.0090989 0.0267861 -0.00632002 -0.0291002 -0.00411985 -0.00652652 -0.0109994 0.00378695 0.0114132 -0.0162675 -0.00465425 -0.016179
internal_weight=2212.01 390.325 47.4215 1821.69 1478.93 145.169 342.762 55.4014 5.90676 287.36 248.223 238.64 184.105 54.5348 35.0812 31.5085 9.58254 20.0016 39.1377 17.1203 173.98 15.3235 158.657 143.418 114.796 29.7804 28.622 7.94962 22.0174 85.0153
internal_count=26623 14755 5827 11868 9729 1128 2139 366 49 1773 1554 1469 1125 344 233 216 85 97 219 106 1071 64 1007 924 735 176 189 54 113 559
is_linear=0
shrinkage=0.05


Tree=79
num_leaves=31
num_cat=0
split_feature=6 7 10 2 15 15 15 21 11 15 14 14 5 9 14 14 19 12 5 20 0 5 20 9 5 14 21 7 6 9
split_gain=4.44623 2.18738 1.93565 2.88162 5.14906 4.60776 4.40374 4.03541 7.49677 3.73853 3.43328 4.2962 3.25201 3.49741 3.72903 7.20681 3.23203 3.44406 3.90521 3.20213 3.09638 7.94658 7.03243 4.8349 3.40661 3.79311 4.17079 4.17929 4.04507 3.95952
threshold=14.050000000000002 0.012247402020783836 1.5000000000000002 1.0000000180025095e-35 23.500000000000004 -10.499999999999998 11.500000000000002 12.500000000000002 8.5000000000000018 18.500000000000004 502.50000000000006 473.50000000000006 52.500000000000007 2.7750000000000004 436.50000000000006 457.50000000000006 1.0000000180025095e-35 0.29166666666666669 655.00000000000011 1.0000000180025095e-35 7.5000000000000009 585.00000000000011 2.5000000000000004 6.5500000000000007 54.750000000000007 514.50000000000011 9.5000000000000018 0.10811126694717159 2.6500000000000008 4.5500000000000007
decision_type=2 2 8 2 10 8 10 2 10 8 8 8 10 10 10 10 2 10 10 8 2 10 8 10 10 10 2 2 2 10
left_child=2 -2 3 4 7 -5 16 8 9 12 11 -9 13 -1 -15 -16 -7 18 20 -17 24 22 23 -22 -18 -26 -27 -28 -29 -30
right_child=1 -3 -4 5 -6 6 -8 10 -10 -11 -12 -13 -14 14 15 19 17 -19 -20 -21 21 -23 -24 -25 25 26 27 28 29 -31
leaf_value=0.021574980409945241 -0.016796861991089564 -0.0036771233249166682 0.0024267609419860144 -0.037861230487885561 0.052688115090128197 -0.043459499270747048 -0.026107004719327392 0.027861367102625875 -0.029964352885710435 -0.046844073998465373 0.062262581067523796 -0.032984026984189112 0.0039269775795260052 0.017678617950237199 -0.094510131035497894 0.031620205840334918 0.042950305648596199 0.0046223254863857815 0.030632501653813954 -0.029403289742346281 -0.026035524821149271 -0.058305123752130143 0.02790906325311231 0.026149456903879938 -0.0100199411371697 0.030786683721510597 -0.060571096279883357 -0.038197991073540827 -0.0057219722846899588 0.040455473297530131
leaf_weight=5.3868136685341623 34.906885029922705 353.49965770926792 1053.8310379949398 9.7942910119891149 4.9700112938880912 4.5917867049574843 19.686572880018502 11.316878536716104 19.396785812452435 3.8777645900845519 4.433663683012127 3.9012477183714518 317.41982456063852 4.3387427814304855 3.8329894579947021 2.7352734822779867 3.9570549093186846 144.48505815723911 7.1775487102568141 10.042149504646659 31.290727234445512 9.553040895611046 10.439934048801659 5.1721623335033646 87.148501686751842 13.828101243823765 2.8256071321666267 4.616636534221473 10.875664564780893 8.0993314795196039
leaf_count=39 4796 9959 6822 92 24 23 164 61 169 23 18 31 1995 35 33 21 32 952 39 78 227 58 53 41 581 84 51 26 58 38
internal_value=-4.44713e-11 -0.00485622 0.00103692 -0.000877174 0.00211938 -0.00401901 -0.00310777 0.00146942 0.000287504 0.00197546 0.0235437 0.0122633 0.00252617 -0.0143574 -0.0235969 -0.0343784 -0.00179179 -0.00122818 -0.00556346 -0.0163399 -0.00694678 -0.0167395 -0.00827354 -0.0186332 -0.00273777 -0.00415692 0.00853905 -0.00310647 0.00377616 0.0139885
internal_weight=2207.43 388.407 1819.03 765.194 391.652 373.542 363.748 386.682 367.03 347.634 19.6518 15.2181 343.756 26.336 20.9492 16.6104 344.061 339.469 194.984 12.7774 187.807 56.4559 46.9028 36.4629 131.351 127.394 40.2453 26.4172 23.5916 18.975
internal_count=26623 14755 11868 5046 2527 2519 2427 2503 2393 2224 110 92 2201 206 167 132 2263 2240 1288 99 1249 379 321 268 870 838 257 173 122 96
is_linear=0
shrinkage=0.05


Tree=80
num_leaves=31
num_cat=0
split_feature=7 0 15 21 2 18 11 1 15 6 7 11 6 6 6 9 9 2 14 5 15 14 11 10 9 15 15 15 4 18
split_gain=4.25709 2.07359 2.62296 2.99104 7.0023 3.64629 2.55164 4.18306 2.52214 3.2801 2.48122 2.70365 2.45312 3.59697 2.49378 2.23231 2.1861 2.52829 2.12976 5.05852 4.37245 4.78829 3.47147 3.70528 3.48443 3.09174 3.06286 3.81631 5.70202 3.79612
threshold=0.053333712595289573 8.5000000000000018 -11.499999999999998 9.5000000000000018 1.0000000180025095e-35 1590.0000000000002 6.5000000000000009 4.5000000000000009 2.5000000000000004 3.9500000000000006 0.054200940070505299 8.5000000000000018 3.3500000000000001 5.9500000000000011 8.5500000000000025 6.5500000000000007 3.4500000000000006 1.0000000180025095e-35 925.50000000000011 525.00000000000011 4.5000000000000009 564.50000000000011 1.5000000000000002 2.5000000000000004 5.7750000000000012 12.500000000000002 1.0000000180025095e-35 -1.4999999999999998 1.0000000180025095e-35 910.00000000000011
decision_type=2 2 8 2 2 10 10 10 10 2 2 10 2 2 2 10 8 2 10 10 10 10 10 10 10 10 8 10 2 8
left_child=-1 10 16 4 5 8 18 -8 12 -10 11 -2 -4 -14 -15 -6 -3 -18 19 20 26 -22 -20 25 -25 -24 27 -5 29 -29
right_child=1 2 3 6 15 -7 7 -9 9 -11 -12 -13 13 14 -16 -17 17 -19 22 -21 21 -23 23 24 -26 -27 -28 28 -30 -31
leaf_value=-0.0058145245948823141 0.056307979665243368 0.063748299959592622 0.0053409259490025205 0.0075422256641922399 -0.026835094469664179 0.079353474440952129 0.00067691249449523296 -0.025964372859579251 0.035336461032097602 -0.044029099481065023 -0.00012469127005462221 -0.027328419020917812 0.077888161002759193 -0.030893203725446228 0.044721973528146337 0.021395210752710572 -0.0082091507534306166 0.04168912950308664 -0.023864574323236798 -0.062950686504725795 -0.020186882670606879 0.02414272678017838 0.021753032686178366 -0.044400647877212179 0.029455202606269045 0.065382195226350678 0.014550669016140506 0.023417561198928689 0.044662992773645806 -0.024164055277239981
leaf_weight=275.4312211786164 3.7749086748808613 2.9677134770899984 4.6624254379421535 86.533540233969688 8.8368903454393131 3.5994063410907975 57.784281054046005 19.776931195519865 2.5475801080465308 2.6623690109699965 1522.2817578390241 1.2987044416368005 5.2289762645959836 1.6932423189282415 3.0625776350498199 3.2932178955525151 5.459650170058012 4.7448542006313801 4.629681793972849 2.9126133639365426 32.204167915508151 7.5126953776925793 15.798689265735453 3.4645245354622594 2.9626242090016603 5.4652849510312072 72.617882343009114 4.8566562701016656 4.0949243977665892 30.620621272362769
leaf_count=12839 56 13 25 588 81 13 476 204 11 30 10819 20 14 17 31 24 43 33 34 17 279 38 82 22 22 18 498 21 25 230
internal_value=-1.32618e-10 0.000830935 0.00403569 0.00328853 0.0171013 0.0330508 0.00188904 -0.00611621 0.0246577 -0.00522064 -8.34731e-06 0.0348994 0.0352853 0.0492679 0.0178003 -0.013741 0.0259771 0.0149924 0.00415778 0.00254367 0.0033437 -0.0118017 0.016211 0.0229113 -0.0103564 0.0329666 0.00637065 0.00166019 -0.0112022 -0.0176504
internal_weight=2202.78 1927.35 399.994 386.822 35.5867 23.4566 351.235 77.5612 19.8572 5.20995 1527.36 5.07361 14.6472 9.9848 4.75582 12.1301 13.1722 10.2045 273.674 241.353 238.44 39.7169 32.3208 27.6911 6.42715 21.264 198.724 126.106 39.5722 35.4773
internal_count=26623 13784 2889 2800 246 141 2554 680 128 41 10895 76 87 62 48 105 89 76 1874 1696 1679 317 178 144 44 100 1362 864 276 251
is_linear=0
shrinkage=0.05


Tree=81
num_leaves=31
num_cat=0
split_feature=6 6 5 9 11 6 15 15 20 0 21 18 14 14 14 21 0 5 7 14 7 15 6 18 18 0 6 5 15 0
split_gain=4.02292 2.12203 1.92812 1.861 6.18744 5.63796 5.50274 5.56193 4.11667 5.68187 3.94702 3.86254 3.76178 3.47957 5.48226 4.15248 4.08232 4.26182 4.37024 4.36399 5.32694 3.28257 3.0133 2.99679 2.99313 2.9907 3.63965 2.97957 2.9575 2.92178
threshold=56.45000000000001 9.9500000000000011 52.500000000000007 3.1000000000000005 3.5000000000000004 3.1500000000000008 -2.4999999999999996 4.5000000000000009 1.0000000180025095e-35 4.5000000000000009 9.5000000000000018 1675.0000000000002 892.50000000000011 516.50000000000011 1050.5000000000002 9.5000000000000018 3.5000000000000004 54.250000000000007 0.42572463768115948 475.50000000000006 0.4446640316205534 1.5000000000000002 3.3500000000000001 1675.0000000000002 1450.0000000000002 4.5000000000000009 4.6500000000000012 475.00000000000006 1.0000000180025095e-35 4.5000000000000009
decision_type=2 2 8 8 10 2 10 10 8 2 2 8 10 10 10 2 2 10 2 10 2 8 2 10 10 2 2 10 10 2
left_child=1 3 -2 4 5 13 -7 10 9 -9 -8 12 22 16 15 -15 17 18 -1 -19 -21 -22 29 -12 -11 26 -24 -17 -13 -6
right_child=2 -3 -4 -5 11 6 7 8 -10 24 23 28 -14 14 -16 27 -18 19 -20 20 21 -23 25 -25 -26 -27 -28 -29 -30 -31
leaf_value=0.066841218202972799 0.021656532384681498 -0.0025469421729547165 -0.015826647920604359 0.0020267690994197232 0.012523548686174626 0.0047643013914169582 -0.050594418100867192 0.051018216204089854 -0.01908916539081533 -0.040781146105934682 -0.01658506701056758 0.012452009994214234 0.040193379431120814 0.006656467358956278 0.030396754870769649 -0.016468772769357001 0.011047145374708883 0.0016150878958294029 -0.015984610245893299 -0.073864276499518253 0.0096130527509587747 -0.057108684829279992 0.026183227859965186 -0.065791027856744733 0.025019608507752845 0.024999570458245631 -0.037119040600641029 -0.060555235326769666 0.067615422003682549 -0.026917101115257219
leaf_weight=3.3646264038979998 3.6756883033085606 489.73819999210536 51.504583105852362 1329.419162098784 7.2581859305501011 29.436151387169957 16.446470649912953 6.4512539710849506 18.856034114956856 4.2032085545361042 33.44587529450655 4.7377874273806793 7.1895083189010611 6.7881746087223354 5.36203475203365 7.0985876377671948 79.985779103823006 14.748510149773212 3.0240378901362419 5.8429177533835164 5.7466916847042739 2.7139750067144615 3.9442913755774516 3.4097513295710078 2.9350494910031557 17.035502607002854 5.3515687715262175 8.3296581907197815 4.9876513238996267 13.300364555791019
leaf_count=14 390 10426 6139 7753 32 209 119 32 121 42 219 25 33 32 31 49 443 83 27 25 42 21 15 24 17 103 41 36 17 63
internal_value=-1.0705e-10 0.000343526 -0.0133298 0.00120072 -0.00220982 -0.00565538 -0.0138881 -0.0202912 -0.00396949 0.0170097 -0.0302264 0.0117328 0.00651581 0.000975668 -0.0149804 -0.0259324 0.00478799 -0.00933821 0.0276361 -0.017469 -0.0371467 -0.0117896 0.00135211 -0.0211374 -0.0137257 0.0125519 -0.0102595 -0.0402709 0.0407423 -0.0129926
internal_weight=2196.33 2141.15 55.1803 1651.41 321.994 258.189 115.184 85.7476 32.4455 13.5895 53.3021 63.8049 54.0794 143.005 27.5785 22.2164 115.427 35.4408 6.38866 29.0521 14.3036 8.46067 46.8899 36.8556 7.13826 26.3314 9.29586 15.4282 9.72544 20.5586
internal_count=26623 20094 6529 9668 1915 1586 783 574 212 91 362 329 287 803 148 117 655 212 41 171 88 63 254 243 59 159 56 85 42 95
is_linear=0
shrinkage=0.05


Tree=82
num_leaves=31
num_cat=0
split_feature=6 9 4 20 18 7 6 0 7 15 6 6 0 12 0 12 9 6 6 14 14 11 0 14 14 18 9 20 2 14
split_gain=3.76073 2.51848 4.11754 4.64526 4.4283 5.24454 3.27855 3.05032 3.85134 3.01398 2.84434 4.9941 2.75263 5.55335 3.36655 2.69099 2.51499 2.22867 3.47969 4.57162 5.31521 4.21991 5.36744 4.1897 4.55658 3.53835 6.43639 6.76 4.09174 5.27976
threshold=9.9500000000000011 1.9000000000000001 1.0000000180025095e-35 1.0000000180025095e-35 1215.0000000000002 0.39230769230769236 3.7500000000000004 6.5000000000000009 0.35098522167487695 -4.4999999999999991 2.0500000000000003 3.0500000000000003 5.5000000000000009 0.77500000000000013 2.5000000000000004 0.63333333333333341 1.7750000000000001 2.4500000000000006 1.8500000000000003 474.50000000000006 470.50000000000006 9.5000000000000018 3.5000000000000004 954.50000000000011 552.50000000000011 1450.0000000000002 3.7750000000000004 1.0000000180025095e-35 1.0000000180025095e-35 505.50000000000006
decision_type=2 8 2 8 10 2 2 2 2 10 2 2 2 10 2 10 10 2 2 10 8 8 2 8 8 10 10 10 2 10
left_child=1 2 3 4 5 -1 12 9 -9 -6 -11 -12 14 16 -5 17 -14 18 23 20 -20 25 -23 24 -3 28 -27 -28 -21 -30
right_child=-2 15 -4 6 7 -7 -8 8 -10 10 11 -13 13 -15 -16 -17 -18 -19 19 21 -22 22 -24 -25 -26 26 27 -29 29 -31
leaf_value=0.051777937327945812 -0.0036099583430465594 0.0046667661961278728 0.03425426171596118 -0.033744746763830082 0.048045609694982352 -0.015560854263388782 -0.061623304937142021 -0.058053661243768109 -0.0029064372637975441 0.021714095235435368 -0.079324126687348173 0.008170769996524354 -0.10088428410458367 0.014561219865093497 0.022992288701405069 -0.040639383937404433 -0.036112872271615595 0.0026152310386414173 -0.0014676523267379009 -0.0087199363652393728 0.042356367299296295 0.050694516605300936 -0.012460603517015049 0.047308153759182486 -0.056228554876173821 0.033140293368390777 0.013985774696298151 -0.058324384518226947 -0.055293997351192864 -0.018181670903683889
leaf_weight=7.1510762777179462 542.74054393422557 97.980277576018125 5.3051631208509198 4.5706452131271416 3.0375527609139654 4.8541921703144908 5.6840474512428036 6.1858297213911992 6.4850637121126056 4.7160985758528149 2.8362956251949072 3.8375930832698941 2.8596882163546962 3.2049914747476578 6.109052924439311 3.7616254016757003 3.1489630304276943 1273.7685422832146 79.525295737199485 30.927794277667999 7.5782116949558249 5.5495950654149047 8.5434786453843099 5.5678397370502344 3.1713623753748825 8.975689038634302 6.4998194985091668 6.42906154692173 15.907234291546045 24.106223739683628
leaf_count=32 16955 936 31 29 19 39 54 39 42 46 15 26 27 30 40 36 16 7298 350 132 30 20 36 44 31 37 29 22 82 100
internal_value=-1.02864e-10 0.00118868 -0.00809268 -0.011566 -0.000729076 0.0245503 -0.0281339 -0.0119284 -0.0298289 0.00379249 -0.00800921 -0.0290132 -0.0185651 -0.0385892 -0.00128975 0.00160024 -0.0669394 0.00170115 -0.0021701 -0.00615853 0.00234514 -0.0130849 0.0124087 0.00508187 0.00275754 -0.0169546 0.00061133 -0.0219714 -0.0223784 -0.0329356
internal_weight=2191.02 1648.28 69.9863 64.6811 39.1037 12.0053 25.5774 27.0984 12.6709 14.4275 11.39 6.67389 19.8933 9.21364 10.6797 1578.29 6.00865 1574.53 300.762 194.042 87.1035 106.939 14.0931 106.719 101.152 92.8458 21.9046 12.9289 70.9413 40.0135
internal_count=26623 9668 485 454 258 71 196 187 81 106 87 41 142 73 69 9183 43 9147 1849 838 380 458 56 1011 967 402 88 51 314 182
is_linear=0
shrinkage=0.05


Tree=83
num_leaves=31
num_cat=0
split_feature=7 6 6 1 9 18 20 21 1 6 2 20 9 9 9 10 15 21 15 14 15 21 12 21 14 15 15 0 11 1
split_gain=3.69029 2.35086 4.89865 6.25004 5.32583 4.21796 5.08876 3.43897 3.88029 2.18104 1.96731 3.20863 4.39394 4.40009 4.1138 4.10995 3.50804 3.03044 3.4407 3.0101 3.66922 2.7632 2.65212 2.62926 3.54352 2.6201 3.33769 2.55416 2.48464 2.36597
threshold=0.099504950495049524 2.1500000000000008 1.9500000000000002 2.5000000000000004 8.1000000000000014 1265.0000000000002 1.5000000000000002 9.5000000000000018 3.5000000000000004 64.850000000000009 1.0000000180025095e-35 1.5000000000000002 3.3666666666666671 5.1000000000000005 1.9000000000000001 2.5000000000000004 7.5000000000000009 9.5000000000000018 2.5000000000000004 490.50000000000006 -1.4999999999999998 7.5000000000000009 0.55000000000000016 7.5000000000000009 453.50000000000006 -3.4999999999999996 1.0000000180025095e-35 11.500000000000002 9.5000000000000018 2.5000000000000004
decision_type=2 2 2 8 8 8 10 2 8 2 2 10 10 10 8 10 10 2 8 10 10 2 8 2 10 10 8 2 10 10
left_child=9 2 10 -4 5 7 -7 -5 -9 -1 27 12 16 15 -13 17 22 -14 -19 28 -21 -16 29 -24 -25 -26 -27 -2 -15 -12
right_child=1 -3 3 4 -6 6 -8 8 -10 -11 11 14 13 19 21 -17 -18 18 -20 20 -22 -23 23 24 25 26 -28 -29 -30 -31
leaf_value=-0.0026397942747194026 0.005301627297103431 0.0019129048122702649 0.017494185083210573 0.029652938951515176 0.016207595975822709 -0.049840506704306786 0.0025027416757737093 -0.057853205299814907 0.0012747715663822341 -0.014142235764483632 -0.010607453272509785 -0.044950761413353441 -0.060186375720055009 0.025158407794997246 0.068331600478174506 -0.092444040634862362 -0.058871830219761889 -0.033501011839764151 0.041620032897672014 -0.070263503876806299 0.00028282098162486265 0.013486926682739703 0.028675711687569369 -0.10472515914446023 0.02812920910317673 -0.097748567663242816 -0.0019034127169786934 0.057934090515647046 -0.029662408599605224 0.034655680949973344
leaf_weight=490.97748773754574 73.92680700821802 1430.2568673794158 12.033782977610825 4.3889772854745379 7.6664474159479132 24.303359936922792 5.7400203235447398 4.6181925460696194 6.9510829746723184 44.988156316510867 3.883120069280273 2.6230080053210285 4.5369293261319381 7.9576419126242417 2.7379284780472544 3.2523138523101798 2.0224897186271837 4.3667044872418055 2.3416782300919285 3.2576427119784057 4.2449497622437766 14.247183095663784 3.2259990777820331 1.1824117824435232 2.6140670031309154 1.4197522476315447 2.5216365884989527 2.379240855574607 2.7920606676489115 11.255492269992827
leaf_count=11061 657 8055 49 20 37 111 26 17 38 5827 22 32 36 72 16 19 26 37 17 34 38 132 31 5 30 23 35 18 20 82
internal_value=4.73664e-11 0.00116915 -0.00361198 -0.0150729 -0.0223753 -0.0288054 -0.0398399 -0.00803159 -0.0223278 -0.00360529 0.00119069 -0.00426281 -0.00992881 -0.0223774 0.0133277 -0.0429413 0.00456682 -0.0286243 -0.0072787 -0.00604365 -0.0303486 0.0223277 0.00948222 -0.00924558 -0.0250554 -0.0106853 -0.0364284 0.00694272 0.0109196 0.0230455
internal_weight=2188.71 1652.75 222.491 65.7019 53.6681 46.0016 30.0434 15.9583 11.5693 535.966 156.789 80.483 60.8749 32.7499 19.6081 14.4976 28.125 11.2453 6.70838 18.2523 7.50259 16.9851 26.1025 10.9639 7.73787 6.55546 3.94139 76.306 10.7497 15.1386
internal_count=26623 9735 1680 298 249 212 137 75 55 16888 1382 707 527 273 180 109 254 90 54 164 72 148 228 124 93 88 58 675 92 104
is_linear=0
shrinkage=0.05


Tree=84
num_leaves=31
num_cat=0
split_feature=7 6 14 14 6 18 20 14 12 14 21 9 21 1 18 12 6 21 0 14 0 6 14 6 14 14 11 6 15 4
split_gain=3.51232 1.94616 3.81562 5.71328 4.76609 5.52734 5.32795 2.80137 3.47681 2.63224 5.06643 6.21776 2.22817 2.07773 3.58783 2.38311 2.98151 2.4004 2.52613 4.06026 4.96704 3.99078 3.85059 4.8741 4.64002 3.81229 2.58727 2.866 2.62842 2.44208
threshold=0.053333712595289573 2.1500000000000008 954.50000000000011 552.50000000000011 1.9500000000000002 1350.0000000000002 1.5000000000000002 483.50000000000006 0.22500000000000003 455.50000000000006 10.500000000000002 4.366666666666668 9.5000000000000018 6.5000000000000009 1725.0000000000002 0.45000000000000007 2.5500000000000003 6.5000000000000009 6.5000000000000009 499.50000000000006 1.5000000000000002 2.9500000000000006 440.50000000000006 4.7500000000000009 444.50000000000006 481.50000000000006 2.5000000000000004 3.2500000000000004 7.5000000000000009 1.0000000180025095e-35
decision_type=2 2 8 8 2 8 10 8 8 10 2 10 2 10 8 8 2 2 2 10 2 2 10 2 10 10 10 2 8 2
left_child=-1 2 3 4 -2 7 9 8 -6 -7 11 -11 -5 -3 15 16 -15 -18 19 22 -21 -20 -19 -24 -25 -26 -23 -28 -29 -27
right_child=1 13 -4 12 5 6 -8 -9 -10 10 -12 -13 -14 14 -16 -17 17 18 21 20 -22 26 23 24 25 29 27 28 -30 -31
leaf_value=-0.0053261056652582931 0.0012266756840828346 0.0019068942171434193 0.023202218712949498 -0.013853259628702081 0.032803617979610004 -0.062502315812835579 0.010826521129464764 -0.022906437033671706 -0.019638404374575966 0.02580815619070688 -0.059665396126575655 -0.042977924093646841 -0.06882703632336068 0.023160840859366538 -0.043850333556178706 -0.04384059540250456 -0.053409799304613537 -0.038969648199052458 -0.06145652120501837 -0.065146086783163956 -0.0040401837428437736 -0.028003248571488816 0.03363004587779439 0.085471910331928941 -0.019720738372319437 0.0047067239751819468 0.042381884575218895 -0.0099081096416953826 0.034575786642382582 0.059043113803121522
leaf_weight=271.1541158214095 143.36237475182861 1528.2912969475146 12.471584767103193 3.0208586435765019 10.136637721210718 7.6575199514627483 7.154024899005889 6.5230569504201403 4.5924441590905198 6.4557653516531008 7.9984546042978755 6.6895194761455059 4.7282174034044147 11.17994689568877 5.4565784763544789 3.4323599254712454 2.3820861168205729 3.5088039161637417 3.6699237376451483 3.7053437037393442 32.450706117786467 11.953877566382287 20.604289881885052 1.5462237484753156 15.155669661238791 7.5471639167517406 3.4019035324454299 33.859635247848928 3.6817762460559598 2.8482343312352896
leaf_count=12839 1281 10691 84 21 46 37 32 31 21 28 31 37 31 47 54 34 14 42 17 41 275 119 79 10 195 91 14 323 35 23
internal_value=1.39796e-11 0.000753966 -0.00366149 -0.00526975 -0.00364218 -0.0158436 -0.0277923 0.0043718 0.0164525 -0.037385 -0.0282883 -0.00919647 -0.0473964 0.00132923 -0.00397677 -0.00262478 -0.00172655 -0.00362819 -0.00280431 0.00252568 -0.0103024 -0.0110363 0.0115827 0.0153012 0.0013643 -0.00372548 -0.00753826 -0.00156327 -0.00554547 0.0195943
internal_weight=2186.62 1915.47 220.79 208.319 200.57 57.2074 35.9553 21.2521 14.7291 28.8013 21.1437 13.1453 7.74908 1694.68 166.385 160.928 157.496 146.316 143.934 87.3664 36.156 56.5671 51.2104 47.7016 27.0973 25.5511 52.8972 40.9433 37.5414 10.3954
internal_count=26623 13784 1680 1596 1544 263 165 98 67 133 96 65 52 12104 1413 1359 1325 1278 1264 756 316 508 440 398 319 309 491 372 358 114
is_linear=0
shrinkage=0.05


Tree=85
num_leaves=31
num_cat=0
split_feature=6 15 15 5 10 15 14 14 6 9 21 2 14 18 11 5 20 9 14 6 15 15 0 9 15 15 13 6 15 18
split_gain=3.35705 2.67984 2.88423 2.67524 2.18758 3.74816 2.71371 6.01014 5.11986 3.75292 3.56959 3.59808 3.30752 4.66192 3.21672 3.11477 2.66057 2.55913 2.8656 2.77167 2.47667 2.56129 3.89841 2.73735 2.42837 2.51265 2.624 2.36084 2.87607 5.68271
threshold=56.45000000000001 41.500000000000007 31.500000000000004 465.00000000000006 1.5000000000000002 -18.499999999999996 435.50000000000006 426.50000000000006 4.4500000000000011 5.291666666666667 6.5000000000000009 1.0000000180025095e-35 443.50000000000006 1675.0000000000002 2.5000000000000004 54.250000000000007 1.0000000180025095e-35 1.1000000000000003 424.50000000000006 3.6500000000000008 -5.4999999999999991 3.5000000000000004 2.5000000000000004 3.7750000000000004 23.500000000000004 29.500000000000004 2.5000000000000004 7.3500000000000005 11.500000000000002 960.00000000000011
decision_type=2 10 10 10 10 8 8 10 2 8 2 2 8 10 8 8 10 10 8 2 8 10 2 10 10 10 2 2 10 8
left_child=1 2 4 -4 5 -1 7 10 -9 14 -7 17 13 -8 -10 -11 -13 19 20 -12 -19 22 -22 -23 27 26 -26 28 -6 -30
right_child=-2 -3 3 -5 24 6 12 8 9 15 11 16 -14 -15 -16 -17 -18 18 -20 -21 21 23 -24 -25 25 -27 -28 -29 29 -31
leaf_value=-0.055877008421142765 -0.01237801499699312 0.047727710721854923 0.0077040891806715184 -0.06364709956563884 0.0027029038647847078 -0.051928860451352622 -0.019657001363611981 0.037538527126612042 -0.061443233062855443 -0.018013103260424386 0.072391318352295064 -0.01203075379104456 -0.0014362261174921019 0.051117974372791822 0.00090043634453615688 0.057447913229944775 -0.098516317289640748 -0.051375574180679319 -0.042775401827279291 0.0013462833830919507 -0.028265064550585126 -0.06602200826313312 0.027649099724365047 0.0032121554613122171 0.008972008504836284 0.026216147285439518 -0.062571123385709596 -0.0010663534454450443 0.028330579246327869 -0.0034275501185376299
leaf_weight=3.1589116030372679 53.436815292108804 2.9755476759746662 2.1526514366269103 3.3708696411922574 715.92333273496479 3.7153136078268281 40.859449233394116 22.100904235616326 3.1144056632183448 2.1156268762424597 2.634281374514102 2.1330961673520501 785.77581255789846 2.4672236451879135 6.1641876650974163 3.8669787840917706 1.5250165564939377 1.8919734163209794 3.7247716691344968 2.8668384412303567 3.8717449512332811 2.1215098556131116 15.99874699115753 4.3653292311355472 1.8292158208787439 1.7891901414841411 4.2814680701121679 427.3163015153259 32.013528840616345 25.153422491624951
leaf_count=50 6529 16 22 28 3594 42 389 96 50 35 9 30 6679 20 79 44 23 29 38 47 41 23 143 47 11 14 62 8137 137 159
internal_value=-9.59121e-11 0.00031035 0.000244056 -0.0358398 0.000337947 -0.00150708 -0.00131862 0.00734617 0.0221579 -0.000115839 -0.00499309 -0.000753679 -0.00217778 -0.0156267 -0.0200255 0.0307627 -0.0480854 0.00386657 -0.00155308 0.0353671 0.00388223 0.00784873 0.0167543 -0.0194308 0.0017343 -0.0258965 -0.0411549 0.00191614 0.00356468 0.014357
internal_weight=2184.71 2131.28 2128.3 5.52352 2122.78 914.472 911.313 82.2107 37.3621 15.2612 44.8486 41.1333 829.102 43.3267 9.27859 5.98261 3.65811 37.4752 31.9741 5.50112 28.2493 26.3573 19.8705 6.48684 1208.31 7.89987 6.11068 1200.41 773.09 57.167
internal_count=26623 20094 20078 50 20028 7914 7864 776 304 208 472 430 7088 409 129 79 53 377 321 56 283 254 184 70 12114 87 73 12027 3890 296
is_linear=0
shrinkage=0.05


Tree=86
num_leaves=31
num_cat=0
split_feature=6 15 14 11 15 14 5 5 3 18 14 20 6 7 9 14 0 21 7 9 12 9 1 9 6 12 9 20 14 14
split_gain=3.15765 2.44584 6.06332 3.71965 3.75536 3.07876 4.28447 3.34658 2.81878 5.03413 5.71686 8.7507 4.66456 4.52058 3.99405 4.39314 5.45071 4.32634 4.60446 3.78709 3.31739 5.21153 5.00982 4.30578 5.45738 3.28423 3.22602 3.55234 3.51996 3.06323
threshold=64.850000000000009 -2.4999999999999996 1056.5000000000002 1.5000000000000002 41.500000000000007 1085.5000000000002 625.00000000000011 595.00000000000011 1.0000000180025095e-35 1150.0000000000002 497.50000000000006 1.5000000000000002 1.8500000000000003 0.37749287749287752 2.5500000000000003 456.50000000000006 5.5000000000000009 10.500000000000002 0.27402402402402409 4.366666666666668 0.45000000000000007 3.5500000000000003 2.5000000000000004 5.7750000000000012 3.9500000000000006 0.55000000000000016 4.5500000000000007 1.0000000180025095e-35 454.50000000000006 483.50000000000006
decision_type=2 8 10 8 10 10 10 10 2 8 10 10 2 2 10 10 2 2 2 10 10 8 10 10 2 10 10 8 10 8
left_child=1 2 -1 8 -5 7 -7 -4 9 13 11 12 -11 25 15 -14 -17 18 -16 -12 22 -22 -10 24 -24 -3 28 -28 -26 -13
right_child=-2 3 5 4 -6 6 -8 -9 20 10 19 29 14 -15 17 16 -18 -19 -20 -21 21 -23 23 -25 26 -27 27 -29 -30 -31
leaf_value=0.0039531945875179953 -0.013284059122796767 -0.029701271845453837 0.0073842322656287769 5.2772014338651749e-05 0.060588059761464155 -0.058692168155718163 0.0090412805119768225 -0.061055876841316303 0.045253397258993258 0.016133697606982599 -0.0035230733539708052 0.03503720278831083 0.037210044708891332 -0.071192159210439754 -0.028489204840243587 0.0035804158025877645 -0.063127816846529933 -0.020602814612635894 -0.084053516326054567 0.032580735045489244 -0.029342247834929832 0.039946606597555778 0.022926923711049031 -0.023521688462859968 0.0043297245544861342 0.038176139199254062 -0.022640786512806845 0.050094245426771794 -0.045440495365028685 -0.022087808361223912
leaf_weight=581.8761730780825 43.833752195816487 11.779868789948525 2.3787002163007873 1324.4607495109085 2.5669385287910691 3.04021241236478 10.060680457390843 7.1703713024035096 6.8756068507209411 5.8471319316886357 19.287458884529773 9.4881859095767105 3.5774622336030033 6.0604465235956004 6.4321498579811331 6.9852587133645994 5.45245202165097 12.007499165832995 8.8699817676097137 11.651007118634878 16.990208450239155 3.2296745944768182 26.055194427259266 14.553139855153857 6.1464873366057899 2.0997107531875363 3.0558591820299617 3.7248571547679603 8.4178894446231407 3.1179187344387183
leaf_count=5661 5827 152 17 13037 12 32 111 94 51 84 183 84 28 34 95 36 38 121 37 94 151 24 122 168 77 16 45 33 123 36
internal_value=-3.54458e-11 0.000272958 0.00296524 -0.000791686 0.000169869 -0.0224152 -0.00667704 -0.0440073 -0.00711779 -0.0123728 -0.00747124 -0.0162575 -0.0257856 -0.0351642 -0.031443 -0.0116186 -0.0256632 -0.0430686 -0.0606974 0.0100731 -0.000469566 -0.0182749 0.0047611 0.000267256 0.00757109 -0.0194327 -0.0111732 0.0173148 -0.0244364 0.0209082
internal_weight=2177.09 2133.26 604.526 1528.73 1327.03 22.65 13.1009 9.54907 201.705 112.657 92.7165 61.778 49.1719 19.94 43.3248 16.0152 12.4377 27.3096 15.3021 30.9385 89.0489 20.2199 68.829 61.9534 47.4003 13.8796 21.3451 6.78072 14.5644 12.6061
internal_count=26623 20796 5915 14881 13049 254 143 111 1832 1038 836 559 439 202 355 102 74 253 132 277 794 175 619 568 400 168 278 78 200 120
is_linear=0
shrinkage=0.05


Tree=87
num_leaves=31
num_cat=0
split_feature=7 6 20 9 5 14 0 9 9 10 21 11 18 12 0 0 15 9 0 1 7 14 14 15 15 1 14 18 9 21
split_gain=3.26893 2.99008 2.921 3.32129 3.63656 5.73523 3.65533 3.61695 3.56201 3.47602 3.69605 3.21264 5.57638 3.20693 3.18822 3.12693 2.89391 2.79718 3.94902 2.63704 3.50855 2.80398 8.16531 6.30413 2.63431 2.61443 3.20729 3.13264 2.59496 2.54565
threshold=0.099504950495049524 2.4500000000000006 1.5000000000000002 8.5500000000000025 55.500000000000007 443.50000000000006 2.5000000000000004 6.4500000000000011 7.291666666666667 4.5000000000000009 9.5000000000000018 5.5000000000000009 1050.0000000000002 0.29166666666666669 1.5000000000000002 7.5000000000000009 -1.4999999999999998 6.4500000000000011 2.5000000000000004 7.5000000000000009 0.42572463768115948 448.50000000000006 452.50000000000006 -5.4999999999999991 2.5000000000000004 6.5000000000000009 440.50000000000006 1625.0000000000002 4.4500000000000011 7.5000000000000009
decision_type=2 2 10 8 10 10 2 10 8 8 2 8 10 10 2 2 10 8 2 8 2 10 10 8 8 10 10 8 10 2
left_child=-1 2 3 4 6 -6 11 14 15 -5 -11 12 -2 -14 16 -9 -7 28 -19 20 -8 23 -23 -22 -25 -3 -27 -28 -4 -24
right_child=1 25 17 9 5 7 19 8 -10 10 -12 -13 13 -15 -16 -17 -18 18 -20 -21 21 22 29 24 -26 26 27 -29 -30 -31
leaf_value=-0.0034055262201300885 0.05003075098286628 0.0029095174047265573 0.0049820799890341987 0.032813810723393629 -0.063808662557768694 0.00063682563910121774 -0.040145917864226652 -0.09529713381824273 -0.012045344167220147 0.015595624408199948 -0.027425274338638048 0.063140605638772621 -0.048849449320897555 0.01625265444575202 -0.0052324508421592066 -0.028473871975856643 -0.061337566563949932 -0.054341532486046777 0.0011231052463381206 -0.037976307414584687 -0.038759348623835573 -0.065805249693753495 -0.02989661425399124 0.036119537269103295 0.0010505341725765326 -0.046323085709433207 -0.0014147452138248864 -0.040489567885599015 0.030355551365428238 0.0050623033622029159
leaf_weight=532.02823892375454 5.0453749429434556 1182.3943082191981 32.196630901657045 10.718346214853229 5.3926068879663935 3.0194034739397466 5.7566091157495967 3.3089401451870772 8.6725116316229105 11.995098980143668 8.5519380522891861 3.5490562729537478 3.9668147964403033 3.6159829115495086 96.669245686847717 3.7174701234325767 5.007700724527238 3.8962016543373492 18.200374916661531 5.5913675809279075 4.8933683354407549 5.257203913293778 6.0528480019420376 15.061977229081092 8.3091989401727968 4.4534803945571175 117.07291399128735 5.3643130473792544 14.666726587340234 37.282231924589723
leaf_count=16888 26 6731 231 84 32 19 28 29 67 83 55 16 35 36 597 16 30 28 132 38 25 26 30 92 46 46 774 45 84 254
internal_value=7.77716e-11 0.00110499 -0.00314543 -0.00555997 -0.00763703 -0.0133621 -0.000737848 -0.0111026 -0.033483 0.00973094 -0.00231022 0.0211103 0.00929798 -0.0178044 -0.00774673 -0.0599429 -0.0380258 0.00600839 -0.00865675 -0.00474491 -0.00249578 0.000324235 -0.00695949 0.0128464 0.0236514 0.00217758 -0.00464278 -0.00312672 0.0129232 0.0001794
internal_weight=2171.71 1639.68 330.395 261.435 230.17 125.788 104.382 120.395 15.6989 31.2654 20.547 16.1772 12.6282 7.5828 104.696 7.02641 8.0271 68.9599 22.0966 88.2048 82.6134 76.8568 48.5923 28.2645 23.3712 1309.29 126.891 122.437 46.8634 43.3351
internal_count=26623 9735 2139 1664 1442 790 652 758 112 222 138 113 97 71 646 45 49 475 160 539 501 473 310 163 138 7596 865 819 315 284
is_linear=0
shrinkage=0.05


Tree=88
num_leaves=31
num_cat=0
split_feature=6 5 7 6 1 15 14 14 13 6 15 18 9 5 11 21 21 14 0 14 9 14 15 11 14 0 11 20 14 6
split_gain=2.89081 1.75821 1.70573 2.12691 2.47199 4.00272 3.71235 2.55163 2.66099 2.92361 4.16763 3.99137 5.123 4.27791 4.79434 3.87015 3.71058 3.65978 6.16303 4.72572 5.46224 3.59825 3.10396 5.30092 3.09619 3.05131 2.87038 2.47359 2.3668 2.7212
threshold=64.850000000000009 50.500000000000007 0.099504950495049524 2.4500000000000006 5.5000000000000009 6.5000000000000009 515.50000000000011 1056.5000000000002 1.5000000000000002 1.8500000000000003 -9.4999999999999982 1590.0000000000002 4.4500000000000011 54.250000000000007 9.5000000000000018 11.500000000000002 11.500000000000002 921.50000000000011 9.5000000000000018 483.50000000000006 6.7750000000000012 964.50000000000011 -1.4999999999999998 2.5000000000000004 452.50000000000006 3.5000000000000004 1.5000000000000002 1.5000000000000002 1125.5000000000002 2.5500000000000003
decision_type=2 8 2 2 10 10 10 8 2 2 10 10 10 8 10 2 2 8 2 10 10 10 10 10 8 2 10 10 10 2
left_child=2 -2 -1 4 7 -6 -7 8 -4 16 -11 12 22 -14 17 -13 21 18 19 20 25 -10 23 26 -25 -15 -12 -24 29 -5
right_child=1 -3 3 28 5 6 -8 -9 9 10 11 15 13 14 -16 -17 -18 -19 -20 -21 -22 -23 27 24 -26 -27 -28 -29 -30 -31
leaf_value=-0.0023347366131210262 0.096003900713962864 -0.013720824087080447 0.0079734817410103253 0.015539134197614428 0.012573683162696052 -0.075473857612154027 0.0029578516706308929 0.034544082876244268 -0.0084703433047490315 0.026675686867022475 -0.0098351082772228093 0.027103807003287197 0.019277338793246425 0.032998397348581079 0.020700289363784249 -0.019391206343311856 0.01858443479445774 0.020009023899338948 0.032182502368768469 -0.060887763929580431 -0.052239860394691987 0.043260613625107934 -0.038916505288907714 -0.069403329105162143 -0.014867863751779254 -0.019666197264302316 0.039769429243388284 -0.0042455234028168469 -0.029160159060174752 0.0016909508461714993
leaf_weight=487.60401707189158 0.36822278914041717 42.941851788957138 34.134776828810573 36.495728261768818 45.501658723689616 2.6207763738930216 3.555528499186039 4.1264947243034831 60.04059981321916 6.9491158798336974 6.5772915408015269 11.240179643034937 13.35421111807227 4.8141614384949261 8.6979395747184736 7.4368516094982615 21.189670208841562 4.8791557624936095 3.9610319621860972 10.628287196159361 7.480113446712493 3.5608357340097418 36.116880414076149 4.2671701312065098 6.6719460822641858 6.4156413674354553 5.2394977435469627 5.99888702481985 6.0917338673025361 1267.5977392978966
leaf_count=11061 32 5795 219 130 317 25 24 23 617 29 31 47 63 20 39 35 209 20 20 54 36 28 160 17 27 34 19 26 37 7429
internal_value=2.04364e-11 -0.0127879 0.000260849 0.00103462 -0.00258296 0.00744689 -0.0303229 -0.00447617 -0.00507329 -0.00696421 -0.0111425 -0.0129703 -0.0161892 -0.00568844 -0.0128007 0.00859034 0.000463227 -0.0204331 -0.0263588 -0.0342626 -0.0191381 -0.0055741 -0.0259386 -0.0110595 -0.0361413 0.00291086 0.0121593 -0.033978 0.00193325 0.0020785
internal_weight=2166.56 43.3101 2123.25 1635.64 325.459 51.678 6.1763 273.781 269.654 235.519 150.728 143.779 125.102 60.2305 46.8763 18.677 84.7911 38.1784 33.2992 29.3382 18.7099 63.6014 64.8717 22.7559 10.9391 11.2298 11.8168 42.1158 1310.19 1304.09
internal_count=26623 5827 20796 9735 2139 366 49 1773 1750 1531 677 648 566 286 223 82 854 184 164 144 90 645 280 94 44 54 50 186 7596 7559
is_linear=0
shrinkage=0.05


Tree=89
num_leaves=31
num_cat=0
split_feature=6 6 6 15 11 0 11 15 13 11 15 10 0 18 0 5 21 5 21 6 6 14 1 7 15 21 6 1 15 21
split_gain=2.69617 2.26423 3.21305 4.41256 5.67047 5.26019 10.6601 8.18236 4.10543 5.54293 6.45679 7.1582 6.23504 6.37539 6.59199 6.2934 5.75839 5.66112 7.47326 5.60096 4.99284 5.55442 4.65486 3.906 3.89214 3.48347 3.41835 6.39685 4.07126 3.7766
threshold=56.45000000000001 2.4500000000000006 3.5500000000000003 2.5000000000000004 9.5000000000000018 2.5000000000000004 1.5000000000000002 -4.4999999999999991 4.5000000000000009 3.5000000000000004 -5.4999999999999991 1.5000000000000002 7.5000000000000009 1350.0000000000002 6.5000000000000009 54.750000000000007 8.5000000000000018 56.250000000000007 10.500000000000002 3.0500000000000003 2.9500000000000006 481.50000000000006 2.5000000000000004 0.33908045977011497 1.0000000180025095e-35 10.500000000000002 3.6500000000000008 3.5000000000000004 1.5000000000000002 10.500000000000002
decision_type=2 2 2 10 10 2 8 8 2 10 8 10 2 8 2 10 2 8 2 2 2 8 10 2 8 2 2 8 8 2
left_child=1 -1 3 4 5 6 -3 -8 22 12 25 -12 13 15 20 -10 -13 24 -19 -14 21 -15 23 -7 -18 -11 27 28 -4 -29
right_child=-2 2 26 -5 -6 8 7 -9 9 10 11 16 19 14 -16 -17 17 18 -20 -21 -22 -23 -24 -25 -26 -27 -28 29 -30 -31
leaf_value=-0.0035508997930228966 -0.011275283274863308 -0.042656139912149421 0.03358850689314246 0.012665120450654283 0.033003351701995115 -0.015250662059874496 -0.024407010984128542 0.033707028550632741 -0.077971270548367902 0.024153586856709975 -0.051271272167113295 0.02801182722634514 0.033358774671596134 -0.031993915358760831 -0.037915667095226077 -0.015902753338012155 -0.058457926236739316 -0.035685016316575044 0.046554630518880251 -0.0051900925795090175 0.032759414782700468 0.030826212581157111 0.052252763697919313 0.023836536269211006 -0.0076134993036981423 -0.022920574261574234 0.00020256778248880255 -0.057923790226086451 -0.024625903021846932 -0.0068152123177075367
leaf_weight=326.88251925446093 51.753684051684104 7.0554505800828329 7.2067864164710063 126.3245552694425 13.417276840656994 13.415049690753227 7.3158486634492874 35.199875904247165 5.1895302254706648 11.838772665709259 18.671848524361849 6.8978386074304572 21.539381239563227 8.9664324447512627 7.700882375240325 19.170293191447854 11.138027537614109 5.6132331155240518 5.4391395524144173 16.750631123781204 16.374555010348558 5.7914145104587087 6.0135938525199881 12.207862332463263 5.6851373836398151 5.8827789090573779 1368.4536862755194 9.7200632970780116 5.1492770574986935 5.7543919198214999
leaf_count=2139 6529 33 30 493 51 56 25 122 21 41 89 24 84 36 30 74 45 24 17 78 60 19 21 48 21 27 16284 56 21 25
internal_value=-8.91948e-11 0.000275674 0.000974513 0.00496454 0.00132495 -0.000349371 0.0142617 0.0237071 -0.00389481 -0.00692899 -0.0176273 -0.0262996 0.000573378 -0.0090738 0.00350454 -0.0291256 -0.0128909 -0.0230123 0.0047871 0.0164949 0.0137502 -0.00734144 0.0126636 0.00337217 -0.0412758 0.00852703 -0.000150239 -0.0174981 0.00932818 -0.0389184
internal_weight=2168.52 2116.77 1789.88 393.599 267.275 253.858 49.5712 42.5157 204.286 172.65 71.1668 53.4452 101.483 63.1931 38.8333 24.3598 34.7734 27.8755 11.0524 38.29 31.1324 14.7578 31.6365 25.6229 16.8232 17.7216 1396.28 27.8305 12.3561 15.4745
internal_count=26623 20094 17955 1539 1046 995 180 147 815 690 288 220 402 240 145 95 131 107 41 162 115 55 125 104 66 68 16416 132 51 81
is_linear=0
shrinkage=0.05


Tree=90
num_leaves=31
num_cat=0
split_feature=7 15 14 9 14 14 6 9 20 14 14 14 6 6 9 5 9 7 0 14 0 13 14 11 0 21 11 11 14 0
split_gain=2.62718 2.3657 5.99118 4.05537 3.58142 5.85765 7.607 3.64278 3.22912 4.73278 4.24141 5.14018 6.65546 6.04537 4.20783 4.18519 3.89049 4.03485 5.61806 3.87797 5.061 5.66996 4.14816 4.59196 3.71558 3.80119 3.5392 6.09897 3.94551 3.60836
threshold=0.099504950495049524 -1.4999999999999998 1061.5000000000002 5.1000000000000005 1037.5000000000002 988.50000000000011 6.3500000000000005 5.9000000000000012 2.5000000000000004 517.50000000000011 421.50000000000006 445.50000000000006 4.8500000000000005 2.4500000000000006 9.9000000000000021 53.250000000000007 5.1000000000000005 0.14815627743634771 3.5000000000000004 450.50000000000006 8.5000000000000018 3.5000000000000004 457.50000000000006 9.5000000000000018 3.5000000000000004 11.500000000000002 2.5000000000000004 4.5000000000000009 462.50000000000006 7.5000000000000009
decision_type=2 10 10 8 10 10 2 10 10 10 8 8 2 2 8 8 10 2 2 8 2 2 8 8 2 2 10 10 10 2
left_child=-1 2 8 -4 5 -3 -7 -6 10 16 -2 12 13 -12 -15 -14 24 -18 -19 20 21 -13 23 -21 25 -10 28 -28 -26 -30
right_child=1 4 3 -5 7 6 -8 -9 9 -11 11 19 15 14 -16 -17 17 18 -20 22 -22 -23 -24 -25 26 -27 27 -29 29 -31
leaf_value=-0.0030599497111592567 -0.014066832706358084 -0.00047413735272003625 -0.010288210900156891 -0.064673002611399175 0.016857115589076231 -0.03512240567967858 0.019354838712141054 -0.023871110680875336 -0.0010002218808492361 -0.058497078236829772 0.0002625359784810026 0.018237142514451517 0.047525362345669155 0.041855779674242255 -0.0057202986754201464 -0.013208756883703833 0.022465107673340905 0.014144129771410583 -0.05588111997144414 0.027649868652943617 0.03000916090064373 -0.05572478483611798 0.0036293144316215699 -0.02931902568472838 0.064337175371991115 -0.07323001021054934 -0.038213087113968383 0.027861603837798843 -0.019557998237464867 0.053563383779536601
leaf_weight=529.55777351284632 26.837501650676131 908.76682975050062 11.551804255694153 4.874116074293851 46.969596553593874 25.703483946621418 8.5361111350357515 6.2167767770588389 6.3542081099003536 4.1539694275706998 16.027263378724456 3.6162583827972421 3.2950407881289747 38.659034794196486 5.2825720794498912 20.385203937068582 3.910158937796953 4.0724529623985282 9.65489882417023 32.014202684164047 3.949830573052167 9.1415870357304811 397.71702228672802 3.9765937179327002 5.9451812990009802 2.5534651894122362 6.3433568459004146 7.7706573735922575 4.3063539788126945 2.7739973999559879
leaf_count=16888 165 5492 73 40 248 129 54 46 55 31 100 25 17 138 30 182 40 26 73 176 23 75 2279 36 28 18 47 39 33 17
internal_value=-7.14644e-11 0.000993294 0.00337783 -0.026426 -0.00052707 -0.00123905 -0.0215409 0.0120965 0.00416904 -0.0070794 0.00532895 0.00630361 0.0176861 0.0265487 0.0361363 -0.00475777 -0.00310085 -0.0223435 -0.0351069 0.0041897 -0.019448 -0.03476 0.0051003 0.0213554 0.00631436 -0.0217055 0.015511 -0.00183479 0.0343063 0.00909009
internal_weight=2160.92 1631.36 635.167 16.4259 996.193 943.006 34.2396 53.1864 618.741 57.8387 560.902 534.065 83.6491 59.9689 43.9416 23.6802 53.6847 17.6375 13.7274 450.415 16.7077 12.7578 433.708 35.9908 36.0472 8.90767 27.1395 14.114 13.0255 7.08035
internal_count=26623 9735 3766 113 5969 5675 183 294 3653 407 3246 3081 467 268 168 199 376 139 99 2614 123 100 2491 212 237 73 164 86 78 50
is_linear=0
shrinkage=0.05


Tree=91
num_leaves=31
num_cat=0
split_feature=7 6 15 5 6 18 15 9 11 21 9 5 6 9 1 14 14 15 11 15 1 15 7 15 14 1 6 14 15 9
split_gain=2.63026 2.35565 3.06551 3.54377 3.92343 4.00387 5.4301 4.45164 4.22251 4.014 6.22959 3.32656 3.93352 3.22357 3.04773 2.98496 3.27874 2.82638 3.07692 2.51197 5.27372 6.08446 4.37155 3.59479 4.15418 3.63949 2.24569 3.89728 5.31647 7.22539
threshold=0.031496141102712143 2.4500000000000006 11.500000000000002 53.250000000000007 1.7500000000000002 1540.0000000000002 -9.4999999999999982 5.366666666666668 1.5000000000000002 11.500000000000002 4.5500000000000007 505.00000000000006 2.2500000000000004 3.2916666666666674 3.5000000000000004 487.50000000000006 505.50000000000006 1.0000000180025095e-35 9.5000000000000018 -1.0000000180025095e-35 5.5000000000000009 6.5000000000000009 0.48809523809523814 -5.4999999999999991 496.50000000000006 2.5000000000000004 4.0500000000000007 528.50000000000011 6.5000000000000009 3.2250000000000005
decision_type=2 2 8 8 2 10 10 10 10 2 10 8 2 8 8 10 8 10 8 10 10 10 2 10 8 8 2 8 10 10
left_child=-1 2 3 -2 -5 6 -6 19 -9 10 -7 12 -4 -11 17 -16 -17 -10 -19 23 21 -21 -23 24 -8 -25 27 -3 -29 -30
right_child=1 26 11 4 5 9 7 8 14 13 -12 -13 -14 -15 15 16 -18 18 -20 20 -22 22 -24 25 -26 -27 -28 28 29 -31
leaf_value=-0.0071152918199992882 0.022288251466750689 0.006112152593638287 0.012532422855146117 0.0036901012289740757 0.024847809008198551 0.039106243726886952 -0.058312826647263588 0.029939987170040434 -0.0020175412907297292 -0.052921385788303132 -0.017427515868914962 0.043872062380070298 -0.035767142674765329 0.0048827638464976498 0.018448710037413173 -0.04808205290263607 0.011131566782630858 -0.059003579959098384 -0.004112115826196079 -0.04034413195277714 0.007840028481535451 0.031452832166609462 -0.031227637486403732 0.027700465585134577 -0.0022793832485604394 -0.011409604410613637 -4.4431461708454572e-05 -0.011870705927543889 -0.03164380234304353 0.022358936884433606
leaf_weight=122.50931910882355 11.381918034516273 417.26916904561222 22.224637514445934 74.539816506206989 9.2064910978078824 13.759768445044761 7.5896151680499289 8.4604367688298208 8.9972222968935984 4.1656589657068226 7.5447413008660069 6.2198179364204398 5.2020425200462332 5.7288994379341611 13.828476572409274 4.6207109577953789 4.7317292615771303 7.2447008602321121 3.9421580061316499 45.417395337484777 9.6097158417105657 5.7068952210247499 5.4269617088139057 7.3807778283953658 5.8629535883665094 30.652003284543753 1174.5592627986334 76.58135062083602 7.8254846706986418 29.70932138338685
leaf_count=9559 66 1753 176 894 43 63 41 40 44 17 36 36 25 28 64 21 22 38 21 183 49 19 25 25 22 141 12716 315 27 114
internal_value=1.06026e-10 0.000428267 -0.00344246 -0.00506913 -0.00616393 -0.00966368 -0.0125495 -0.014581 -0.00237152 0.00686326 0.0190855 0.0108583 0.0033714 -0.0194531 -0.00867544 0.00369338 -0.0181238 -0.0228807 -0.0396603 -0.0199596 -0.0264047 -0.0322238 0.000900571 -0.0116773 -0.0338921 -0.00381976 0.00117577 0.00387286 -0.0043152 0.0111001
internal_weight=2157.9 2035.39 329.446 295.799 284.417 209.877 178.678 169.472 51.8254 31.1991 21.3045 33.6465 27.4267 9.89456 43.365 23.1809 9.35244 20.1841 11.1869 117.646 66.161 56.5513 11.1339 51.4853 13.4526 38.0328 1705.94 531.385 114.116 37.5348
internal_count=26623 17064 2139 1902 1836 942 798 755 250 144 99 237 201 45 210 107 43 103 59 505 276 227 44 229 63 166 14925 2209 456 141
is_linear=0
shrinkage=0.05


Tree=92
num_leaves=31
num_cat=0
split_feature=7 2 15 15 11 21 6 20 5 5 5 1 6 18 1 6 18 10 11 14 9 0 6 11 18 15 21 6 18 21
split_gain=2.54736 2.03901 4.60836 3.41439 2.91503 3.71669 3.50196 4.54476 3.40735 3.11973 2.98727 6.17982 3.50876 3.02886 2.91146 3.76757 3.06315 4.55615 3.96977 3.75824 3.77524 3.86396 7.48817 5.4507 3.91347 3.37178 3.12342 3.32287 4.61298 3.26288
threshold=0.031496141102712143 1.0000000180025095e-35 18.500000000000004 -8.4999999999999982 2.5000000000000004 12.500000000000002 2.1500000000000008 1.5000000000000002 55.500000000000007 55.500000000000007 56.750000000000007 4.5000000000000009 1.8500000000000003 1350.0000000000002 3.5000000000000004 21.250000000000004 1350.0000000000002 6.5000000000000009 11.500000000000002 1147.0000000000002 4.7750000000000012 5.5000000000000009 3.8500000000000001 4.5000000000000009 1150.0000000000002 1.5000000000000002 6.5000000000000009 8.5500000000000025 1675.0000000000002 11.500000000000002
decision_type=2 2 10 8 10 2 2 10 10 10 10 10 2 10 10 2 10 8 8 10 10 2 2 10 10 8 2 2 10 2
left_child=-1 -2 3 -3 -5 6 7 8 -6 -7 11 13 -12 -10 15 -8 19 18 26 20 21 23 -23 -16 -25 -20 -18 28 29 -28
right_child=1 2 -4 4 5 9 14 -9 10 -11 12 -13 -14 -15 16 -17 17 -19 25 -21 -22 22 -24 24 -26 -27 27 -29 -30 -31
leaf_value=-0.0070259422609658942 0.0019032156477029945 -0.012570513700210713 -0.029822112556896714 -0.0041916839233334556 0.01409464202914637 -0.061235890854237932 0.01014479097830511 0.019015041490759423 0.020061876037298802 -0.0099713871912323424 0.0087608977948424888 -0.092026944324275106 -0.037112089500034924 -0.042719063780379346 0.0099005176189134736 -0.020924264065696085 -0.033794247058912423 0.057387798623265568 -0.0017559652535082352 0.060113493585258859 -0.014586395401229749 0.045948471856312623 -0.0038548602717969616 -0.015422752254773527 -0.078458504288774322 -0.086158024565365227 0.010864782240387193 -0.0037317609448996982 0.033929547777175079 -0.012183210131532504
leaf_weight=121.70892488828395 1082.761461188551 58.232964595779777 13.928056879434733 287.44798300554976 6.4257834628224364 3.5519575681537416 192.87165749073029 10.157083857804535 3.1165919937193411 18.042973971925676 9.077307680621745 4.4338232651352874 7.7083506956696501 5.0086374869570136 12.338054655119779 10.277607806492595 5.0795248700305811 4.0370947173796585 2.5177399720996609 2.1593702100217333 65.290397105738521 11.831103295087813 20.845253178849816 6.5502687431871873 3.9452322497963905 2.2325646718963981 83.023857407271862 59.176297068130225 18.201824640855193 18.84060581214726
leaf_count=9559 8999 557 174 2259 32 45 1338 61 17 190 73 21 39 35 92 275 39 43 25 13 752 41 168 54 42 20 438 1033 76 113
internal_value=-9.27833e-11 0.000421426 -0.00127396 -0.000847518 -6.66063e-05 0.00195429 0.00273219 -0.0105016 -0.0188829 -0.0184034 -0.0261041 -0.0445472 -0.012305 -0.0186382 0.00390278 0.00857296 0.000901088 0.00482882 0.00370658 -0.00526746 -0.00643618 0.00315004 0.0141774 -0.0126308 -0.0391177 -0.0414235 0.00486966 0.00596535 0.0107447 0.00660188
internal_weight=2150.82 2029.11 946.35 932.422 874.189 586.741 565.146 45.9276 35.7705 21.5949 29.3447 12.5591 16.7857 8.12523 519.218 203.149 316.069 193.11 189.072 122.96 120.8 55.5099 32.6764 22.8336 10.4955 4.7503 184.322 179.243 120.066 101.864
internal_count=26623 17064 8065 7891 7334 5075 4840 278 217 235 185 73 112 52 4562 1613 2949 1787 1744 1162 1149 397 209 188 96 45 1699 1660 627 551
is_linear=0
shrinkage=0.05


Tree=93
num_leaves=31
num_cat=0
split_feature=6 6 15 14 1 18 14 14 15 7 11 15 6 15 12 7 9 15 5 15 0 11 9 0 9 6 9 11 21 5
split_gain=2.48637 1.91447 1.73487 1.64084 4.89097 4.20971 3.66948 3.2665 4.0232 4.80537 3.87615 3.23426 3.2002 4.70403 5.50506 3.26527 3.0663 4.02757 2.76799 2.7335 2.91155 5.17736 6.85023 4.90937 3.9885 3.78901 5.03441 5.93186 4.50413 3.27276
threshold=9.9500000000000011 178.95000000000002 -10.499999999999998 445.50000000000006 7.5000000000000009 1885.0000000000002 444.50000000000006 451.50000000000006 10.500000000000002 0.13072453861927549 6.5000000000000009 -1.0000000180025095e-35 3.1500000000000008 1.0000000180025095e-35 1.0000000180025095e-35 0.42572463768115948 10.366666666666669 8.5000000000000018 51.500000000000007 6.5000000000000009 3.5000000000000004 5.5000000000000009 7.1000000000000005 4.5000000000000009 4.7083333333333348 3.6500000000000008 4.1000000000000005 3.5000000000000004 9.5000000000000018 56.750000000000007
decision_type=2 2 10 8 8 8 8 8 10 2 8 10 2 10 10 2 10 10 8 10 2 10 8 2 8 2 10 8 2 10
left_child=3 2 -2 4 5 6 16 8 9 -5 12 -8 13 14 -11 -15 17 19 -9 20 21 25 -23 24 -22 -1 27 28 -27 -25
right_child=1 -3 -4 7 -6 -7 11 18 -10 10 -12 -13 -14 15 -16 -17 -18 -19 -20 -21 23 22 -24 29 -26 26 -28 -29 -30 -31
leaf_value=0.0030175971554730887 -0.014067358483795098 -0.026946145014361864 -0.0018638101927052912 0.019858942218252625 -0.03145052388225883 0.052879486317359205 0.05322461492196176 -0.029709966132979954 0.033915596786660208 0.015650802087467667 -0.047228455588487268 0.0029265145920825859 -0.024546784251568393 0.054670960750877517 -0.05968588039704098 -0.0020638600967466665 -0.030229792875713854 0.028984742262074953 0.0010079943540554981 -0.024036213932488754 -0.0015376637120429876 0.038409739842831414 -0.033796466492630593 0.0061300517999008878 0.042201803853149887 -0.073513740550732773 -0.045222648347763607 0.040953086981857199 0.001346887531340274 -0.022065432939118518
leaf_weight=20.610534930601716 30.941298654070124 8.1875587395625171 495.52778700273484 9.2244810648262483 9.1868579555302841 4.6359783969819537 7.1711175702512264 7.3769581057131282 4.7913405727595082 4.7613459322601575 10.041343686170874 5.7657233905047161 25.734034322202206 5.0145044252276403 4.9414914585649967 5.1310666706413031 6.5597064374014726 15.619188726879655 1249.180251265876 9.1443468760699016 7.6376482117921141 12.211857777088882 4.4932914562523356 124.50785229168832 16.410804804414511 3.329336253926158 14.83621804229915 4.8866784498095521 5.0677397213876247 11.219270424917339
leaf_count=114 984 1750 14221 87 74 20 34 49 28 26 68 41 166 17 28 33 51 78 7455 65 59 62 30 730 85 25 109 33 38 63
internal_value=3.62578e-11 -0.00295415 -0.00258103 0.000981338 0.00443551 0.00563825 0.00482551 0.000243479 -0.0102972 -0.0135639 -0.0191067 0.0308076 -0.0129117 0.00217345 -0.0227169 0.0259776 0.00351525 0.00440077 0.000827656 0.00276231 0.00385043 -0.00503309 0.018988 0.00748865 0.0283104 -0.0132677 -0.025204 -0.00284571 -0.0283344 0.0037994
internal_weight=2144.15 534.657 526.469 1609.49 283.294 274.107 269.471 1326.2 69.6396 64.8483 55.6238 12.9368 45.5824 19.8484 9.70284 10.1456 256.534 249.975 1256.56 234.356 225.211 65.4357 16.7051 159.776 24.0485 48.7305 28.12 13.2838 8.39708 135.727
internal_count=26623 16955 15205 9668 1711 1637 1617 7957 453 425 338 75 270 104 54 50 1542 1491 7504 1413 1348 411 92 937 144 319 205 96 63 793
is_linear=0
shrinkage=0.05


Tree=94
num_leaves=31
num_cat=0
split_feature=6 6 10 15 9 11 9 6 1 6 14 14 6 11 15 6 15 11 7 14 21 20 14 14 6 21 15 20 11 18
split_gain=2.41562 1.79548 1.73376 3.18474 2.23479 6.01391 4.92224 6.26979 5.60365 4.36322 8.15929 5.6176 5.14767 4.15133 4.69885 3.67397 4.02221 3.98306 3.60293 3.18485 3.1582 7.86011 6.38343 3.46472 3.05708 2.78573 3.28589 4.75188 3.69461 5.48177
threshold=9.9500000000000011 178.95000000000002 1.5000000000000002 22.500000000000004 4.1000000000000005 3.5000000000000004 4.5500000000000007 4.4500000000000011 2.5000000000000004 3.0500000000000003 492.50000000000006 441.50000000000006 2.3500000000000001 5.5000000000000009 9.5000000000000018 4.0500000000000007 8.5000000000000018 6.5000000000000009 0.11561079925153704 889.50000000000011 10.500000000000002 1.5000000000000002 482.50000000000006 1011.5000000000001 5.1500000000000012 7.5000000000000009 7.5000000000000009 1.0000000180025095e-35 1.5000000000000002 1725.0000000000002
decision_type=2 2 8 10 10 10 10 2 8 2 10 8 2 10 8 2 10 10 2 10 2 8 10 8 2 2 10 8 10 10
left_child=2 -2 3 4 5 -1 7 20 19 10 11 -7 -13 14 -11 -15 17 24 -9 -8 21 22 -6 -23 -17 -10 28 -28 29 -27
right_child=1 -3 -4 -5 6 9 8 18 25 13 -12 12 -14 15 -16 16 -18 -19 -20 -21 -22 23 -24 -25 -26 26 27 -29 -30 -31
leaf_value=-0.0029601924252583359 -0.0025553209128193121 -0.026413022573700314 0.002401923903685143 0.03170459984612789 -0.028803276950687486 0.016593591990389046 -0.00040689483745449885 -0.042710972439639013 0.021403782662987206 0.029153390773106271 0.021987729354647319 -0.0034731235562386721 -0.063322468205914376 0.031399603681937983 -0.028158194900042156 -0.035984648877668529 0.042208429847236766 -0.034546049239203035 0.0069785797619844048 0.049099331149117187 -0.058967526741482729 -0.084312420115797357 0.04866930376132686 -0.020838361486300482 0.02548136424842818 0.010449325880952452 -0.0027288951566190236 -0.050658018549921018 -0.0081456110944354045 -0.060702486562909719
leaf_weight=285.53349931910634 525.63395637809299 8.0062197563820501 911.59857259644195 7.3993075042963019 5.9984560757875496 5.9603804275393513 5.3473254144191733 4.3351719491183784 10.664606694132088 49.578425136394799 16.902133157476783 5.784783747047185 9.4815789330750686 8.3549607694149 3.8544527720659962 2.808719947934156 3.5935171954333773 11.817663379013537 23.017617136240005 8.2777253091335279 8.9657095028087479 5.1928805094212267 4.7757887002080679 3.6687877923250207 7.2305359477177262 59.073654603678733 11.944189056754114 9.1199903944507223 107.45826613716781 2.8370052631944409
leaf_count=1826 15205 1750 5368 45 37 25 25 45 66 255 81 38 44 35 25 18 20 93 155 26 52 29 21 18 50 452 68 80 654 17
internal_value=-2.15776e-11 -0.00291326 0.000971295 -0.000921596 -0.00127579 0.00104795 -0.00480334 -0.0180117 -0.0013614 0.0101768 -0.00393257 -0.024572 -0.0406441 0.0163436 0.0250191 0.0026309 -0.00681339 -0.0148731 -0.000896769 0.02967 -0.0343793 -0.0231523 0.0055372 -0.0580338 0.00828479 -0.00346388 -0.00485652 -0.0234804 -0.00254029 0.00718885
internal_weight=2134.22 533.64 1600.58 688.977 681.578 410.901 270.677 55.9544 214.723 125.367 38.1289 21.2267 15.2664 87.2383 53.4329 33.8054 25.4504 21.8569 27.3528 13.6251 28.6016 19.6359 10.7742 8.86167 10.0393 201.098 190.433 21.0642 169.369 61.9107
internal_count=26623 16955 9668 4300 4255 2510 1745 357 1388 684 188 107 82 496 280 216 181 161 200 51 157 105 58 47 68 1337 1271 148 1123 469
is_linear=0
shrinkage=0.05


Tree=95
num_leaves=31
num_cat=0
split_feature=7 15 12 9 0 1 15 14 0 0 18 1 15 5 14 14 4 14 0 20 18 6 14 5 14 1 14 7 6 9
split_gain=2.32422 2.97103 2.12435 3.64328 3.03886 3.73195 2.13311 2.51063 2.47407 1.93861 3.23309 2.55275 2.63838 2.87111 2.35327 4.23091 2.71983 2.50882 2.48162 3.11521 2.48968 2.38366 2.32373 2.13734 2.52699 1.96691 1.90804 1.87053 3.11959 2.34245
threshold=0.11834733893557424 41.500000000000007 0.36666666666666675 2.6333333333333337 3.5000000000000004 4.5000000000000009 3.5000000000000004 552.50000000000011 1.5000000000000002 3.5000000000000004 2100.0000000000005 2.5000000000000004 -7.4999999999999991 505.00000000000006 467.50000000000006 476.50000000000006 1.0000000180025095e-35 404.50000000000006 1.5000000000000002 1.5000000000000002 1450.0000000000002 103.45000000000002 414.50000000000006 56.750000000000007 478.50000000000006 6.5000000000000009 1056.5000000000002 0.099504950495049524 9.1500000000000004 6.5500000000000007
decision_type=2 10 8 10 2 10 10 10 2 2 8 10 8 10 8 10 2 10 2 10 8 2 10 10 10 10 10 2 2 10
left_child=1 2 3 4 -1 -6 7 8 -4 11 -11 12 -5 22 16 -16 17 -13 20 27 -17 -19 -14 24 -21 -26 -9 29 -29 -20
right_child=-2 -3 6 9 5 -7 -8 26 -10 10 -12 14 13 -15 15 18 -18 21 19 23 -22 -23 -24 -25 25 -27 -28 28 -30 -31
leaf_value=-0.01628367148588274 0.0010710492286983815 0.088804892734675178 -0.047160286511857358 -0.046423017353962363 0.054691865448323856 -0.031048097793998954 -0.032234508221703893 0.033771944946205029 -0.0074398324956861583 -0.0035816593578134807 -0.031898618733935555 -0.037302955025993699 -0.039904422006009126 -0.040104703849900142 -0.033181789649111872 -0.0064392079473503273 -0.038346252931543805 0.012236728297086143 -0.019772006952537544 0.089655420506257077 -0.049161894043578146 -0.035896954681780321 0.029070997034284632 0.053137249037527048 -0.031111230577984973 0.05039995670317865 -0.042058224918782902 -0.01733132498701144 0.051532833744202269 0.0093004864568662603
leaf_weight=3.2469503025058648 1497.3424042919651 0.88868577405810256 4.450577392242848 1.5725093355868009 7.4767578812316042 1.5286138684023169 10.618659924250094 5.3190025289077303 32.904974536504596 377.716806979588 10.356465589255093 2.9003594262758261 1.2942077084444559 1.8182294354774047 12.548951098462565 14.172516867984088 3.2934557582484549 61.81410417240113 16.434200194198642 0.75456002075224926 4.4905966840451574 2.683764186629559 21.604505215538666 4.9417697708122432 2.9010984611231838 0.99357043672353018 0.98283573705703009 2.8908871095627537 3.8146378342062235 11.978837226633912
leaf_count=60 8641 4 98 54 88 32 230 111 731 11304 349 119 71 51 414 447 111 1378 456 11 167 460 485 88 103 32 17 35 33 443
internal_value=7.32707e-11 -0.00255211 -0.00268149 -0.0017863 0.0251858 0.040138 -0.0121359 -0.00724737 -0.0121722 -0.0023754 -0.00433735 0.00202811 0.0163754 0.0203707 -0.000544515 -0.00665704 0.00602022 0.00818822 -0.00140465 0.00498796 -0.0167189 0.0102339 0.0251726 0.0302431 0.00590841 -0.0103169 0.0219455 -0.0019093 0.0218441 -0.00751515
internal_weight=2125.74 628.393 627.504 573.228 12.2523 9.00537 54.2761 43.6574 37.3556 560.976 388.073 172.903 26.2895 24.7169 146.613 75.9216 70.6917 67.3982 63.3727 44.7096 18.6631 64.4979 22.8987 9.591 4.64923 3.89467 6.30184 35.1186 6.70552 28.413
internal_count=26623 17982 17978 16791 180 120 1187 957 829 16611 11653 4958 661 607 4297 2229 2068 1957 1815 1201 614 1838 556 234 146 135 128 967 68 899
is_linear=0
shrinkage=0.05


Tree=96
num_leaves=31
num_cat=0
split_feature=6 7 15 6 14 18 15 14 20 14 9 0 14 14 11 14 1 0 19 12 14 9 15 6 0 18 14 14 11 18
split_gain=2.3802 1.88236 2.85124 1.74103 2.33853 2.93475 1.73312 4.5049 3.26838 5.56914 3.57706 4.40561 3.74203 3.5703 3.35828 3.26302 4.13925 4.95891 3.36375 3.55911 3.16642 3.89563 3.13777 4.62834 3.22464 3.87779 3.84669 3.23591 3.21531 3.18264
threshold=178.95000000000002 0.11834733893557424 41.500000000000007 8.5500000000000025 475.50000000000006 1350.0000000000002 -1.4999999999999998 1061.5000000000002 2.5000000000000004 517.50000000000011 7.7083333333333348 2.5000000000000004 496.50000000000006 420.50000000000006 2.5000000000000004 457.50000000000006 6.5000000000000009 3.5000000000000004 1.0000000180025095e-35 1.0000000180025095e-35 1056.5000000000002 5.9000000000000012 -3.4999999999999996 2.2500000000000004 6.5000000000000009 1265.0000000000002 428.50000000000006 450.50000000000006 4.5000000000000009 1215.0000000000002
decision_type=2 2 10 2 10 10 10 10 10 10 10 2 10 8 10 8 8 2 2 10 10 10 10 2 2 10 10 8 10 8
left_child=1 2 3 4 -1 -6 7 8 13 10 11 -10 -13 14 -3 16 22 -18 19 -17 -8 -22 28 -24 26 -26 -25 29 -15 -28
right_child=-2 6 -4 -5 5 -7 20 -9 9 -11 -12 12 -14 15 -16 18 17 -19 -20 -21 21 -23 23 24 25 -27 27 -29 -30 -31
leaf_value=-0.065765870629529058 -0.029569112423352986 0.01217798734301169 0.087673171250208237 -0.0020888955630603847 -0.053223776036268634 0.034098348769691832 -0.00093629541262093673 -0.023954653841667572 -0.034299807024759287 -0.059547052918026179 -0.041351374261312017 0.016424622380233799 -0.028225813361682364 0.00098285375916824552 -0.028760896164040289 0.046669587345476132 0.020503490127092124 -0.06183625464762027 0.0026597858352704461 -0.0089871545220778504 0.019248273311440994 -0.032912711010714038 -0.019318858719271553 0.059829980723612675 0.0067795690511704577 0.05648498405631576 0.025673825616629051 0.050334396604662324 0.023654542240311278 -0.021781518492306969
leaf_weight=2.5230385661125174 6.7839810487348577 7.6616018097847727 0.88056782260537048 607.62573233840521 1.7078335117548706 2.2038425970822573 869.88391547463834 14.924348606728016 6.9542391262948504 4.7741509601473799 5.3568526711314908 29.327582696452737 5.5862054303288451 48.039480849169195 14.470907313749192 8.7948962636291963 3.4148092344403258 3.936401754617691 358.93783252406865 4.2655193712562314 34.151057643815875 3.9986536633223286 5.2999835237860671 4.2577457875013378 5.2105329576879766 15.890695089474319 5.8181721512228259 3.4962977301329365 23.186473786830902 8.9959345832467079
leaf_count=30 1750 47 4 16154 18 26 5095 103 56 30 45 184 41 295 91 35 19 34 1975 26 170 30 38 15 28 59 25 22 123 55
internal_value=-1.28748e-11 9.49984e-05 -0.00223394 -0.00236287 -0.0282343 -0.0040264 0.00105192 0.00316525 0.00387078 -0.00808303 -0.00288032 0.0020419 0.00928055 0.00506229 -0.0145891 0.00593296 0.0128342 -0.0235875 0.00356673 0.0284921 -0.000317968 0.013781 0.0150618 0.0248048 0.0301599 0.0442112 0.017022 0.00706777 0.00836326 -0.00314365
internal_weight=2118.36 2111.58 614.941 614.06 6.43471 3.91168 1496.63 588.601 573.676 51.999 47.2249 41.868 34.9138 521.677 22.1325 499.545 127.547 7.35121 371.998 13.0604 908.034 38.1497 120.195 48.9694 43.6694 21.1012 22.5682 18.3104 71.226 14.8141
internal_count=26623 24873 16232 16228 74 44 8641 3346 3243 356 326 281 225 2887 138 2749 713 53 2036 61 5295 200 660 242 204 87 117 102 418 80
is_linear=0
shrinkage=0.05


Tree=97
num_leaves=31
num_cat=0
split_feature=6 7 15 10 7 14 9 15 11 14 20 9 5 15 14 21 11 1 9 15 21 15 5 21 5 9 9 9 14 1
split_gain=2.22349 1.81915 3.20767 1.62728 3.16633 6.00386 5.726 2.09957 2.41623 1.89574 4.85289 5.72032 3.97541 5.21866 6.59029 3.69653 2.9216 3.22835 4.73951 4.00822 2.91719 2.8789 2.79277 4.93786 5.25161 5.00763 7.0329 4.56631 4.21014 4.12605
threshold=178.95000000000002 0.11834733893557424 41.500000000000007 1.5000000000000002 0.12422839506172841 488.50000000000006 4.1000000000000005 23.500000000000004 7.5000000000000009 505.50000000000006 1.0000000180025095e-35 1.6333333333333335 55.500000000000007 5.5000000000000009 542.50000000000011 11.500000000000002 7.5000000000000009 2.5000000000000004 4.7750000000000012 5.5000000000000009 9.5000000000000018 9.5000000000000018 55.500000000000007 10.500000000000002 56.250000000000007 3.9000000000000004 6.366666666666668 5.2250000000000005 441.50000000000006 4.5000000000000009
decision_type=2 2 10 8 2 8 10 10 8 8 8 10 8 10 10 2 10 8 10 10 2 10 8 2 8 10 10 10 10 10
left_child=1 2 -1 4 5 -3 -7 -5 -9 22 12 -12 15 14 -14 -11 17 18 19 -13 -18 -15 27 24 25 -24 -27 29 -26 -6
right_child=-2 3 -4 7 9 6 -8 8 -10 10 11 16 13 21 -16 -17 20 -19 -20 -21 -22 -23 23 -25 28 26 -28 -29 -30 -31
leaf_value=-0.0023478457567985321 -0.028965488016661236 0.049863748612372361 0.085518810774186105 0.0027567825778023712 -0.00054311521099318998 -0.070963344187314967 0.025996745948585906 -0.041296172941818317 0.0064797330745940329 0.0055444130313950166 -0.044807686760337223 0.02941653885789652 0.035180230349384722 -0.056337206792180863 -0.025102021736495436 -0.059023284823764705 0.020527092678545411 -0.0016031985816945108 0.049537765997599514 -0.02421248238708236 -0.038393962811829552 0.0087111711264858862 -0.013665029897791479 0.00090931752347378622 -0.052001665856927115 -0.065267035782546334 -0.00067547980457110515 -0.01452599048321496 -0.0010094671115630826 0.016446862731546583
leaf_weight=613.11391794751398 6.6046890792204058 8.3590240478515589 1.0404418483376492 835.85688673797995 136.32180307619274 2.6356261707842359 3.6058733463287354 5.8172041382640574 4.8552289865911016 7.9616677202284318 7.5356867369264355 6.7473625391721743 36.030264541972429 2.9853582791984072 5.186467290390282 3.0719823837280273 2.7699972651898834 99.389958166517317 8.2464409209787828 7.2040290106087923 8.694096103310585 3.9535840023308992 29.686876512132585 93.670606589410454 4.3668848238885394 14.110029175877573 6.0090013816952697 41.046899389475584 55.413788907695562 48.429606810212135
leaf_count=16228 1750 57 4 4649 802 28 28 38 34 48 62 24 192 21 34 28 15 576 25 35 67 29 182 591 30 91 33 287 375 260
internal_value=3.16795e-11 9.09209e-05 -0.00219899 0.00103481 -0.00086051 0.0221581 -0.014947 0.00247541 -0.0195614 -0.00139497 0.00262827 -0.00242818 0.0146385 0.0208411 0.0275947 -0.0124325 -2.79272e-05 0.00224714 0.0194869 0.00172432 -0.0241572 -0.0192748 -0.00326827 -0.00752002 -0.0147251 -0.0267167 -0.0459753 0.000559038 -0.00473437 0.00391053
internal_weight=2110.72 2104.12 614.154 1489.96 643.433 14.6005 6.2415 846.529 10.6724 628.832 199.777 140.588 59.1893 48.1557 41.2167 11.0337 133.052 121.588 22.1978 13.9514 11.4641 6.93894 429.055 203.257 109.587 49.8059 20.119 225.798 59.7807 184.751
internal_count=26623 24873 16232 8641 3920 113 56 4721 72 3807 1156 804 352 276 226 76 742 660 84 59 82 50 2651 1302 711 306 124 1349 405 1062
is_linear=0
shrinkage=0.05


Tree=98
num_leaves=31
num_cat=0
split_feature=7 9 9 9 14 15 15 9 14 10 11 7 14 14 1 1 15 10 1 18 11 5 14 20 18 15 14 18 10 11
split_gain=2.14338 1.51355 1.36639 5.41379 4.93743 2.97662 2.64587 2.56519 4.3281 2.7482 2.47213 2.46145 2.42137 5.06795 2.63858 3.11516 4.00825 2.74922 2.71627 3.37887 2.90686 2.71427 2.60639 2.55626 2.74058 2.45256 2.38702 2.4938 2.67543 2.35191
threshold=0.031496141102712143 9.4500000000000011 8.1000000000000014 8.3666666666666689 942.50000000000011 7.5000000000000009 -14.499999999999998 7.7083333333333348 450.50000000000006 2.5000000000000004 6.5000000000000009 0.034542417372628573 420.50000000000006 423.50000000000006 4.5000000000000009 3.5000000000000004 -6.4999999999999991 1.5000000000000002 5.5000000000000009 1450.0000000000002 10.500000000000002 56.750000000000007 483.50000000000006 2.5000000000000004 1265.0000000000002 -1.4999999999999998 805.50000000000011 835.00000000000011 4.5000000000000009 5.5000000000000009
decision_type=2 8 10 8 10 8 10 10 10 10 10 2 10 10 8 10 10 10 10 10 8 10 10 10 8 10 10 10 10 10
left_child=1 -1 7 5 6 -4 -5 -2 10 -10 -9 -8 -13 -14 15 -15 -17 -18 19 21 23 22 25 24 -20 -16 27 -11 29 -29
right_child=2 -3 3 4 -6 -7 11 8 9 26 -12 12 13 14 18 16 17 -19 20 -21 -22 -23 -24 -25 -26 -27 -28 28 -30 -31
leaf_value=-0.0047515766702072902 0.00027363753019038858 -0.024288142887160084 0.0367427508918294 -0.052125568987717752 0.042824305769703037 -0.013894486555548778 0.051190208893208314 -0.013351838004791769 -0.020487184465952584 0.055446182153270386 -0.061169913254102294 -0.028177299983465545 0.071022046972521818 -0.00079055935855730074 0.016415990866147187 -0.053059668643714121 -0.02450632692938606 0.030570773689950145 -0.044835454087289645 -0.05572931252604927 0.035065004858338522 0.025211036306810611 -0.059370279812878381 -0.052728091478071705 0.014413538762349548 -0.041517449703381386 -0.035287864508322921 -0.0092043271248191793 -0.014469830192094385 0.044658026726325378
leaf_weight=105.992457505723 1750.8551472835243 10.936746702645904 17.527733049355447 2.4278370654210439 6.9137144386768332 3.4780578874051598 2.3564300569705656 5.0058062905445677 14.325415480881928 3.016914810985333 5.8752061007544398 7.4183751298114649 2.5464756935834876 82.038969068787992 4.5017151348292828 1.7833988405764127 2.5375981712713864 21.147978168912232 2.5079486090689906 5.8754130201414219 5.0446130856871596 3.8478949125856152 3.479350165463984 2.7182586928829542 8.8002785388380289 3.0744991227984446 2.8588938768953076 3.167692396789791 8.1800044672563654 5.6266752798110247
leaf_count=8196 14661 1363 144 36 59 39 55 69 130 12 84 98 16 729 40 28 35 192 31 65 61 35 52 35 97 35 47 34 92 53
internal_value=-2.15741e-11 -0.00657889 0.000386771 0.00441899 0.00144382 0.0283584 -0.000321023 -3.91691e-05 -0.0114357 -0.00331774 -0.0391712 0.000466637 -0.000293116 0.0010868 -0.000121744 0.0039517 0.0192272 0.02467 -0.0111112 -0.0236172 0.00251474 -0.0109576 -0.0235461 -0.00919193 0.00127324 -0.00709395 0.00744627 0.0135575 0.00611254 0.025257
internal_weight=2105.87 116.929 1988.94 190.027 169.021 21.0058 162.107 1798.91 48.0566 37.1756 10.881 159.679 157.323 149.904 147.358 107.508 25.469 23.6856 39.85 20.7789 19.0711 14.9035 11.0556 14.0265 11.3082 7.57621 22.8502 19.9913 16.9744 8.79437
internal_count=26623 9559 17064 1882 1699 183 1640 15182 521 368 153 1604 1549 1451 1435 984 255 227 451 227 224 162 127 163 128 75 238 191 179 87
is_linear=0
shrinkage=0.05


Tree=99
num_leaves=31
num_cat=0
split_feature=6 7 15 14 9 9 9 1 9 5 14 6 1 18 11 6 1 9 6 0 6 20 5 14 10 9 9 9 15 15
split_gain=2.03196 1.56978 2.06638 1.96136 5.02732 3.11467 3.56097 4.31978 3.40924 3.75876 3.2245 2.64585 4.6784 3.63521 3.31554 4.21767 2.48779 2.48174 2.36081 3.40324 3.39763 3.34632 5.00015 3.60785 3.61818 3.16655 4.26302 3.58026 3.3836 3.371
threshold=178.95000000000002 0.10811126694717159 -9.4999999999999982 460.50000000000006 10.100000000000001 4.4500000000000011 3.4500000000000006 4.5000000000000009 3.2916666666666674 54.750000000000007 453.50000000000006 4.2500000000000009 3.5000000000000004 1050.0000000000002 2.5000000000000004 2.9500000000000006 6.5000000000000009 3.1000000000000005 4.4500000000000011 1.5000000000000002 4.6500000000000012 1.0000000180025095e-35 55.500000000000007 435.50000000000006 3.5000000000000004 5.7083333333333348 6.2250000000000005 5.2250000000000005 -1.0000000180025095e-35 -1.0000000180025095e-35
decision_type=2 2 10 10 10 10 10 10 10 10 10 2 10 8 10 2 8 10 2 2 2 8 8 10 8 10 10 8 8 10
left_child=1 2 -1 4 5 6 7 8 -3 -10 17 12 -8 -13 15 -14 18 -9 19 -7 -20 25 23 -23 -25 27 28 -21 -27 -28
right_child=-2 3 -4 -5 -6 16 11 10 9 -11 -12 13 14 -15 -16 -17 -18 -19 20 21 -22 22 -24 24 -26 26 29 -29 -30 -31
leaf_value=-0.013597484985371397 -0.028192900745036616 -0.0018109438424626625 -0.0013770940610970818 -0.00026242679052287683 -0.029559678935133976 0.03943336328045071 0.0033228251829436868 0.02431848915429187 -0.013385693991396287 0.04389849731526773 0.050968037323837159 -0.038739732813440883 -0.024909034506789048 0.0078480795811284587 -0.01397257127576507 -0.08595167382335514 -0.010152868828027807 -0.025156775576350023 -0.029134343994904152 0.012271763967171388 0.0067765212349530663 -0.022150982884053358 -0.037884929855990228 0.034222361956451182 -0.018589570329166728 0.014758112999207942 0.032741275628007764 -0.036247594729695042 0.066943430204853174 0.0019076104290162929
leaf_weight=37.06746068818029 6.371684288897085 99.417097578756511 518.0521947061643 1074.6787568875588 11.133103623986242 12.421627479605375 18.567948840558529 9.0167504064738768 4.2353239487856618 8.8418286778032762 8.0436807293444854 4.8029751274734727 7.1257297117263096 32.660099271684885 15.45962817315012 4.6936640739440918 16.708925852552056 3.5257809422910205 7.0852261614054433 19.268102414906028 93.603575746528804 6.6569168446585598 7.3841637503355733 13.084139265120031 4.3119322285056105 4.7863729316741228 16.108068412169811 4.7367981793358913 8.8483373112976533 19.712061662226919
leaf_count=1184 1750 625 14441 6419 109 52 85 55 25 39 40 44 35 234 78 26 126 28 37 104 648 43 46 61 22 24 77 28 32 106
internal_value=1.14042e-10 8.58667e-05 -0.0021931 0.000909005 0.00363251 0.00445168 0.000124662 0.00519955 0.00134595 0.0253458 0.0262577 -0.00798203 -0.0160367 0.00187526 -0.0292142 -0.04915 0.00844086 0.0104107 0.00986596 0.0146862 0.00424956 0.0117557 -0.00189561 0.00915296 0.021132 0.0175979 0.0248303 0.00269762 0.0486241 0.0157733
internal_weight=2098.41 2092.04 555.12 1536.92 462.24 451.107 216.391 133.08 112.494 13.0772 20.5862 83.31 45.847 37.4631 27.279 11.8194 234.716 12.5425 218.007 117.319 100.689 104.897 31.4372 24.053 17.3961 73.4597 49.4548 24.0049 13.6347 35.8201
internal_count=26623 24873 15625 9248 2829 2720 1314 812 689 64 123 502 224 278 139 61 1406 83 1280 595 685 543 172 126 83 371 239 132 56 183
is_linear=0
shrinkage=0.05


Tree=100
num_leaves=31
num_cat=0
split_feature=7 11 18 3 14 0 6 9 7 9 15 1 14 6 6 5 1 9 14 15 14 20 6 21 13 1 0 15 15 10
split_gain=1.92993 1.53709 2.57038 4.01177 3.78261 3.64345 5.81545 5.48253 3.75727 3.71119 3.54423 3.38148 3.20439 6.62108 3.09933 4.28721 4.48733 3.65609 4.12989 3.41318 2.96009 3.40685 4.60563 2.92388 2.90981 5.35167 3.0757 4.29763 2.83474 6.35876
threshold=0.031496141102712143 2.5000000000000004 1215.0000000000002 1.0000000180025095e-35 1032.5000000000002 6.5000000000000009 5.0500000000000007 6.1000000000000005 0.22474747474747478 2.4500000000000006 4.5000000000000009 1.0000000180025095e-35 910.50000000000011 3.9500000000000006 4.0500000000000007 485.00000000000006 2.5000000000000004 5.1000000000000005 453.50000000000006 -5.4999999999999991 462.50000000000006 1.5000000000000002 8.5500000000000025 10.500000000000002 1.5000000000000002 2.5000000000000004 7.5000000000000009 -9.4999999999999982 -3.4999999999999996 1.5000000000000002
decision_type=2 8 10 2 10 2 2 10 2 10 8 10 8 2 2 8 10 10 10 10 10 8 2 2 2 8 2 10 10 8
left_child=-1 2 3 5 12 6 8 10 -2 23 11 -7 14 -14 19 16 -16 -18 -19 -5 -13 -22 -23 -10 -4 -26 27 -27 29 -29
right_child=1 -3 24 4 -6 7 -8 -9 9 -11 -12 20 13 -15 15 -17 17 18 -20 -21 21 22 -24 -25 25 26 -28 28 -30 -31
leaf_value=-0.0062765390671068177 0.051797210566719244 0.0012624690434720608 0.019580776999996077 -0.016133975634112282 0.041790104378233502 0.027757154941814834 -0.020068301666844347 0.027190766535013528 0.012320204511243089 -0.0025301296051125906 -0.049176157189429949 -0.063936497530244454 -0.052600473129001429 0.015336980009724716 -0.050311445513556777 0.037009656250432739 -0.015604481878823793 0.053632507680518693 -0.0093376501128451771 0.023107843732665809 0.0079167217171273296 -0.050835314928104225 0.020976148423688768 0.057140647375367316 -0.031983127504247304 0.035216240408956552 0.0035694505082659207 -0.0074567046704058643 -0.0058185437072366284 -0.05442727515448207
leaf_weight=115.70014295561123 5.0686017051339141 1399.7035201443359 12.040568032301961 6.3347992673516265 8.2253723908215743 4.1785574536770609 20.937070894055068 6.4862365275621405 12.243255814537408 35.544599898625165 9.4069371540099365 3.4361256361007717 6.5208394415676576 7.9692653268575668 5.3133118962869075 6.2153937951661637 14.982963152229788 5.3451728913933021 5.0769598353654146 44.229835239239037 9.7169254967011529 8.6048245606943947 3.015110475011169 5.1774610783904782 17.961913012433797 5.811476911418139 95.337068441323936 24.082547327969223 177.16812273208052 10.281713917851446
leaf_count=9559 22 12546 105 39 46 28 285 49 72 171 90 25 30 66 66 47 158 43 44 214 84 66 44 23 135 44 809 205 1420 88
internal_value=-2.7859e-11 0.000367431 -0.00180486 0.00223438 0.00917299 -0.00394198 0.00252141 -0.0153239 0.0106712 0.00673555 -0.022513 -0.0138496 0.00654242 -0.0152362 0.0101491 -0.000861651 -0.00852432 0.000215184 0.0229577 0.0181916 -0.0208675 -0.0139316 -0.0322019 0.0256409 -0.00456339 -0.00544261 -0.003918 -0.00720234 -0.00836771 -0.0215102
internal_weight=2092.12 1976.42 576.713 234.03 110.214 123.816 78.971 44.8447 58.0339 52.9653 38.3585 28.9515 101.989 14.4901 87.4984 36.9338 30.7184 25.4051 10.4221 50.5646 24.773 21.3369 11.6199 17.4207 342.683 330.643 312.681 217.344 211.532 34.3643
internal_count=26623 17064 4518 1712 753 959 573 386 288 266 337 247 707 96 611 358 311 245 87 253 219 194 110 95 2806 2701 2566 1757 1713 293
is_linear=0
shrinkage=0.05


Tree=101
num_leaves=31
num_cat=0
split_feature=6 12 15 9 9 15 20 2 18 9 9 15 18 12 6 11 15 6 5 15 20 15 14 6 12 7 15 15 6 0
split_gain=1.88743 1.50386 4.82849 3.75754 3.66916 5.42262 4.4911 3.88861 5.77702 3.09447 3.76929 2.84147 3.46167 3.11141 2.77188 2.5765 2.53628 2.48071 2.19246 2.07379 1.68129 2.43768 2.26087 1.70391 1.99203 1.68038 1.90933 1.53676 3.09527 7.45009
threshold=178.95000000000002 0.45000000000000007 -2.4999999999999996 3.7750000000000004 2.4500000000000006 1.0000000180025095e-35 1.0000000180025095e-35 1.0000000180025095e-35 1265.0000000000002 4.1000000000000005 5.1000000000000005 10.500000000000002 960.00000000000011 0.70833333333333337 2.0500000000000003 2.5000000000000004 41.500000000000007 5.0500000000000007 56.750000000000007 -10.499999999999998 1.0000000180025095e-35 3.5000000000000004 497.50000000000006 3.3500000000000001 0.70833333333333337 0.099504950495049524 13.500000000000002 7.5000000000000009 5.6500000000000012 3.5000000000000004
decision_type=2 10 8 10 10 10 10 2 10 8 10 8 10 10 2 10 10 2 10 10 10 10 10 2 8 2 8 10 2 2
left_child=1 16 19 4 5 7 17 14 -9 -5 -11 12 -7 -13 -4 -8 25 -6 -10 -3 23 -22 -23 24 -14 26 -1 -27 -29 -30
right_child=-2 2 3 9 6 11 15 8 18 10 -12 13 20 -15 -16 -17 -18 -19 -20 -21 21 22 -24 -25 -26 27 -28 28 29 -31
leaf_value=-0.0014306790221428635 -0.027549327624022055 -0.027860002815791315 -0.021862931446257155 0.053823216050615845 -0.071280504099199601 0.050490964123328791 -0.037024268186185781 0.045790413041931238 -0.01511827150855375 -0.061481808909615278 0.021281794740077555 -0.071016133204902132 0.038689331468632411 0.0042311361813846936 -0.080913003851211932 0.03809460951420704 0.050070194429937258 -0.012583639770459851 -0.076044706217633776 0.014508701071023087 0.012055896578237016 -0.011708052503308487 -0.083022469575595823 -0.015198440977154249 -0.0070735848995815351 0.001845914391522821 -0.01516662730086934 -0.006806131481633091 0.02871575273907594 -0.0070679440448388744
leaf_weight=476.83835623401683 6.1985994055867186 3.201718150638043 3.2693465165793896 3.5003682170063231 7.7560094441287202 4.0887849479913774 2.1937420461326829 3.0423385417088866 3.904844282194972 2.0037474711425611 4.3890016349032521 2.6017093081027225 6.5052882358431825 2.9107239674776793 5.0681325765326619 2.3797926804982126 2.5663837171159676 2.3440894144587219 2.3744893185794353 29.485574698308483 3.837362605147062 2.6111721266061068 1.9349290337413547 4.4126195944845668 3.7480872441083202 1256.7724919025786 26.716446961392649 144.72948721144348 23.504343215376139 38.162041883915663
leaf_count=14044 1750 29 27 21 52 26 28 24 33 24 42 21 39 26 41 16 12 47 23 245 35 30 16 55 36 7688 911 798 157 327
internal_value=2.8651e-11 8.22241e-05 -0.00567472 -0.0126741 -0.0170444 -0.010628 -0.0390438 -0.0329488 -0.010759 0.0160327 -0.00465968 0.00144424 0.00809202 -0.0312834 -0.0577579 0.00206308 0.000396672 -0.0576578 -0.0381572 0.0103587 0.000570791 -0.0172902 -0.0420612 0.0107806 0.0219608 0.000331853 -0.00215945 0.00118924 -0.00280931 0.00657113
internal_weight=2083.05 2076.85 107.564 74.8766 64.9835 50.3098 14.6736 17.6592 9.32167 9.89312 6.39275 32.6507 27.1382 5.51243 8.33748 4.57353 1969.29 10.1001 6.27933 32.6873 23.0495 8.38346 4.5461 14.666 10.2534 1966.72 503.555 1463.17 206.396 61.6664
internal_count=26623 24873 936 662 575 432 143 148 80 87 66 284 237 47 68 44 23937 99 56 274 211 81 46 130 75 23925 14955 8970 1282 484
is_linear=0
shrinkage=0.05


Tree=102
num_leaves=31
num_cat=0
split_feature=7 7 10 18 9 20 15 14 1 14 5 14 6 9 9 15 15 0 14 13 6 15 9 9 18 15 7 0 6 20
split_gain=1.77995 2.52213 4.26961 4.17523 14.2746 2.4617 1.85802 1.67334 2.66265 2.87075 4.43047 3.58647 4.94469 2.97937 3.77084 2.6104 6.68138 3.05093 5.6037 3.82608 3.64307 6.00252 5.01772 4.63655 3.55724 3.89212 3.28907 3.08304 2.99832 4.11027
threshold=0.11834733893557424 0.12422839506172841 2.5000000000000004 1265.0000000000002 5.366666666666668 1.5000000000000002 41.500000000000007 445.50000000000006 7.5000000000000009 426.50000000000006 55.500000000000007 424.50000000000006 3.5500000000000003 7.366666666666668 8.4500000000000011 8.5000000000000018 6.5000000000000009 3.5000000000000004 428.50000000000006 2.5000000000000004 4.5500000000000007 -1.4999999999999998 5.9000000000000012 5.9000000000000012 1215.0000000000002 1.0000000180025095e-35 0.18350168350168353 6.5000000000000009 3.1500000000000008 1.0000000180025095e-35
decision_type=2 2 8 8 10 10 10 10 8 8 8 8 2 10 8 10 10 2 8 2 2 8 10 10 10 8 2 2 2 8
left_child=6 2 3 4 -2 -4 -1 8 9 10 11 13 -13 -3 -15 16 17 19 -19 -11 21 -20 24 -23 25 -22 -26 -25 -21 -30
right_child=1 7 5 -5 -6 -7 -8 -9 -10 15 -12 12 -14 14 -16 -17 -18 18 20 28 22 23 -24 27 26 -27 -28 -29 29 -31
leaf_value=-0.0023523258510192253 -0.053183741060969861 0.008459155389711712 -0.034090847143162954 0.042043942856433258 0.079494975501447948 0.028403835441613963 0.077561809558273534 -0.00014822505664555965 -0.02424135423057304 -0.045501447102929256 -0.046710921548898728 0.0012124884412757486 -0.07913142116684041 -0.057846144836400742 0.008737967626748255 0.031934256807377048 -0.048595509360326576 0.048911632161834799 0.03359964581997215 0.024619971810550201 -0.071425991265454014 -0.0063761103440251911 -0.04415623112698968 0.058420253039405484 0.030523007119407693 0.012131570155034533 -0.025353297448711939 0.007430718418034974 -0.021001472638594126 0.023295341243391131
leaf_weight=614.21460101049161 5.2473479509353691 57.993396706879139 5.6899257861077777 14.647899186238645 3.3034717254340649 2.1792874485254288 0.72821206599473853 1181.2702762950212 7.8985354974865905 4.6011443007737389 5.2990981498733154 4.7615596745163193 3.2033571898937225 4.0873005799949143 4.4320941381156453 11.552357804030178 5.1684675253927699 10.163532247766851 28.634828481823206 11.000803360715507 2.6812598481774392 30.49255436938256 6.4353463985025874 5.3817373597994429 12.249843671917914 2.9020940475165844 3.3549466095864764 6.6003510765731335 16.426653010770682 7.6875773780047885
leaf_count=17978 64 329 70 101 14 19 4 6886 59 41 48 21 26 30 32 56 41 46 134 66 22 165 56 20 77 22 24 31 100 41
internal_value=-4.93603e-11 0.000947456 0.0150418 0.0258373 -0.00192545 -0.0167837 -0.00225769 0.000642158 0.00433237 0.00525314 -0.00253671 0.000606291 -0.0311005 0.00440318 -0.0232067 0.00901191 0.00728993 0.00923352 0.01356 -0.00262912 0.00992092 0.0159071 -0.00548889 0.00397941 0.00625531 -0.0279948 0.0185099 0.0303326 0.00298847 -0.00687972
internal_weight=2080.29 1465.35 31.0679 23.1987 8.55082 7.86921 614.943 1434.28 253.009 245.11 79.7768 74.4777 7.96492 66.5128 8.51939 165.333 153.781 148.613 108.896 39.7162 98.733 71.1095 27.6235 42.4746 21.1881 5.58335 15.6048 11.9821 35.115 24.1142
internal_count=26623 8641 268 179 78 89 17982 8373 1487 1428 486 438 47 391 62 942 886 845 597 248 551 350 201 216 145 44 101 51 207 141
is_linear=0
shrinkage=0.05


Tree=103
num_leaves=31
num_cat=0
split_feature=6 12 6 6 14 14 7 7 15 5 20 15 7 6 15 0 11 14 7 9 14 0 15 9 7 9 13 1 12 9
split_gain=1.78069 1.64004 2.66123 3.78101 3.96694 3.60149 3.3226 5.30937 3.12867 3.11312 2.54271 2.44052 2.33978 3.79596 2.68377 2.09602 2.05872 2.28729 1.98161 1.94857 1.9792 3.71399 2.57669 2.50915 1.47794 2.70056 3.2398 2.73305 1.92821 2.69899
threshold=178.95000000000002 0.55000000000000016 2.9500000000000006 3.9500000000000006 475.50000000000006 467.50000000000006 0.22474747474747478 0.21054964539007096 1.5000000000000002 55.500000000000007 2.5000000000000004 41.500000000000007 0.37749287749287752 2.3500000000000001 -4.4999999999999991 3.5000000000000004 3.5000000000000004 497.50000000000006 0.51315789473684215 3.7750000000000004 526.50000000000011 6.5000000000000009 -1.0000000180025095e-35 1.7750000000000001 0.11834733893557424 2.4500000000000006 2.5000000000000004 4.5000000000000009 0.29166666666666669 3.2250000000000005
decision_type=2 10 2 2 8 10 2 2 10 10 8 10 2 2 8 2 10 10 2 10 10 2 8 10 2 8 2 8 8 8
left_child=1 11 5 4 -4 9 7 10 -6 18 16 24 -7 14 -14 -12 17 -5 -3 20 21 22 -16 -23 25 26 -1 -28 -27 -30
right_child=-2 2 3 6 8 12 -8 -9 -10 -11 15 -13 13 -15 19 -17 -18 -19 -20 -21 -22 23 -24 -25 -26 28 27 -29 29 -31
leaf_value=-0.039517084715352563 -0.027144289908985649 -0.046657052272672098 0.043172664685138189 -0.0057054885357270338 -0.043201361985181298 -0.044240058854479812 -0.056113584741563131 0.06924171079776556 0.020074686712905784 -0.072516293952820179 0.0003035237376983122 0.047100325751799288 0.028789492447378596 0.039640448145942669 0.032304629358834644 -0.074002882271779827 -0.039019396492787017 0.049358216140934989 0.0043780808406050607 0.021219888579383756 0.013430165859450845 -0.096356065633635427 -0.025726412646914554 -0.026459682779007444 0.0012083875612971336 -0.0014655593903849557 0.044820161953841642 -0.0070454755756539748 -0.038452773740615787 -0.0064779963180942556
leaf_weight=1.9792687939479936 6.0243269464408504 3.5498855523765069 9.0742807462811488 6.379858187632637 3.2218084689229709 3.6896011382341376 3.4312926754355422 2.2600882351398459 4.9626008495688438 4.2928515714593232 1.5009556505829103 2.7902215896174303 3.9073388827964664 4.6288903746753922 2.468414880335331 2.5809342539869249 2.7216691463254401 2.6774245272390544 4.0974940098822117 3.0245833098888388 3.2883564829826346 2.7808889746665946 8.4990119049325745 2.3853024793788791 1377.9451166749932 543.7027415811317 8.5732050877995754 3.6092836032621571 8.0800609178841096 36.02293336042203
leaf_count=58 1750 18 37 96 25 20 31 9 26 35 26 12 41 18 26 45 46 20 43 28 29 26 72 23 8023 14862 101 65 167 845
internal_value=4.38951e-11 7.90697e-05 -0.00670434 0.00296723 0.0204069 -0.0147572 -0.0109982 -0.00245538 -0.00483405 -0.0384406 -0.0126718 0.000371329 -0.00660121 -0.00211897 -0.00945374 -0.0466796 -0.000886768 0.0105719 -0.0193122 -0.0161109 -0.0219244 -0.0291303 -0.0126655 -0.0640839 0.000305475 -0.00176135 0.0198145 0.029454 -0.00228117 -0.0123361
internal_weight=2074.15 2068.13 85.4235 38.8109 17.2587 46.6126 21.5522 18.1209 8.18441 11.9402 15.8608 1982.7 34.6724 30.9828 26.3539 4.08189 11.779 9.05728 7.64738 22.4466 19.422 16.1336 10.9674 5.16619 1979.91 601.967 14.1618 12.1825 587.806 44.103
internal_count=26623 24873 740 361 88 379 273 242 51 96 233 24133 283 263 245 71 162 116 61 204 176 147 98 49 24121 16098 224 166 15874 1012
is_linear=0
shrinkage=0.05


Tree=104
num_leaves=31
num_cat=0
split_feature=15 15 7 11 14 10 1 4 20 6 0 9 15 9 0 0 1 6 6 21 6 21 14 6 15 15 7 0 11 13
split_gain=1.94376 5.06116 1.69568 1.66923 1.19425 2.13384 1.70491 1.91667 2.73203 3.26927 3.6018 2.52826 3.73146 3.19846 2.71082 1.97168 2.54335 1.95498 2.15249 2.33179 1.736 2.90817 5.59849 2.67554 2.63843 3.17986 4.13481 2.29483 2.56071 3.05841
threshold=44.500000000000007 41.500000000000007 0.012247402020783836 4.5000000000000009 459.50000000000006 8.5000000000000018 6.5000000000000009 1.0000000180025095e-35 2.5000000000000004 3.3500000000000001 9.5000000000000018 2.1000000000000005 2.5000000000000004 1.7750000000000001 2.5000000000000004 4.5000000000000009 3.5000000000000004 5.8500000000000005 6.1500000000000012 8.5000000000000018 4.4500000000000011 10.500000000000002 458.50000000000006 4.1500000000000012 14.500000000000002 10.500000000000002 0.14185110663983905 1.5000000000000002 6.5000000000000009 4.5000000000000009
decision_type=10 10 2 10 8 10 8 2 10 2 2 8 10 10 2 2 10 2 2 2 2 2 8 2 10 10 2 2 10 2
left_child=1 2 3 -1 5 6 7 11 9 -9 17 12 14 -14 -4 -16 -17 -11 -19 -20 23 22 27 -13 25 -23 -27 28 -22 -30
right_child=-2 -3 4 -5 -6 -7 -8 8 -10 10 -12 20 13 -15 15 16 -18 18 19 -21 21 24 -24 -25 -26 26 -28 -29 29 -31
leaf_value=-0.045517826560845298 -0.052073252213192284 0.08968613502917773 -0.043230660803605103 -0.0077589337556875793 -0.00066045394588253568 -0.027647540783155618 -0.0071092094597374174 0.014725607335534602 0.029357011911773478 -0.078472510130682849 0.032986169249620119 0.0060569632350906044 -0.0018535708314255071 -0.066914158812127519 0.04274851227445859 0.013215144802219648 -0.044892622554479157 0.04588152792438227 0.021525572136340348 -0.052685660659975875 -0.034377018334477309 0.005820779356245827 0.046947321887219971 0.026160070835686736 -0.056846333669660069 -0.018821981726527576 0.072588939347289022 -0.002701277824557789 0.076369591480769494 -0.016866337879457138
leaf_weight=3.3173770638532032 1.7905103447847057 1.5734246596693982 2.8476861314848128 24.870550453633768 1413.6430582137546 6.0264779683202496 45.134523245505989 4.993269316852099 3.3924336112104347 2.947600904852151 1.7826177868992079 194.96381524112076 3.1726159513927987 4.6692605949938297 3.5046668760478488 7.9047487359493953 2.4720171540975571 0.82003524526953508 1.2857398632913826 5.9890780337154865 12.028460430447014 157.81681585172191 5.3961993912234894 18.08642322011292 1.6266204928979267 1.8073907629586745 3.9205202609300613 130.19512841908727 1.2539750565774737 2.9458749643526962
leaf_count=493 11 5 29 4303 14410 142 666 24 37 22 23 1026 34 39 26 63 20 4 26 118 207 2452 49 85 35 53 11 2115 12 83
internal_value=2.72223e-11 4.50339e-05 -2.31421e-05 -0.0122027 0.000145099 0.00196136 0.00224871 0.00298221 -0.0117686 -0.0195985 -0.0329621 0.00354635 -0.0121331 -0.0405924 0.00120742 0.0103236 -0.000627646 -0.0436084 -0.0309132 -0.0395697 0.00427319 0.0019273 -0.00306798 0.00776357 0.00651879 0.00714902 0.043745 -0.00491121 -0.0226409 0.0109717
internal_weight=2072.18 2070.39 2068.81 28.1879 2040.63 626.984 620.958 575.823 21.2108 17.8183 12.8251 554.612 24.571 7.84188 16.7291 13.8814 10.3768 11.0425 8.09485 7.27482 530.041 316.991 151.82 213.05 165.171 163.545 5.72791 146.423 16.2283 4.19985
internal_count=26623 26612 26607 4796 21811 7401 7259 6593 254 217 193 6339 211 73 138 109 83 170 148 144 6128 5017 2466 1111 2551 2516 64 2417 302 95
is_linear=0
shrinkage=0.05


Tree=105
num_leaves=31
num_cat=0
split_feature=6 15 15 14 11 9 14 6 5 0 12 21 15 9 9 9 18 0 13 9 11 6 6 0 9 9 12 6 9 6
split_gain=1.67754 1.41197 1.15141 3.37385 3.34167 5.12815 2.98713 2.64048 2.66414 2.53449 2.39138 3.04062 4.01659 2.68453 3.91418 2.32557 4.76403 2.48809 2.28001 2.22493 2.47338 4.03488 2.76016 3.86688 3.33156 2.58684 3.43129 2.93731 2.71107 3.05413
threshold=178.95000000000002 41.500000000000007 -2.4999999999999996 495.50000000000006 9.5000000000000018 10.900000000000002 460.50000000000006 4.1500000000000012 56.750000000000007 8.5000000000000018 0.45000000000000007 12.500000000000002 1.0000000180025095e-35 2.3666666666666671 3.6333333333333337 2.5500000000000003 1265.0000000000002 3.5000000000000004 4.5000000000000009 1.5500000000000003 2.5000000000000004 3.1500000000000008 2.1500000000000008 3.5000000000000004 4.2250000000000005 6.1000000000000005 0.55000000000000016 3.9500000000000006 4.366666666666668 4.6500000000000012
decision_type=2 10 8 10 10 10 10 2 10 2 10 2 10 10 8 10 8 2 2 10 10 2 2 2 8 10 8 2 10 2
left_child=1 2 3 4 19 7 -7 -6 -9 -10 -4 12 15 -14 -15 16 17 -12 -18 -1 21 -21 23 -22 -25 26 27 -23 -29 -30
right_child=-2 -3 10 -5 5 6 -8 8 9 -11 11 -13 13 14 -16 -17 18 -19 -20 20 22 25 -24 24 -26 -27 -28 28 29 -31
leaf_value=0.03733629767770779 -0.02721582092289801 0.036299364090558499 -0.00026124992425897439 -0.0033576287687689132 0.0046214642865129926 -0.032968737065536123 0.05077734909409562 -0.044168661500200955 -0.038012009925011754 0.047019608166795478 -0.040993828832126968 0.020903264831549424 0.0051419179026855324 -0.039647379839110784 0.013831332513421449 -0.0017738085419737035 -0.020830959763484203 0.029056918919796382 -0.071684674912455879 0.011906392595553074 0.032602517461553147 -0.046274682840298655 0.0092264977961671116 -0.058238164058292553 -0.0031848658176399213 0.01187757800413082 0.02905207964729159 -0.0026161811142967556 -0.084418858799053559 -0.019625867135854427
leaf_weight=5.5651144783478221 5.6465255025104844 2.6865066825412205 1404.1555740319309 199.92982289334759 6.3482053205370965 1.4110739489551622 4.338987645925954 12.610953851370143 1.7282614938449108 1.7777795246802268 2.1812731977552238 7.3238341636024407 27.482033655047417 9.8647924179676885 5.2384271100163469 5.3060516526456913 3.0062936847098216 3.0262011964805424 8.2600684976205159 34.260964293964207 3.5158062893897286 8.1570943519473058 244.14931439358043 4.9286781745031449 6.2110509164631376 11.032389283645896 4.0100929029285899 22.062502666609362 2.282563515007495 8.9504442175384593
leaf_count=55 1750 16 17056 2270 39 50 48 431 61 24 18 60 244 105 48 61 28 28 66 231 31 43 3251 34 44 106 27 243 12 143
internal_value=3.81336e-11 7.45343e-05 2.72721e-05 0.00190802 0.00465429 -0.0119075 0.0302259 -0.0226918 -0.03345 0.00510428 -0.00071602 -0.00962351 -0.013097 -0.00416455 -0.0210987 -0.0305623 -0.0398347 -0.000285485 -0.058115 0.00597015 0.00547079 -0.00163156 0.0079614 -0.0131141 -0.0275427 -0.00984154 -0.0151121 -0.0193845 -0.0127967 -0.0327919
internal_weight=2067.45 2061.8 2059.12 583.271 383.341 28.2153 5.75006 22.4652 16.117 3.50604 1475.84 71.689 64.3651 42.5853 15.1032 21.7799 16.4738 5.20747 11.2664 355.126 349.561 90.7561 258.805 14.6555 11.1397 56.4951 45.4627 41.4526 33.2955 11.233
internal_count=26623 24873 24857 7143 4873 653 98 555 516 85 17714 658 598 397 153 201 140 46 94 4220 4165 805 3360 109 78 574 468 441 398 155
is_linear=0
shrinkage=0.05


Tree=106
num_leaves=31
num_cat=0
split_feature=7 1 10 11 9 18 12 1 6 2 14 0 21 20 18 14 14 15 14 15 14 14 15 12 3 13 9 0 0 14
split_gain=1.57919 1.55405 2.14614 3.05182 2.14663 2.94257 1.19478 5.10235 2.83524 2.75051 2.72084 2.36663 2.67815 4.18623 2.54581 3.37273 2.29487 3.63507 2.02313 1.98748 1.91537 1.79694 1.74493 1.65854 2.16805 1.5966 1.78839 1.59517 1.90819 1.66677
threshold=0.031496141102712143 9.5000000000000018 2.5000000000000004 5.5000000000000009 4.366666666666668 1350.0000000000002 0.55000000000000016 7.5000000000000009 2.3500000000000001 1.0000000180025095e-35 467.50000000000006 3.5000000000000004 8.5000000000000018 2.5000000000000004 910.00000000000011 477.50000000000006 505.50000000000006 -3.4999999999999996 484.50000000000006 41.500000000000007 499.50000000000006 446.50000000000006 5.5000000000000009 0.77500000000000013 1.0000000180025095e-35 3.5000000000000004 2.1000000000000005 2.5000000000000004 4.5000000000000009 520.50000000000011
decision_type=2 10 8 10 10 10 10 10 2 2 10 2 2 8 10 10 10 8 10 10 10 8 10 10 2 2 10 2 2 8
left_child=-1 6 4 -4 5 -3 19 8 9 23 -11 14 -13 16 -10 21 17 -14 25 -2 -17 -16 -15 24 -8 -19 -27 -12 -29 -30
right_child=1 2 3 -5 -6 -7 7 -9 11 10 27 12 13 22 15 20 -18 18 -20 -21 -22 -23 -24 -25 -26 26 -28 28 29 -31
leaf_value=-0.0057348688277484008 0.00041503532618559233 -0.031711931901809175 -0.04181339322998362 0.035065769567859617 0.057547821130392286 0.042898392444815032 0.028262318759666723 -0.071854768266290114 0.055468724835894649 -0.069775003072253192 -0.048083273081806599 0.036940146672879107 0.029047648659864651 -0.059672915115617155 0.0092999073363657977 0.05992499005880822 0.029070190923937325 0.021653362688362012 -0.065900313075726732 0.046314870966502768 5.3734718278286158e-05 -0.055585739834762816 -0.0071499112795040398 0.027103174538930037 -0.021570378488368569 -0.057588085075296037 -0.0046513874443199462 0.027098073024534604 -0.03719654958546776 0.010031154610101643
leaf_weight=113.44833860664221 1851.7271013760474 2.3812609417363966 3.0329083278775224 2.2474048901349306 4.1697405092418194 2.9694137461483479 2.9073024950921509 2.81140646431595 4.0287078116089097 3.1875161454081562 3.521765684708952 3.7906227111816397 4.9134806357324123 4.571000635623931 2.0183045957237464 3.1187485856935382 6.0703847557306281 2.5308006536215624 2.16418308392167 2.361429000273346 2.3367297947406769 2.2639063512906432 2.4177101757377386 4.3247946593910447 8.7564702620729804 2.5846050772815952 4.1689533405005932 2.7001372557133427 5.5337765598669622 2.8203353397548208
leaf_count=9559 16207 26 31 25 31 23 26 27 27 24 32 23 36 41 17 20 35 17 25 12 24 28 21 47 67 26 33 27 64 22
internal_value=3.916e-11 0.000333231 0.0164734 -0.00909211 0.0306529 0.00969386 0.000209943 -0.00563921 -0.00333327 -0.0143879 -0.0279294 0.00460908 -0.00261615 -0.00771259 0.0220401 0.00820992 0.00281461 -0.00692633 -0.0223656 0.000473495 0.0342805 -0.0250036 -0.0415028 0.000656869 -0.00914912 -0.0122177 -0.0249104 -0.0187785 -0.00944231 -0.0212525
internal_weight=2065.88 1952.43 14.8007 5.28031 9.52042 5.35067 1937.63 83.5416 80.7302 33.7521 17.7635 46.9781 33.2117 29.4211 13.7664 9.73769 22.4324 16.362 11.4485 1854.09 5.45548 4.28221 6.98871 15.9886 11.6638 9.28436 6.75356 14.576 11.0542 8.35411
internal_count=26623 17064 136 56 80 49 16928 709 682 309 169 373 257 234 116 89 172 137 101 16219 44 45 62 140 93 76 59 145 113 86
is_linear=0
shrinkage=0.05


Tree=107
num_leaves=31
num_cat=0
split_feature=6 6 10 5 0 9 1 14 15 0 11 9 6 6 11 15 9 15 9 21 1 11 14 9 9 21 0 18 15 0
split_gain=1.53704 1.06306 1.37108 1.9328 1.51666 3.0395 2.78955 2.30329 2.14267 1.92231 2.1159 2.00775 1.81732 2.00518 1.76919 1.71893 1.66181 1.50726 1.75037 1.40699 2.42254 2.31036 2.08503 2.71556 2.23954 2.07918 2.01296 1.7844 1.69032 2.08408
threshold=178.95000000000002 20.050000000000004 4.5000000000000009 51.500000000000007 6.5000000000000009 9.1000000000000014 8.5000000000000018 1147.0000000000002 -10.499999999999998 3.5000000000000004 16.500000000000004 2.7750000000000004 23.150000000000002 34.45000000000001 9.5000000000000018 -4.4999999999999991 9.2916666666666696 -9.4999999999999982 7.1000000000000005 10.500000000000002 6.5000000000000009 2.5000000000000004 409.50000000000006 4.9000000000000012 5.5500000000000007 13.500000000000002 7.5000000000000009 875.00000000000011 6.5000000000000009 8.5000000000000018
decision_type=2 2 10 8 2 10 10 10 8 2 8 10 2 2 10 10 8 8 10 2 8 10 8 8 10 2 2 10 10 2
left_child=1 -1 3 -3 9 6 7 8 -6 11 -11 -5 -8 -14 -7 -15 -13 18 -4 22 21 25 24 26 -10 -21 -24 -23 29 -29
right_child=-2 2 17 4 5 14 12 -9 19 10 -12 16 13 15 -16 -17 -18 -19 -20 20 -22 27 23 -25 -26 -27 -28 28 -30 -31
leaf_value=0.00047232826231949528 -0.026430452121203058 -0.03959314355169187 0.034899274849967667 -0.040481808917304851 -0.05170813119052247 0.078753305859601164 0.085044388115160033 0.10282422920331753 -0.024497593121360767 -0.017877847413292413 0.032894517719254855 0.0017645309889302724 -0.044433660926859637 0.1524592118329835 -0.010039754189116925 0.018102794770890558 -0.066094980158246663 0.0059233357987915165 -0.062732257353608642 -0.034091142273263458 -0.031734104955167049 0.089139619767109324 0.035344733155213824 -0.027315053392770707 0.10440505633688735 0.058586669470880121 -0.011927499681893486 0.036350663850406313 -0.027702179843457603 0.0052533974052940569
leaf_weight=1827.6998299348634 5.4860532003513063 3.9993362451205021 0.63575557898730073 3.1687307241372755 2.2791876457631588 1.9326607543043786 1.4601777419447892 0.50767212547361751 0.59225946362130588 45.934575891820714 2.1479699162300667 49.952446309442166 0.89209246169775758 0.32626098755281452 0.79042757675051678 0.88055636291392092 0.91878974949940939 48.847556605120189 1.6519826641306279 4.4949440907221314 4.1606562335509798 0.78475460875779646 3.7196805290877837 15.479422453558071 0.78168518259190023 0.69932881370186795 5.7072915791068226 8.5270702696871066 2.3617207407951346 14.634592499118297
leaf_count=14212 1750 178 38 133 115 37 11 6 28 2109 76 2083 30 16 55 58 60 2881 137 175 219 31 103 725 23 19 210 319 135 651
internal_value=-5.78959e-11 7.05257e-05 -0.00314661 -0.00522864 -0.00443483 0.00117713 -0.000888523 -0.00325813 -0.0040967 -0.0083372 -0.0156097 -0.00186641 0.0422083 0.0124079 0.0529795 0.0544258 0.000538915 0.00406559 -0.0356007 -0.00234485 0.00412395 0.00885988 -0.0111232 -0.014431 0.0488396 -0.0216135 0.00672511 0.0148765 0.0125932 0.016702
internal_weight=2061.46 2055.97 228.27 177.134 173.135 71.0124 68.2894 64.7303 64.2226 102.123 48.0825 54.04 3.55909 2.09891 2.72309 1.20682 50.8712 51.1353 2.28774 61.9434 35.6631 31.5024 26.2803 24.9064 1.37394 5.19427 9.42697 26.3081 25.5234 23.1617
internal_count=26623 24873 10661 7605 7427 2966 2874 2759 2753 4461 2185 2276 115 104 92 74 2143 3056 175 2638 1549 1330 1089 1038 51 194 313 1136 1105 970
is_linear=0
shrinkage=0.05


Tree=108
num_leaves=31
num_cat=0
split_feature=6 0 4 5 9 21 9 15 11 2 15 6 10 6 6 7 9 6 9 15 15 14 9 14 15 21 2 12 21 14
split_gain=1.44064 1.11323 2.88013 3.70879 3.60569 4.48955 3.29304 3.25213 2.38735 3.72732 2.96685 3.45567 3.20898 2.95641 3.443 4.35791 3.43512 3.54155 2.49965 2.42855 2.36619 4.77792 5.16516 3.38733 3.43521 3.88061 2.99305 2.535 2.92814 2.34952
threshold=82.850000000000009 7.5000000000000009 1.0000000180025095e-35 465.00000000000006 6.7083333333333348 9.5000000000000018 4.4500000000000011 -7.4999999999999991 2.5000000000000004 1.0000000180025095e-35 -8.4999999999999982 3.6500000000000008 3.5000000000000004 5.0500000000000007 4.1500000000000012 0.2817460317460318 5.1000000000000005 9.5500000000000025 3.2250000000000005 -3.4999999999999996 4.5000000000000009 511.50000000000006 5.9000000000000012 518.50000000000011 -14.499999999999998 8.5000000000000018 1.0000000180025095e-35 1.0000000180025095e-35 10.500000000000002 491.50000000000006
decision_type=2 2 2 10 8 2 10 8 10 2 10 2 8 2 2 2 10 2 8 10 8 10 8 10 8 2 2 8 2 10
left_child=1 -1 3 20 5 6 -5 29 9 18 11 -10 13 14 15 -12 -15 -18 -7 -11 23 -22 27 -3 -25 -26 -27 -23 -29 -4
right_child=-2 2 7 4 -6 8 -8 -9 10 19 12 -13 -14 16 -16 -17 17 -19 -20 -21 21 22 -24 24 25 26 -28 28 -30 -31
leaf_value=-0.00061765224416040088 -0.011678615116094956 0.002070703238216399 0.014839487176413028 0.0050622986154230422 0.029249354514508816 0.044774269383320527 -0.061378815060733997 0.018313856927777639 -0.072740585442143069 0.0094085910874562775 -0.01781264358033929 0.0044471086542744679 -0.018642727846517583 0.023810057240014126 0.057095028159633167 0.037291024846623159 -0.045959453750855514 0.019285196280289702 -0.010186928874645184 -0.045938478673223787 -0.012730911948855667 0.072340384083816808 -0.030635177713746787 0.047878912149115826 0.037098201542718347 -0.067181202391572242 -0.019995080536431113 0.052628385543016236 -0.019982348763288485 -0.067807159598803582
leaf_weight=1420.7627642924199 26.071991812103079 347.6524720324669 1.519585785456002 3.3698541754856697 18.901007358217612 4.085006005363538 4.1759905349463224 40.25742369890213 1.984559692442416 2.8478156519122422 5.3409598581492963 5.3835284248925745 5.5028285514563313 13.509860124904664 9.4936370626091939 10.932378868106751 4.6667025052010995 3.7522425998467952 4.1913324976339945 6.5188212557695806 78.931863637873903 3.6545026856474534 3.6002226786222318 1.8398665608838198 2.3627289552241626 4.3652475383132705 14.603175120893866 2.9773360351100573 2.6017556777223945 1.9810042791068552
leaf_count=15260 4720 3845 25 29 207 20 53 407 11 31 22 72 53 146 26 43 36 92 46 79 992 25 59 7 12 51 183 19 29 23
internal_value=-7.24172e-11 0.000149862 0.00193456 0.000981109 0.00948103 0.00512398 -0.0317073 0.0142943 0.00867754 -0.00750806 0.0133924 -0.016343 0.0175108 0.0216819 0.0331658 0.0192058 0.00818805 -0.0168805 0.0169406 -0.0291109 -0.00094192 -0.00813046 0.0201637 0.000836988 -0.0176734 -0.0233274 -0.0308541 0.0399705 0.0187671 -0.0319307
internal_weight=2057.84 2031.77 611.004 567.246 104.657 85.7555 7.54584 43.758 78.2097 17.643 60.5667 7.36809 53.1986 47.6958 25.767 16.2733 21.9288 8.41895 8.27634 9.36664 462.589 91.7657 12.8338 370.823 23.171 21.3312 18.9684 9.23359 5.57909 3.50059
internal_count=26623 21903 6643 6188 966 759 82 455 677 176 501 83 418 365 91 65 274 128 66 110 5222 1124 132 4098 253 246 234 73 48 48
is_linear=0
shrinkage=0.05


Tree=109
num_leaves=31
num_cat=0
split_feature=6 15 15 21 5 11 5 21 21 14 6 15 5 14 11 20 11 6 14 9 14 6 14 18 1 18 21 6 6 14
split_gain=1.37275 1.05093 3.70341 5.04044 3.05484 3.03919 3.34628 3.17176 2.94276 4.07888 2.96654 2.95769 4.34209 6.27279 4.17548 5.38991 3.89058 3.26431 3.41283 3.92612 3.49159 3.24535 2.89859 3.03472 2.8454 3.7776 4.74654 5.57363 7.51769 4.18312
threshold=240.35000000000005 -1.0000000180025095e-35 1.5000000000000002 10.500000000000002 51.500000000000007 7.5000000000000009 682.50000000000011 11.500000000000002 11.500000000000002 528.50000000000011 43.550000000000004 5.5000000000000009 55.500000000000007 485.50000000000006 3.5000000000000004 1.0000000180025095e-35 2.5000000000000004 1.8500000000000003 438.50000000000006 3.1000000000000005 439.50000000000006 2.9500000000000006 515.50000000000011 1725.0000000000002 3.5000000000000004 1450.0000000000002 8.5000000000000018 2.6500000000000008 2.8500000000000001 524.50000000000011
decision_type=2 8 8 2 10 10 10 2 2 8 2 10 8 8 10 10 10 2 10 8 10 2 8 10 8 8 2 2 2 8
left_child=1 5 3 24 -5 6 -1 -7 10 11 -4 17 13 16 15 -14 -13 -10 19 -19 -20 -15 23 -9 -3 26 29 -28 -29 -26
right_child=-2 2 8 4 -6 7 -8 22 9 -11 -12 12 14 21 -16 -17 -18 18 20 -21 -22 -23 -24 -25 25 -27 27 28 -30 -31
leaf_value=0.0030502802293972961 -0.033754168427673689 -0.0025799752380787338 0.0027100683236540649 -0.037314111240946884 0.0033448862312316892 -0.010122649956550879 -0.034896094346623753 0.0044356708414200656 0.036836588678953404 -0.038424761536118991 -0.018652181370285733 -0.046496193560043302 0.04222984778723516 -0.10190003626046398 -0.012698679604143503 -0.036173444665875985 -0.0044749343613695401 -0.072845746490193528 -0.079461311667078594 0.023605646344980056 -0.0031678221067176528 -0.035645510628570208 0.046342673238684996 -0.060748048299296843 0.0015840082211378476 -0.031383957194454346 -0.048278520271748136 0.067940680993303193 -0.015465773943924902 0.07252646342308236
leaf_weight=707.63850662577897 3.0077297873795024 58.809386962442659 681.79844545852393 4.8033731472678474 120.82506534844288 101.55437856219942 5.8579059937037519 43.376106879266445 6.3170497561804941 8.5952681072521937 16.648437456053216 6.7489712769165626 10.113309401087465 3.0476306527853003 16.554008625796996 2.7986757773905984 29.963451103074476 1.1166145526804054 1.5268614371307183 19.146401697769761 84.122420944040641 4.6966646872460842 3.9639173792675129 1.8622465803055082 20.328548129182312 29.852135587541852 12.140368286520241 2.8883767127990714 41.784128856612369 2.3144953576847902
leaf_count=7483 1027 653 6258 88 1619 2166 73 995 69 141 1766 85 84 19 298 34 473 15 16 324 1270 114 62 63 252 392 69 7 692 16
internal_value=-5.04214e-11 4.94948e-05 -0.000916245 -0.00578641 0.0017903 0.00137581 0.00273874 -0.00507458 0.000685413 -0.00474966 0.00220087 -0.00319477 -0.0109604 -0.020826 0.00392424 0.0252359 -0.0121998 0.00192026 -0.000162292 0.0182906 -0.0045279 -0.0617188 0.00534473 0.00175237 -0.0114482 -0.0162195 -0.0105221 -0.0182371 -0.010073 0.00883551
internal_weight=2054.2 2051.19 1186.94 293.746 125.628 864.253 713.496 150.757 893.194 194.747 698.447 186.152 73.9227 44.4567 29.466 12.912 36.7124 112.229 105.912 20.263 85.6493 7.7443 49.2023 45.2384 168.117 109.308 79.4559 56.8129 44.6725 22.643
internal_count=26623 25596 14754 3788 1707 10842 7556 3286 10966 2942 8024 2801 1107 691 416 118 558 1694 1625 339 1286 133 1120 1058 2081 1428 1036 768 699 268
is_linear=0
shrinkage=0.05


Tree=110
num_leaves=31
num_cat=0
split_feature=15 15 6 2 15 14 11 14 5 11 1 21 14 6 5 10 6 15 5 9 14 6 11 15 21 9 9 14 0 0
split_gain=1.33054 4.2479 1.31892 1.06995 3.16839 2.88001 2.43163 3.52532 3.96025 3.03307 3.12988 2.6805 2.93934 2.52698 2.51168 2.51161 5.34868 4.35983 4.39999 3.88988 2.65607 3.13912 2.37887 2.29486 2.20566 2.55757 2.43981 2.31316 2.23393 3.20343
threshold=44.500000000000007 41.500000000000007 178.95000000000002 1.0000000180025095e-35 18.500000000000004 899.50000000000011 6.5000000000000009 979.50000000000011 595.00000000000011 4.5000000000000009 4.5000000000000009 12.500000000000002 446.50000000000006 5.7500000000000009 53.250000000000007 1.5000000000000002 1.6500000000000001 8.5000000000000018 55.500000000000007 3.6333333333333337 973.50000000000011 7.1500000000000012 9.5000000000000018 7.5000000000000009 8.5000000000000018 7.366666666666668 4.366666666666668 476.50000000000006 2.5000000000000004 7.5000000000000009
decision_type=10 10 2 2 10 8 10 8 8 8 10 2 10 2 10 10 2 10 10 8 10 2 10 10 2 10 10 10 2 2
left_child=1 2 3 6 -5 -6 7 -1 -9 -10 -11 15 22 -14 -15 16 -8 18 24 -20 -17 -22 -13 -23 27 26 -26 -18 -28 -30
right_child=-2 -3 -4 4 5 -7 11 8 9 10 -12 12 13 14 -16 20 17 -19 19 -21 21 23 -24 -25 25 -27 28 -29 29 -31
leaf_value=0.001636941650613907 -0.047412014170471854 0.083018734419073204 -0.025473439390609448 -0.00083785149161698055 -0.043804602149958606 0.0018814792219997954 -0.082728938359499515 0.030468368305797518 0.011159972299640039 -0.082239401502112827 -0.0036118372298244508 0.011680208151780775 0.062048104458282662 0.044271376736621897 -0.017691556386085914 -7.7326929997743811e-05 -0.017822534615406577 0.021538441036450806 0.059498681045963266 -0.0046809828087731381 -0.07353923869236316 -0.035493523998712563 -0.075288511771721855 0.040171138242446634 -0.042720564610398443 -0.077134252583610674 0.016059251544514267 0.04875043339092814 -0.040918317678440883 0.0032127532539292913
leaf_weight=776.02337191603146 1.4786918624304224 1.5409662425518025 5.0800671849865457 935.30878669099184 8.2318198077846283 5.9378747201990345 2.6036920063197604 23.169639852480032 19.308498256374154 1.9267311766743649 3.6888567022979259 1.9709478812292212 4.0759833008050901 3.1315736023243517 3.4232616359367967 182.89042921835789 3.6957095162942997 9.5574637784156931 3.0317765134386692 10.669651676435024 2.7166454941034308 2.435769536299631 1.3081817172933368 1.7025368753820656 11.549574134405701 2.4451443245634428 4.7428771392442313 2.0169161795638502 9.9904147417983058 6.9887262005358926
leaf_count=7939 11 5 1750 11279 117 86 14 142 149 19 39 46 16 81 133 3677 61 123 19 156 18 63 40 30 132 66 77 24 184 127
internal_value=-3.99226e-11 3.41795e-05 -2.82107e-05 3.50129e-05 -0.00119336 -0.0246596 0.00110008 0.00245105 0.0155872 0.00175355 -0.0305893 -0.00300906 0.0183691 0.0311343 0.0119112 -0.00416597 -0.0124655 -0.00963739 -0.015042 0.00952034 -0.0012226 -0.0317787 -0.0230152 -0.00436439 -0.0231652 -0.0277791 -0.024152 0.00568191 -0.0142791 -0.0227537
internal_weight=2052.64 2051.16 2049.62 2044.54 949.478 14.1697 1095.06 824.117 48.0937 24.9241 5.61559 270.947 13.9099 10.6308 6.55484 257.037 67.2919 64.6883 55.1308 13.7014 189.745 6.85495 3.27913 4.13831 41.4294 35.7167 33.2716 5.71263 21.722 16.9791
internal_count=26623 26612 26607 24857 11482 203 13375 8288 349 207 58 5087 316 230 214 4771 983 969 846 175 3788 111 86 93 671 586 520 85 388 311
is_linear=0
shrinkage=0.05


Tree=111
num_leaves=31
num_cat=0
split_feature=6 15 14 12 21 14 14 9 6 6 1 18 9 11 14 14 12 0 5 21 0 1 14 15 14 14 1 0 7 9
split_gain=1.22253 1.09538 2.93012 2.15568 2.80302 2.05293 5.5811 6.00766 5.41952 4.57512 4.13651 3.1052 2.48725 4.45535 4.71059 3.35039 2.8642 2.74856 2.69184 2.624 4.57513 5.75816 4.28201 3.15858 2.41807 2.65227 2.33002 5.00164 2.98214 2.86973
threshold=178.95000000000002 -2.4999999999999996 495.50000000000006 0.45000000000000007 12.500000000000002 450.50000000000006 446.50000000000006 8.7750000000000021 3.4500000000000006 3.7500000000000004 6.5000000000000009 875.00000000000011 6.366666666666668 5.5000000000000009 491.50000000000006 472.50000000000006 0.77500000000000013 2.5000000000000004 52.500000000000007 10.500000000000002 10.500000000000002 8.5000000000000018 481.50000000000006 -12.499999999999998 492.50000000000006 459.50000000000006 4.5000000000000009 8.5000000000000018 0.14185110663983905 5.366666666666668
decision_type=2 8 10 10 2 10 10 10 2 2 10 8 10 10 10 10 8 2 8 2 2 8 8 10 8 10 10 2 2 8
left_child=1 2 5 -3 -5 6 7 10 -8 -10 11 -1 16 14 -14 -15 17 -7 -17 24 21 23 -22 -21 25 -19 27 29 -28 -25
right_child=-2 3 -4 4 -6 12 8 -9 9 -11 -12 -13 13 15 -16 18 -18 19 -20 20 22 -23 -24 26 -26 -27 28 -29 -30 -31
leaf_value=-0.036141977728807721 -0.024754191190611813 -0.00024319679450195681 -0.0030602817603187773 -0.01277734484041048 0.020270052833960869 0.015256159678763571 -0.079419977855347004 -0.038245349777690132 0.073959427967607044 -0.024045440216608024 -0.041043538482193914 0.010108951950939212 0.033513005097184551 -0.012624120617631983 -0.029086811608468335 0.096160558682947317 0.046210243782723703 0.025627894267931984 0.013017283357845072 0.039727394175896179 0.03080549759658829 0.049324603682598701 -0.036342203896742871 0.0059449940161966988 0.037801133203042778 -0.00060306140582112367 -0.011192011766329035 -0.047418220636559816 -0.052516943625006987 -0.037702390952844389
leaf_weight=3.7725019527133545 4.9756087063287842 1394.8316242409055 196.85339309205301 61.402482610894367 7.1651463052257887 36.71926728496328 4.0192920565605155 8.1897174057667126 1.3744646348059166 8.9126467024907452 4.4279674035497001 95.413927812129259 31.871653145644814 18.069064846262336 3.3180284616537383 1.0310543342493499 3.9245333978906265 11.683734634425489 17.439088310813531 2.329240842955179 12.163140088086944 3.4583712352905414 2.9501042841002354 21.599106132052849 5.744372928980737 55.003956327447668 7.7489359716419157 7.7407021147664627 9.9986146818846446 4.5611000335775307
leaf_count=53 1750 17068 2270 602 60 353 25 220 6 183 105 1310 312 475 34 18 35 110 351 21 105 40 34 183 39 485 165 91 61 59
internal_value=-4.23528e-11 6.02662e-05 0.00189846 -0.000668677 -0.00932397 0.00444405 -0.000782131 0.00298049 -0.0301869 -0.010951 0.00623899 0.00834982 0.00700502 0.0149125 0.0276105 0.00268343 0.00394944 0.00303666 0.0176586 -5.8164e-05 -0.00677932 -0.0132202 0.0176983 -0.0172274 0.00667388 0.00399262 -0.019796 -0.012112 -0.0344737 -0.00166504
internal_weight=2048.69 2043.72 580.318 1463.4 68.5676 383.465 126.111 111.804 14.3064 10.2871 103.614 99.1864 257.354 71.7289 35.1897 36.5392 185.625 181.701 18.4701 144.981 72.5493 57.4361 15.1132 53.9777 72.4321 66.6877 51.6485 33.9009 17.7476 26.1602
internal_count=26623 24873 7143 17730 662 4873 1902 1688 214 189 1468 1363 2971 1190 346 844 1781 1746 369 1393 759 620 139 580 634 595 559 333 226 242
is_linear=0
shrinkage=0.05


Tree=112
num_leaves=31
num_cat=0
split_feature=0 6 13 9 10 9 0 18 15 1 11 20 14 11 9 0 18 18 18 9 0 15 14 15 11 14 9 0 14 14
split_gain=1.28211 2.51953 3.9917 4.22873 2.75914 3.28718 4.61484 3.58967 2.87382 2.69618 3.7262 7.5423 5.30353 4.52091 5.36582 4.06057 3.4837 3.46053 9.84537 3.01153 3.57282 6.58172 2.80482 2.74715 2.48399 3.48429 3.79496 2.80632 3.03399 2.72914
threshold=8.5000000000000018 3.7500000000000004 1.5000000000000002 5.9000000000000012 1.5000000000000002 2.2916666666666674 5.5000000000000009 1265.0000000000002 13.500000000000002 4.5000000000000009 1.5000000000000002 1.0000000180025095e-35 453.50000000000006 4.5000000000000009 5.9000000000000012 5.5000000000000009 1050.0000000000002 1350.0000000000002 910.00000000000011 3.9000000000000004 2.5000000000000004 1.5000000000000002 477.50000000000006 8.5000000000000018 2.5000000000000004 1066.5000000000002 4.9000000000000012 6.5000000000000009 1079.5000000000002 458.50000000000006
decision_type=2 2 2 10 8 10 2 10 10 10 10 8 10 10 8 2 8 10 8 10 2 8 10 8 10 10 10 2 8 8
left_child=1 4 3 -3 5 6 -1 -8 9 10 11 15 -13 -12 17 16 -7 18 -15 -14 -21 -22 -17 -11 29 -26 -27 28 -28 -4
right_child=-2 2 24 -5 -6 8 7 -9 -10 23 13 12 19 14 -16 22 -18 -19 -20 20 21 -23 -24 -25 25 26 27 -29 -30 -31
leaf_value=0.019253041634680012 0.0024384052014512318 -0.0094855591467037387 0.0020481623480994812 -0.048731289253766512 0.0052939036585007496 0.04790363254639568 0.020540810686948269 -0.021025582497997394 0.025034666775301057 0.004863022575873413 -0.026128004375558414 0.025894688530128298 -0.052861419410947109 0.02373566530684312 -0.044256140301432663 0.016219487887026453 -0.012267447627860355 0.019439141874484867 -0.061528996831524685 0.038841359455133839 -0.094997340847076325 0.01383577682864051 0.062619601052680315 -0.039460127922207835 0.00053487075157009458 -0.045080421628955224 -0.051209028692441955 -0.041150610652478443 0.017572960645902771 -0.010255839971296768
leaf_weight=38.372192440088838 426.57232208590722 48.596493137185462 66.743984654545784 7.9927014019340268 303.01119171595201 3.0486174612306067 7.4408161696046617 17.202104256954044 7.8810328952968112 63.894141071941704 48.655259754974395 4.8243597298860577 9.2580142207443732 7.7015915177762482 6.6079615317285052 6.659065558575092 11.402907229028642 18.338271865621209 6.041328690946103 2.4821642534807307 2.4425638252869222 3.2211807416752007 6.3747982457280159 3.6982696596533051 751.45945714958361 8.7028251020237821 1.8862643640022732 3.9306380933849132 10.686004046816379 138.77592335321242
leaf_count=267 5726 779 804 190 1508 13 51 113 40 370 267 25 45 27 35 42 91 86 34 17 27 23 28 21 13935 114 43 69 181 1652
internal_value=-2.14579e-11 -0.000643131 -0.00211593 -0.0150287 0.00200121 -0.00161968 0.00840969 -0.0084748 -0.00459336 -0.00573433 -0.00976461 0.00116314 -0.0204931 -0.0159843 -0.0032277 0.0186772 0.000425926 0.00522318 -0.0137463 -0.0333517 -0.0111785 -0.0330999 0.0389136 0.00243791 -0.00137195 -7.84772e-05 -0.0183642 -0.00427544 0.00725334 -0.00626003
internal_weight=2043.9 1617.33 1038.77 56.5892 578.558 275.547 63.0151 24.6429 212.532 204.65 137.058 49.7137 22.2283 87.3444 38.6892 27.4854 14.4515 32.0812 13.7429 17.4039 8.14591 5.66374 13.0339 67.5924 982.185 776.665 25.2057 16.5029 12.5723 205.52
internal_count=26623 20897 17767 969 3130 1622 431 164 1191 1151 760 311 137 449 182 174 104 147 61 112 67 50 70 391 16798 14342 407 293 224 2456
is_linear=0
shrinkage=0.05


Tree=113
num_leaves=31
num_cat=0
split_feature=0 15 20 0 15 14 6 5 0 15 7 1 14 21 14 11 6 11 14 6 15 9 15 9 9 21 0 9 7 0
split_gain=1.43544 3.36331 3.57738 3.03378 2.19554 2.55468 1.39559 1.68476 1.56542 1.21115 1.20278 1.11866 1.25026 2.13721 1.94265 6.26095 4.8369 4.03438 4.03408 4.81881 3.85831 3.68958 3.66328 3.74971 3.68958 3.44444 3.42969 3.06432 3.05774 2.91643
threshold=12.500000000000002 -9.4999999999999982 2.5000000000000004 13.500000000000002 2.5000000000000004 469.50000000000006 64.850000000000009 51.500000000000007 9.5000000000000018 1.0000000180025095e-35 0.011689074711701374 9.5000000000000018 463.50000000000006 15.500000000000002 468.50000000000006 1.5000000000000002 2.0500000000000003 4.5000000000000009 467.50000000000006 4.5500000000000007 6.5000000000000009 3.2250000000000005 -1.0000000180025095e-35 5.6333333333333337 4.2250000000000005 12.500000000000002 1.5000000000000002 7.9000000000000012 0.24695121951219515 3.5000000000000004
decision_type=2 10 10 2 8 10 2 8 2 8 2 10 8 2 8 10 2 10 8 2 8 8 10 8 8 2 2 8 2 2
left_child=6 -2 3 4 5 -3 11 8 9 10 -8 12 13 -1 15 28 -17 22 19 -19 21 -21 23 24 -18 -23 -24 -16 -14 -30
right_child=1 2 -4 -5 -6 -7 7 -9 -10 -11 -12 -13 14 -15 27 16 17 18 -20 20 -22 25 26 -25 -26 -27 -28 -29 29 -31
leaf_value=0.0014801735729529212 0.080803309645342755 -0.063598709619055463 0.047275629599643203 -0.051037758712114016 0.044598459759318747 0.01756821121379034 -0.001034012081002379 -0.012249899299040724 0.15970208137113123 -0.03792533954689592 0.14077988016536289 0.013748964244716822 -0.063330405134810835 0.041269072348892981 -0.0013871437807523746 -0.041785448384170892 0.028186016903199745 0.026636848119900663 -0.040489258514328101 0.048346164982149137 0.042987587416840785 -0.04127202837594246 0.053795227689095927 0.05969125064211829 -0.029670386529735734 0.041702071116186692 -0.011472994502605943 0.0061574102126844181 -0.054756480486852971 0.0028041793922941195
leaf_weight=684.13721590174828 1.7338773608207692 1.5769373133080078 3.9143396925646803 3.0111694413935766 2.6672476530075055 2.5164326198864728 0.30952529737260093 33.437921912147431 0.24308361404109735 0.50039094418752927 0.28922594501636922 14.80854292353615 6.3639790490269652 3.3916540718637398 1033.1090700206114 7.0633850060403338 10.605089852586389 9.981494318693878 8.5562200169078988 1.5317215994000442 2.3677068087272337 12.992602612823246 2.2960683703422573 6.2017086241394273 3.7229415993206212 1.3839932568371303 16.312154886312783 154.74795323330909 3.4925055601634067 5.9490300323814154
leaf_count=7615 6 25 49 72 28 27 45 5611 26 70 14 185 102 35 9987 55 65 44 101 12 45 271 16 44 29 18 156 1804 23 43
internal_value=-1.85426e-11 0.0151975 0.006886 -0.0092931 0.00929992 -0.0137007 -0.000115795 -0.0100451 0.0448811 0.0194876 0.067469 5.783e-05 -4.48673e-05 0.00167646 -0.000964647 -0.00770047 -0.00220896 0.00147159 -0.0104103 -0.00130249 -0.0165616 -0.0254246 0.0126478 0.0272113 0.0131528 -0.0332844 -0.00341955 -0.000404278 -0.0365435 -0.018488
internal_weight=2039.22 15.42 13.6861 9.77179 6.76062 4.09337 2023.8 34.7801 1.34223 1.09914 0.598751 1989.02 1974.21 687.529 1286.68 98.8206 83.0151 75.9517 36.8137 28.2575 18.276 15.9083 39.138 20.5297 14.328 14.3766 18.6082 1187.86 15.8055 9.44154
internal_count=26623 207 201 152 80 52 26416 5766 155 129 59 20650 20465 7650 12815 1024 856 801 491 390 346 301 310 138 94 289 172 11791 168 66
is_linear=0
shrinkage=0.05


Tree=114
num_leaves=31
num_cat=0
split_feature=6 14 6 21 14 10 20 6 14 11 6 7 15 0 6 6 15 2 14 9 14 1 14 11 15 4 6 15 10 14
split_gain=1.11463 1.02759 2.66364 2.24775 3.11925 5.14878 3.45786 4.48974 4.53943 3.83229 3.31551 3.98684 3.90036 3.13068 2.89729 4.68131 3.16113 2.78806 3.67392 4.74549 2.76135 2.55984 3.14497 2.63582 3.97048 3.53759 3.39526 3.09107 3.17939 2.99811
threshold=178.95000000000002 483.50000000000006 23.550000000000004 8.5000000000000018 487.50000000000006 2.5000000000000004 2.5000000000000004 3.5500000000000003 501.50000000000006 2.5000000000000004 1.9500000000000002 0.15038444142921756 1.0000000180025095e-35 5.5000000000000009 11.550000000000002 5.6500000000000012 1.5000000000000002 1.0000000180025095e-35 488.50000000000006 5.7750000000000012 521.50000000000011 7.5000000000000009 515.50000000000011 3.5000000000000004 -2.4999999999999996 1.0000000180025095e-35 5.4500000000000011 -3.4999999999999996 2.5000000000000004 498.50000000000006
decision_type=2 8 2 2 8 8 10 2 8 8 2 2 10 2 2 2 10 2 10 10 10 8 10 10 8 2 2 8 10 10
left_child=1 -1 3 21 5 10 17 8 13 -9 -5 -12 -13 -8 15 16 -7 18 19 -6 -10 23 -23 27 26 -26 -25 -3 -29 -28
right_child=-2 2 -4 4 6 14 7 9 20 -11 11 12 -14 -15 -16 -17 -18 -19 -20 -21 -22 22 -24 24 25 -27 29 28 -30 -31
leaf_value=0.0010690861544017545 -0.024026510356260314 -0.027907541461173996 -0.011760551516255499 0.013981952474417417 -0.0035728487159910789 -0.03897500352368035 -0.05063532687783278 -0.059508773427355638 0.037734741034823535 -0.016065860201523497 -0.0028866794064135617 -0.01732706386114689 -0.060628802028543843 0.012319452410319075 -0.033179726988817944 0.056623183099595277 0.023656259874750264 -0.0022176606930238148 0.0034591381515158312 0.074630011331741922 -0.007879594464453089 -0.051684081047311176 0.013218486056449735 0.057215034552382443 0.012264896871929352 -0.049492735917002276 0.044239672456005685 0.0094976717099429283 -0.043936412047575646 -0.03328976541982253
leaf_weight=1122.3489201980119 4.815716616169083 7.9603725653141737 55.954382145311683 4.9416748452931634 3.6215204447507849 3.5888311052694934 4.8788664843887108 6.2773270551115266 9.2828005440533143 26.536054451018572 9.3155010528862494 9.0836926158517617 12.164488283917306 3.3176599312573671 3.1857616547495118 5.2658624351024619 4.5930336378514767 386.13230983866379 245.5996581306681 4.1776669770479202 5.1633632481098166 4.0568841639906159 3.457074835896492 9.1916186511516553 29.432475194334987 2.5171246752142897 2.5269080679863682 41.565719186794013 2.9836879279464474 2.4618027452379465
leaf_count=14702 1750 63 3329 36 34 24 29 82 46 306 128 52 73 22 60 38 22 3186 1824 24 40 52 35 37 231 21 30 296 18 33
internal_value=6.93525e-11 5.69531e-05 -0.00119241 -0.0004994 -0.00146672 -0.0132619 -0.000581824 -0.0125586 0.00456782 -0.0243767 -0.0240163 -0.0301601 -0.0421171 -0.0251535 0.00969409 0.0198509 -0.00381584 0.00045673 0.004532 0.0383168 0.0214312 0.00630872 -0.0218233 0.0084517 0.017172 0.00739937 0.0391906 0.000790911 0.00591893 0.00598085
internal_weight=2036.4 2031.58 909.234 853.28 747.126 52.1388 694.987 55.4561 22.6427 32.8134 35.5054 30.5637 21.2482 8.19653 16.6335 13.4477 8.18186 639.531 253.399 7.79919 14.4462 106.154 7.51396 98.6397 46.1299 31.9496 14.1803 52.5098 44.5494 4.98871
internal_count=26623 24873 10171 6842 6026 433 5593 525 137 388 289 253 125 51 144 84 46 5068 1882 58 86 816 87 729 352 252 100 377 314 63
is_linear=0
shrinkage=0.05


Tree=115
num_leaves=31
num_cat=0
split_feature=6 1 15 5 6 6 0 20 0 14 7 11 18 9 0 11 18 14 6 15 5 9 9 14 18 15 0 14 11 7
split_gain=1.09786 2.02266 1.65347 1.6697 1.33244 1.86932 1.73435 2.23257 1.78328 1.46594 1.48975 1.3152 1.26335 1.37939 2.04989 1.56457 1.2308 1.15942 1.14892 1.12724 1.21253 1.04306 3.86063 3.21393 2.7944 2.18254 2.09667 5.69146 3.37493 3.34528
threshold=39.250000000000007 3.5000000000000004 3.5000000000000004 50.500000000000007 51.650000000000013 44.150000000000013 11.500000000000002 2.5000000000000004 12.500000000000002 447.50000000000006 0.006646727221319009 5.5000000000000009 1775.0000000000002 6.4500000000000011 7.5000000000000009 3.5000000000000004 1150.0000000000002 414.50000000000006 48.050000000000004 2.5000000000000004 615.00000000000011 8.1000000000000014 8.3666666666666689 942.50000000000011 875.00000000000011 -14.499999999999998 2.5000000000000004 501.50000000000006 9.5000000000000018 0.10811126694717159
decision_type=2 8 8 8 2 2 2 10 2 10 2 8 10 8 2 10 10 10 2 10 8 10 10 10 10 10 2 8 10 2
left_child=21 11 4 -4 5 19 9 8 -8 10 -6 -2 13 15 -15 -7 -17 -12 -18 20 -3 -1 24 25 -23 -24 27 28 29 -27
right_child=1 2 3 -5 6 12 7 -9 -10 -11 17 -13 -14 14 -16 16 18 -19 -20 -21 -22 22 23 -25 -26 26 -28 -29 -30 -31
leaf_value=-0.00013979203002188655 -0.035619709295500714 -0.018172636106380646 0.12477639657411908 -0.018553498948015348 -0.046233985477383908 -0.013595394613465889 -0.062028934192862518 0.17275688951296231 0.10103140163492515 -0.012650522729853895 -0.036343545785340894 -0.010276993570414367 0.10222516215400464 -0.030828069638013191 0.052908126173201668 -0.0082135239339750244 0.084118972322163144 0.029723421140916306 0.022571337435109917 0.062884434599789124 0.049047929121609157 -0.020921982579689666 -0.047186882556437028 0.034490211661998914 0.030868261250868601 0.018177531653215003 0.0030102837081961683 -0.069934484675960432 0.021650320748708887 -0.036294436483296631
leaf_weight=1763.23118075612 7.145605425466786 5.5375090499874196 0.20655622170306465 12.473117549961898 0.90899385791272536 1.0458089867606712 0.37255513737909396 0.31337603589054197 0.30489504267461598 18.195198537025135 0.75067389453761268 18.054813398455735 0.577372853644193 2.0114192622713758 1.1480293376371262 0.66058484558016051 2.5702472995035355 5.7557585721369833 1.0755343087948857 0.57877200189977873 0.76332778809592117 3.0275236042216447 2.4416555939242235 6.9376524430699638 18.642785520292819 4.140076154842979 130.14990604529157 3.7103696484118691 8.4851390467956644 8.8300164453685266
leaf_count=16160 665 256 11 1337 329 56 68 21 21 2509 89 2153 20 109 45 40 71 502 52 25 28 30 37 69 175 85 1433 53 97 77
internal_value=7.30792e-11 -0.005724 -0.000369656 -0.0162186 0.00435102 0.0157683 -0.00250264 0.0624051 0.0113584 -0.0050138 0.0137244 -0.0174629 0.0306517 0.0257966 -0.000401365 0.0412615 0.0545836 0.022101 0.0659619 -0.00389495 -0.0100291 0.000236201 0.00379354 0.00118312 0.0236327 -0.000281616 0.000455764 -0.0127555 -0.00286728 -0.0189069
internal_weight=2030.05 80.4501 55.2497 12.6797 42.5701 15.9686 26.6015 0.990826 0.67745 25.6106 7.41543 25.2004 9.089 8.51162 3.15945 5.35218 4.30637 6.50643 3.64578 6.87961 6.30084 1949.6 186.365 164.695 21.6703 157.757 155.316 25.1656 21.4552 12.9701
internal_count=26623 8407 5589 1348 4241 702 3539 110 89 3429 920 2818 393 373 154 219 163 591 123 309 284 18216 2056 1851 205 1782 1745 312 259 162
is_linear=0
shrinkage=0.05


Tree=116
num_leaves=31
num_cat=0
split_feature=6 6 14 14 13 14 6 14 18 0 11 0 20 21 9 12 7 15 9 11 21 1 5 14 15 0 9 6 20 0
split_gain=1.01703 0.909131 3.44536 3.75695 3.11795 3.95665 3.64893 3.9884 4.87649 2.80156 2.68204 2.7069 2.4148 2.31883 3.40342 2.79592 2.58379 2.21884 4.66718 3.00632 2.19879 2.05213 2.05009 4.25368 2.11412 1.97669 1.90842 1.90538 4.44061 5.0944
threshold=178.95000000000002 2.1500000000000008 954.50000000000011 532.50000000000011 1.5000000000000002 514.50000000000011 1.9500000000000002 498.50000000000006 1775.0000000000002 2.5000000000000004 2.5000000000000004 7.5000000000000009 1.5000000000000002 11.500000000000002 7.366666666666668 0.55000000000000016 0.57189542483660138 -1.4999999999999998 8.1000000000000014 6.5000000000000009 9.5000000000000018 3.5000000000000004 56.750000000000007 451.50000000000006 11.500000000000002 6.5000000000000009 3.1000000000000005 4.0500000000000007 1.0000000180025095e-35 9.5000000000000018
decision_type=2 2 8 10 2 10 2 10 8 2 10 2 8 2 10 8 2 10 8 8 2 10 10 10 8 2 8 2 8 2
left_child=1 2 3 4 25 6 7 13 9 -9 12 -12 -8 15 -15 17 -16 18 19 -6 -5 -17 23 -19 -25 -1 -27 28 -3 -30
right_child=-2 27 -4 20 5 -7 10 8 -10 -11 11 -13 -14 14 16 21 -18 22 -20 -21 -22 -23 -24 24 -26 26 -28 -29 29 -31
leaf_value=0.025561937830476555 -0.023619386030161692 0.0070258195500772988 0.023460257117997478 -0.007945036989943359 -0.012260583801911395 0.019984451963812471 -0.016199557909799541 0.0096354676378834735 0.040675418144333855 -0.045231241552328799 -0.047443036643008696 -0.0087995819090548183 0.024969776848647214 0.026465860878281278 -0.057497259689417213 0.015971039529798749 0.017409674145270695 0.026076902683020292 0.042012338156444375 -0.066317612911799481 -0.051059469789726752 -0.045446127910207239 0.031484649291472613 -0.020598012320797741 0.03209764725448197 0.022024433043162931 -0.034522287838726934 -0.00069697680713459156 0.00062839592258452604 -0.020929524077069828
leaf_weight=14.427848962135615 4.5473577753582495 298.2825375739485 11.541093924082814 5.3445797776803357 16.959639077540487 14.243735930882393 18.795563999563459 2.8668425306677845 2.4834086932241908 12.346364332828669 12.563424782827498 7.0885748192667952 4.3946265392005435 16.821636355947707 2.4290116243064395 1.7677572555840004 2.1883637011051178 11.286377918906519 3.5155452117323867 3.0317762093618503 6.6201552376151085 5.8975605266168714 7.7165178749710313 14.482224172446879 2.1913647279143325 2.7579141538590184 3.2509759161621332 1236.7467042713542 249.65297372732311 30.783444395288825
leaf_count=124 1750 1407 84 43 152 107 89 25 17 112 70 36 23 161 16 23 30 88 37 26 54 72 78 147 19 20 27 20525 1109 152
internal_value=4.35095e-11 5.31061e-05 -0.00308622 -0.00465359 -0.0028836 -0.00519086 -0.00760031 -0.00262262 -0.0242874 -0.0348919 -0.0199143 -0.0335041 -0.00839782 0.00171991 0.0160286 -0.002869 -0.0219958 0.000811026 -0.0111158 -0.0204585 -0.0318005 -0.0312822 0.00866953 0.00237291 -0.0136724 0.0155267 -0.00856891 0.000411076 0.00277903 -0.00173801
internal_weight=2027.03 2022.48 207.013 195.472 183.507 163.07 148.827 105.984 17.6966 15.2132 42.8422 19.652 23.1902 88.2878 21.439 66.8488 4.61738 59.1834 23.507 19.9914 11.9647 7.66532 35.6765 27.96 16.6736 20.4367 6.00889 1815.47 578.719 280.436
internal_count=26623 24873 1680 1596 1499 1328 1221 1003 154 137 218 106 112 849 207 642 46 547 215 178 97 95 332 254 166 171 47 23193 2668 1261
is_linear=0
shrinkage=0.05


Tree=117
num_leaves=31
num_cat=0
split_feature=0 5 5 9 14 15 9 9 10 11 15 9 11 6 6 18 10 15 15 18 3 15 2 20 21 9 1 14 14 6
split_gain=1.23941 2.60007 2.34962 2.8528 2.78826 2.98938 2.38258 2.67889 3.28039 2.47086 3.6176 2.36411 2.33661 2.00268 3.54684 2.82874 2.54098 2.38054 2.30615 4.69572 4.74 3.56574 2.16301 2.83638 2.93811 2.76926 2.64813 2.09857 2.92396 2.09432
threshold=8.5000000000000018 50.500000000000007 54.750000000000007 12.775000000000002 505.50000000000006 -8.4999999999999982 2.1000000000000005 8.6333333333333346 6.5000000000000009 9.5000000000000018 9.5000000000000018 4.1000000000000005 12.500000000000002 3.7500000000000004 4.5500000000000007 1050.0000000000002 2.5000000000000004 41.500000000000007 -1.0000000180025095e-35 960.00000000000011 1.0000000180025095e-35 -5.4999999999999991 1.0000000180025095e-35 1.0000000180025095e-35 9.5000000000000018 6.4500000000000011 5.5000000000000009 522.50000000000011 465.50000000000006 5.1500000000000012
decision_type=2 8 8 10 8 8 8 10 10 8 10 10 8 2 2 8 8 8 8 10 2 10 2 10 2 10 10 10 10 2
left_child=-1 -2 4 13 5 -3 -7 9 -9 -8 12 -6 -11 15 18 16 27 22 21 -20 -21 -15 23 -16 -25 26 -26 28 -4 -24
right_child=1 2 3 -5 11 6 7 8 -10 10 -12 -13 -14 14 17 -17 -18 -19 19 20 -22 -23 29 24 25 -27 -28 -29 -30 -31
leaf_value=-0.00063835727423843967 0.069316967403793298 0.035195237780911409 0.0084653011365204995 -0.052368283184963872 0.0023428915611059531 0.034567075633853743 -0.0069564247802096626 0.032721149754664718 -0.024078906409208373 -0.076539729676057572 0.051142962168265818 -0.067555819859959357 -0.0079362315966720384 0.0089676065217776813 0.0038795089681195206 0.004096699578061155 -0.037425118795681923 0.052410844890152901 0.038831915553658614 -0.046416999370051899 0.025892640234703286 0.055864327466017827 -0.022985687773457227 0.067195289490848908 0.035617854355864564 -0.016082773243988893 -0.026339525746585008 0.0066137011469917855 -0.052392141240700463 0.0014855001717279572
leaf_weight=1601.8241027540644 1.4463567864149798 4.9734838822623715 3.5441862251609626 2.2099484173813826 1.973759033717214 3.7243748838081947 69.417528890597168 8.4398407893022505 3.6375173149863249 3.8067041793838134 0.95300781587138761 3.124808163032867 1.8416485255584119 7.1035534814000156 53.375876817386597 81.056402508635074 8.2739960644394142 2.5760299488902083 7.4651096053421524 5.1421224325895292 4.0524012632668018 9.4392626471817476 9.707683861255644 3.4689962798729566 13.416682460461745 4.7315167404012746 1.9790041858796019 14.157712226267902 4.4542000126093626 88.008402678184211
leaf_count=20897 19 75 21 51 22 31 982 132 151 109 11 74 25 31 939 490 45 23 30 36 21 35 63 27 149 172 49 77 34 1802
internal_value=-4.25347e-11 0.00239189 0.00216469 0.00424642 -0.00445817 -0.00255987 -0.00460489 -0.00626093 0.0156138 -0.00973624 -0.0389678 -0.0404966 -0.0541715 0.00463504 0.00750515 -0.000783226 -0.0137818 0.00469601 0.0225029 0.00937175 -0.0145472 0.0357267 0.00399239 0.0102612 0.0246968 0.0173721 0.0276537 -0.00495248 -0.0254254 -0.00094561
internal_weight=2029.33 427.502 426.056 324.163 101.893 96.7941 91.8206 88.0962 12.0774 76.0189 6.60136 5.09857 5.64835 321.953 210.467 111.486 30.4301 177.264 33.2024 16.6596 9.19452 16.5428 174.688 76.9721 23.5962 20.1272 15.3957 22.1561 7.99839 97.7161
internal_count=26623 5726 5707 4095 1612 1516 1441 1410 283 1127 145 96 134 4044 3377 667 177 3224 153 87 57 66 3201 1336 397 370 198 132 55 1865
is_linear=0
shrinkage=0.05


Tree=118
num_leaves=31
num_cat=0
split_feature=6 14 14 13 14 14 6 9 12 20 11 21 11 10 6 7 18 15 20 6 20 9 14 0 14 14 14 11 15 18
split_gain=1.00911 3.10184 3.13036 2.84634 2.82866 3.46248 4.01707 3.71737 4.21221 3.51776 3.9847 3.05965 2.39603 4.14443 2.31863 2.14612 2.08097 2.06726 2.1396 1.87526 3.53422 5.64562 4.32018 3.62508 3.34977 3.7261 3.43843 3.38044 3.22558 3.18274
threshold=2.1500000000000008 954.50000000000011 534.50000000000011 1.5000000000000002 514.50000000000011 498.50000000000006 1.9500000000000002 3.7750000000000004 0.29166666666666669 1.5000000000000002 1.5000000000000002 9.5000000000000018 2.5000000000000004 3.5000000000000004 1.9500000000000002 0.48809523809523814 1450.0000000000002 5.5000000000000009 2.5000000000000004 4.0500000000000007 1.0000000180025095e-35 4.2250000000000005 490.50000000000006 9.5000000000000018 503.50000000000006 517.50000000000011 501.50000000000006 3.5000000000000004 6.5000000000000009 960.00000000000011
decision_type=2 8 10 2 10 10 2 10 10 8 10 2 10 8 2 2 8 8 8 2 8 8 10 2 10 10 10 8 10 10
left_child=1 2 3 -1 5 6 -5 8 -8 10 11 -7 15 -14 17 -9 -11 18 -4 20 21 22 28 -22 26 -26 -23 -27 -2 -25
right_child=19 -3 14 4 -6 9 7 12 -10 16 -12 -13 13 -15 -16 -17 -18 -19 -20 -21 23 24 -24 29 25 27 -28 -29 -30 -31
leaf_value=0.014582283260125038 -0.01011694303466535 0.022239041387809723 -0.026845261801976092 0.0017420032067133166 0.015197406240134582 0.043899007982315393 0.027398631272409969 0.012003869837788794 -0.025296269569232033 -0.015706571337380553 -0.049883342165910116 -0.031024861400086742 -0.06595547716185178 -0.008282608431339834 0.0059367513272822392 -0.036981714098210876 0.047359428713056984 -0.0049084598522894469 -0.088225575757746949 -0.00071760239763381012 0.00067644207244586297 0.013567711315058498 0.012632475442049915 0.0021141632043806626 -0.03057998931880844 0.045456028426939701 0.05401010693935368 -0.016876398927933599 0.023275088085959041 -0.030976120431903648
leaf_weight=20.021957149729133 83.450663068331778 11.234380250796674 2.5712827127426854 87.49034381704405 15.152400800958274 2.3491635490208926 7.6453688256442529 4.7853003479540366 7.5251556560397148 3.0936483498662701 13.254124279133974 3.2446074178442359 8.3021464534103835 4.9856959357857713 3.1549095436930648 4.1969521548599005 2.266184289008379 2.3314805049449197 3.1702195033431053 1243.1542957928614 249.45953844115138 143.97752562444657 39.126791168004274 12.160053797066213 8.9741003587842005 4.5000679716467831 5.4547727406024924 4.2101102899760017 7.9182776734232894 18.05818803794682
leaf_count=172 418 84 22 849 115 20 37 25 38 26 84 31 38 30 16 23 20 28 22 22275 1109 658 189 54 51 18 15 24 34 98
internal_value=-1.36127e-12 -0.00331 -0.00477786 -0.00321644 -0.00538555 -0.00747677 -0.00412318 -0.0178288 0.00125996 -0.0247839 -0.0349481 0.000440214 -0.0308322 -0.0443162 -0.0304096 -0.0108846 0.0109583 -0.0446136 -0.0607369 0.000375966 0.00273089 0.00652337 -0.00126976 -0.00130478 0.0126088 -0.0079689 0.015044 0.0153273 -0.0072231 -0.0176603
internal_weight=2027.22 206.775 195.541 184.313 164.291 149.139 124.931 37.4406 15.1705 24.2077 18.8479 5.59377 22.2701 13.2878 11.2279 8.98225 5.35983 8.07298 5.7415 1820.44 577.29 297.612 130.496 279.678 167.117 17.6843 149.432 8.71018 91.3689 30.2182
internal_count=26623 1680 1596 1508 1336 1221 1040 191 75 181 135 51 116 68 88 48 46 72 44 24943 2668 1407 641 1261 766 93 673 42 452 152
is_linear=0
shrinkage=0.05


Tree=119
num_leaves=31
num_cat=0
split_feature=6 14 14 9 18 14 9 0 18 9 6 18 14 5 0 0 11 2 18 10 15 20 15 15 6 15 0 5 6 18
split_gain=1.28327 2.66687 3.68827 2.19944 4.61107 4.68872 4.55426 3.33639 3.1493 3.55185 3.02828 2.77072 2.47031 2.40461 2.57638 3.17096 2.69152 2.2385 2.21174 2.18792 2.18149 2.56776 2.09299 2.04148 2.02914 1.80837 1.80414 2.31444 4.02214 1.75328
threshold=2.1500000000000008 954.50000000000011 532.50000000000011 3.7750000000000004 1350.0000000000002 505.50000000000006 5.1000000000000005 3.5000000000000004 1450.0000000000002 3.1000000000000005 1.9500000000000002 875.00000000000011 498.50000000000006 54.250000000000007 10.500000000000002 7.5000000000000009 4.5000000000000009 1.0000000180025095e-35 1450.0000000000002 1.5000000000000002 4.5000000000000009 1.0000000180025095e-35 -1.4999999999999998 1.5000000000000002 1.9500000000000002 1.0000000180025095e-35 1.5000000000000002 55.500000000000007 1.9500000000000002 1050.0000000000002
decision_type=2 8 10 10 10 10 10 2 10 8 2 8 8 8 2 2 10 2 10 10 10 10 10 10 2 10 2 8 2 10
left_child=1 2 3 8 13 6 10 18 11 -10 17 -1 -9 -5 15 16 23 25 -8 20 26 -22 -7 29 -4 -6 -13 28 -28 -15
right_child=-2 -3 24 4 5 22 7 12 9 -11 -12 19 -14 14 -16 -17 -18 -19 -20 -21 21 -23 -24 -25 -26 -27 27 -29 -30 -31
leaf_value=0.043711067609911364 0.00042442116574410699 0.02016099898905134 -0.041805720056299261 0.026102907395777766 -0.03722136353535526 -0.0064719865362119489 0.036197941808771769 -0.013795120806839582 0.0081115298717762494 0.055486606502908459 -0.073893847767414922 0.029755140338421346 -0.058019768307693537 0.031296757246568253 0.046618446469511819 -0.038121343765283561 -0.019991710029891831 -0.047711220100315997 -0.018556760129629434 0.013332612069546527 -0.016714375540007709 -0.084421104236546529 0.039633308464917201 0.04925137718156139 0.0041545947975814524 0.01677326417798598 -0.0082137253199559002 0.0044900944296574347 -0.061923031463719636 -0.021992107410101894
leaf_weight=2.9709131969138971 1817.7858414135408 11.052378316409884 9.9411382586695236 10.568929525557904 2.8005306450650114 5.1925531644374132 5.2180704958736879 23.17738196998835 18.309524289332334 5.046898345462977 5.2852558046579352 3.1785103622823945 3.6556868553161612 2.8781937472522348 2.4411888979375354 6.1612136494368306 7.0221829283982506 7.5692172553390265 2.8524990007281303 11.7589811719954 4.5652694627642623 2.0199129800312221 4.6801734007894975 3.800143008120358 3.1664488017559043 3.4746691659092903 14.088183017447593 15.785745601169763 4.6317792125046244 3.3286603624001145
leaf_count=21 24943 84 81 84 26 31 48 218 149 30 22 32 18 23 15 53 52 60 29 92 39 23 33 29 16 31 129 158 21 33
internal_value=-5.41939e-11 -0.0037339 -0.00508429 -0.00324392 -0.00822307 -0.0162996 -0.0220888 -0.0113423 0.00280843 0.0183484 -0.0416966 -0.00334348 -0.0198202 0.00603475 -0.00224015 -0.00738336 0.00373774 -0.029405 0.0168452 -0.00583855 -0.0109309 -0.0374825 0.0153843 0.0203893 -0.0307029 -0.00732375 -0.00629106 -0.00961148 -0.0215027 0.00271859
internal_weight=2024.41 206.622 195.57 182.462 100.107 63.906 54.0333 34.9036 82.3557 23.3564 19.1297 58.9993 26.8331 36.2005 25.6316 23.1904 17.0292 13.8444 8.07057 56.0284 44.2694 6.58518 9.87273 10.007 13.1076 6.2752 37.6842 34.5057 18.72 6.20685
internal_count=26623 1680 1596 1499 805 516 452 313 694 179 139 515 236 289 205 190 137 117 77 494 402 62 64 85 97 57 340 308 150 56
is_linear=0
shrinkage=0.05


Tree=120
num_leaves=31
num_cat=0
split_feature=6 9 9 9 5 10 20 14 14 6 14 12 15 12 6 20 9 14 6 9 0 15 15 14 14 14 5 20 9 9
split_gain=1.5271 2.49618 2.92425 4.10942 2.82507 2.64281 2.22095 2.50825 1.84603 1.87329 3.45553 2.08341 1.74481 1.97703 1.67734 2.97694 3.66505 3.27462 3.21899 3.00159 3.40429 3.12552 11.6656 4.50715 6.82943 6.40983 4.42591 4.9768 3.26505 3.00167
threshold=2.1500000000000008 12.100000000000001 8.1000000000000014 6.4500000000000011 55.500000000000007 2.5000000000000004 2.5000000000000004 964.50000000000011 552.50000000000011 2.0500000000000003 494.50000000000006 0.36666666666666675 -3.4999999999999996 0.36666666666666675 4.0500000000000007 1.0000000180025095e-35 4.2250000000000005 490.50000000000006 3.9500000000000006 4.9000000000000012 10.500000000000002 6.5000000000000009 3.5000000000000004 1003.5000000000001 921.50000000000011 833.50000000000011 525.00000000000011 2.5000000000000004 5.7083333333333348 4.7750000000000012
decision_type=2 10 8 10 8 8 10 10 10 2 8 10 10 10 2 8 8 10 2 8 2 10 10 10 8 8 8 8 10 8
left_child=1 2 3 6 -5 12 7 8 9 -1 11 -11 -6 -14 15 16 17 -2 -18 20 29 22 23 24 25 -21 27 -23 -24 -17
right_child=14 -3 -4 4 5 -7 -8 -9 -10 10 -12 -13 13 -15 -16 19 18 -19 -20 21 -22 26 28 -25 -26 -27 -28 -29 -30 -31
leaf_value=-0.0031231474184526169 -0.0052873982868183282 -0.051673063342333396 0.011288123152291813 -0.0046991933298418075 -0.094386688516850059 -0.010748649501741965 0.014033657660088367 0.018719626562774445 -0.033386723359630791 0.0049210681284183096 -0.062519968383241628 -0.037021617434529565 -0.018610706994832676 -0.078545406521955519 -0.00056866518290822773 0.0029089653345533654 0.0094578137038247335 0.011997664983597854 0.040071349344734219 -0.0011740071903813105 -0.034057073126427355 -0.055128055232749162 -0.020542872782633517 -0.040317107834788868 0.044703231296988014 -0.060109863907307493 0.036131688315676536 0.0092113644426533494 -0.076778016877348407 0.031494453989665848
leaf_weight=103.55073131574318 90.911565497517586 2.7173345917835823 28.957061324734241 8.7740508071146923 2.4098186371847978 4.4463376253843316 16.989557319320738 10.205335415899752 6.3199523435905567 8.9905919432640093 3.8711549192666999 4.4145326931029549 3.3018605643883321 2.3589364998042583 1244.5117463049828 150.50111792422831 156.09509080462158 39.221916832961142 9.0866859778761846 56.885414129123092 5.8881922625005236 4.0842602904886016 3.8528654649853689 7.9228158555924884 7.4546215906739226 5.0206470489501944 9.1233457550406438 11.380928453058004 7.8200943507254124 9.7803611755371076
leaf_count=854 452 21 272 77 17 34 149 76 40 47 17 23 34 19 22275 658 732 189 34 274 36 28 18 39 29 21 35 50 38 35
internal_value=9.11124e-12 -0.00406599 -0.00343368 -0.0058609 -0.026453 -0.0417019 -0.00302028 -0.00512974 -0.00704398 -0.0056661 -0.0209081 -0.00889136 -0.0587549 -0.0435864 0.000463253 0.00269659 0.00619785 -7.7722e-05 0.0111419 -0.000999949 0.00328156 -0.0072658 -0.0116272 -0.00459029 -0.000509347 -0.00595377 0.00851285 -0.00778028 -0.0582166 0.00465325
internal_weight=2026.85 207.307 204.59 175.633 21.291 12.517 154.342 137.352 127.147 120.827 17.2763 13.4051 8.07062 5.6608 1819.54 575.03 295.315 130.133 165.182 279.715 166.17 113.545 88.9565 77.2835 69.3607 61.9061 24.5885 15.4652 11.673 160.281
internal_count=26623 1680 1659 1387 181 104 1206 1057 981 941 87 70 70 53 24943 2668 1407 641 766 1261 729 532 419 363 324 295 113 78 56 693
is_linear=0
shrinkage=0.05


Tree=121
num_leaves=31
num_cat=0
split_feature=6 9 9 9 0 9 9 7 20 2 1 18 9 14 11 14 6 7 15 21 14 9 13 14 0 9 14 13 18 14
split_gain=1.09346 3.56064 2.29494 3.37504 3.06654 2.43289 2.5601 2.93623 4.16689 3.76028 3.26668 2.33997 2.787 2.23982 2.17645 2.06913 2.01313 2.62542 2.69736 1.99913 4.13715 1.90371 1.88078 4.98513 4.6782 6.98728 4.37776 4.07907 4.02018 3.03959
threshold=2.1500000000000008 12.100000000000001 8.1000000000000014 6.1000000000000005 11.500000000000002 5.7750000000000012 3.7750000000000004 0.51315789473684215 2.5000000000000004 1.0000000180025095e-35 4.5000000000000009 1450.0000000000002 3.1000000000000005 474.50000000000006 2.5000000000000004 497.50000000000006 1.5500000000000003 0.54093567251462005 -1.0000000180025095e-35 10.500000000000002 491.50000000000006 2.9000000000000004 2.5000000000000004 902.50000000000011 3.5000000000000004 3.5500000000000003 874.50000000000011 3.5000000000000004 1265.0000000000002 858.50000000000011
decision_type=2 10 8 10 2 10 10 2 8 2 10 10 8 10 10 10 2 2 10 2 10 10 2 8 2 8 8 2 10 10
left_child=1 2 3 4 5 6 11 8 14 -9 15 19 21 -7 -8 -11 -5 -18 -19 -1 -21 -13 23 24 25 28 -27 29 -2 -24
right_child=22 -3 -4 16 -6 13 7 9 -10 10 -12 12 -14 -15 -16 -17 17 18 -20 20 -22 -23 27 -25 -26 26 -28 -29 -30 -31
leaf_value=0.0017077904311200182 -0.073972572489721541 -0.05529958635895918 0.010505841305269298 0.0063623407373004362 0.037560499937609175 0.044730322166163017 -0.023988817740563453 0.0096705799280789092 0.0099161690022726932 -0.051573912029388616 0.014775822113053961 0.012389532556687935 0.051982318380898888 -0.0094661584295246751 -0.0678407034751565 -0.012420274677534069 -0.013013613170133664 -0.071480159334086718 -0.016753020023759998 -0.001336758983305481 -0.052676312742604238 -0.034639710465519488 0.017077667052877023 -0.069818518459830475 0.0024353649414692279 -0.0098567891799060375 0.059812610799126122 0.00036265456572033702 -0.017275877977644235 -0.012089553176030124
leaf_weight=39.984991064295173 6.9325373168103379 3.258371213451027 28.63647047849372 5.4668032294139293 4.7978224866092196 4.9049308067187649 5.323952298611399 19.502479860559106 4.4209604188799867 7.5799810569733399 4.5487052500247946 16.806417700834579 4.0528487814590326 3.1184113491326571 6.0391184836626053 6.0815697843208909 12.946926586329939 5.2392161376774311 3.9482314288616163 11.736184999346735 5.8951502111740401 2.4677758850157252 59.468445918173529 2.9009767416864625 102.21624441741733 33.814685468852986 2.4158904585055998 1592.2968738662312 5.6950568918837234 10.511135859182103
leaf_count=330 68 21 272 109 35 32 24 163 25 61 38 141 26 33 27 40 65 28 28 103 64 15 639 28 1250 528 13 22260 72 85
internal_value=-5.55109e-12 -0.00344532 -0.00261504 -0.00476379 -0.00175646 -0.00308056 -0.00467678 -0.0131639 -0.0312705 -0.00558572 -0.0219246 0.000932502 0.0142932 0.0236659 -0.0472947 -0.0341443 -0.0208089 -0.0275197 -0.0479616 -0.00447681 -0.0185025 0.00636813 0.000392206 -0.00489439 -0.0036477 -0.0163741 -0.00521117 0.0008819 -0.0484023 0.0126967
internal_weight=2023.01 206.757 203.499 174.862 147.261 142.463 134.44 53.4968 15.784 37.7127 18.2103 80.9434 23.327 8.02334 11.3631 13.6616 27.6012 22.1344 9.18745 57.6163 17.6313 19.2742 1816.25 153.975 151.074 48.8582 36.2306 1662.28 12.6276 69.9796
internal_count=26623 1680 1659 1387 1157 1122 1057 378 76 302 139 679 182 65 51 101 230 121 56 497 167 156 24943 1959 1931 681 541 22984 140 724
is_linear=0
shrinkage=0.05


Tree=122
num_leaves=31
num_cat=0
split_feature=6 9 14 9 9 18 18 14 6 6 15 18 9 15 7 20 15 6 14 14 14 0 5 6 13 15 18 0 0 5
split_gain=1.08188 2.97132 1.95214 2.08404 2.02687 3.3248 4.57322 3.39513 3.89341 3.13859 2.7898 2.62315 2.63786 2.57924 2.56258 2.4036 5.93898 6.03689 2.28786 3.0759 1.9438 1.79107 2.32305 1.79002 2.11284 3.77872 3.73342 3.13984 2.90551 2.96166
threshold=2.1500000000000008 12.100000000000001 1037.5000000000002 8.5500000000000025 3.7750000000000004 1350.0000000000002 810.00000000000011 502.50000000000006 1.9500000000000002 2.0500000000000003 -1.4999999999999998 1450.0000000000002 3.1000000000000005 1.5000000000000002 0.57189542483660138 1.0000000180025095e-35 -6.4999999999999991 1.6500000000000001 504.50000000000006 516.50000000000011 491.50000000000006 2.5000000000000004 54.250000000000007 3.8500000000000001 1.5000000000000002 -2.4999999999999996 1625.0000000000002 7.5000000000000009 3.5000000000000004 485.00000000000006
decision_type=2 10 8 8 10 10 8 10 2 2 10 10 8 10 2 10 8 2 10 8 10 2 8 2 2 10 8 2 2 10
left_child=1 2 3 4 11 6 13 8 10 -10 -7 15 -13 -6 -9 18 -17 -18 -1 -20 -19 -8 -23 -2 25 26 28 -27 -25 -30
right_child=23 -3 -4 -5 5 7 21 14 9 -11 -12 12 -14 -15 -16 16 17 20 19 -21 -22 22 -24 24 -26 27 -28 -29 29 -31
leaf_value=0.008851931359788871 0.002884836805963179 -0.050300441598126924 0.028156422236715512 0.01036269132201725 -0.062499154066373019 -0.033895781263400829 0.040558103751960423 0.023604542022818489 -0.073902618171553205 -0.02329057721488308 -0.0029932675787743678 0.0069082570482314146 0.05141531147750035 -0.0065258059406539878 -0.020791338218578381 0.056714776934220335 0.0081475946651121591 -0.040017422781848673 -0.061743383524331702 -0.002153589284942269 -0.087831788617992401 0.028845561149042478 -0.0046667200031974667 -0.023314959527920384 -0.00013887839388174536 -0.038672823531896307 0.075493141949038028 0.0074974207831052493 -0.00014362750842245061 0.056003653639603072
leaf_weight=29.024553659837693 514.84770427271724 3.3275012364611021 5.0101198889315119 23.997425655368716 3.704857384786008 12.177000876981763 4.2646433468908098 7.3896131590008718 6.1618009693920595 6.091183602809906 18.248069548979405 18.922521058004353 4.0399164464324704 4.6303700665012002 5.8027217304334044 2.1582955420017242 5.7863387670367983 6.0245094709098321 2.9327624281868312 8.2781323036178946 3.2843424305319786 7.4078767411410835 17.127031435258687 13.402274759719147 1235.9217388956458 15.160858898889275 1.5287700253538776 4.8636438450776032 26.74421929160599 2.5747634368017307
leaf_count=236 2404 21 44 230 22 107 35 33 30 34 179 156 27 28 54 16 89 34 33 58 23 55 136 253 21458 306 13 79 410 20
internal_value=-1.35605e-11 -0.00343577 -0.00266555 -0.00344762 -0.00535825 -0.0103852 0.00121061 -0.0180924 -0.0249452 -0.0487424 -0.0153614 0.000453058 0.0147386 -0.0314049 0.00407677 -0.00525294 -0.0208655 -0.0319579 0.00144194 -0.0177422 -0.0568873 0.0106503 0.00545171 0.000389552 -0.000598524 -0.00943695 -0.00128151 -0.0274588 -0.00402887 0.00478717
internal_weight=2020.84 205.792 202.464 197.454 173.457 93.0052 37.1348 55.8704 42.6781 12.253 30.4251 80.4514 22.9624 8.33523 13.1923 57.4889 17.2535 15.0952 40.2354 11.2109 9.30885 28.7996 24.5349 1815.04 1300.2 64.2745 44.25 20.0245 42.7213 29.319
internal_count=26623 1680 1659 1615 1385 713 276 437 350 64 286 672 183 50 87 489 162 146 327 91 57 226 191 24943 22539 1081 696 385 683 430
is_linear=0
shrinkage=0.05


Tree=123
num_leaves=31
num_cat=0
split_feature=14 15 0 14 9 11 10 18 9 0 0 15 11 12 6 15 9 14 5 15 9 7 15 11 4 20 6 9 7 9
split_gain=1.00415 2.53303 2.69851 4.56391 2.37209 3.23637 2.77499 2.25983 2.53424 3.24429 2.51683 2.7683 2.24315 2.78281 2.71166 2.55039 3.04507 2.69796 2.53213 3.64882 2.25338 2.13237 2.35588 2.12406 2.09643 3.40561 2.85972 2.7986 4.82213 2.11076
threshold=483.50000000000006 -10.499999999999998 8.5000000000000018 505.50000000000006 5.9000000000000012 7.5000000000000009 6.5000000000000009 1215.0000000000002 3.7750000000000004 3.5000000000000004 4.5000000000000009 -14.499999999999998 2.5000000000000004 0.55000000000000016 9.1500000000000004 8.5000000000000018 1.4500000000000002 439.50000000000006 51.500000000000007 -1.4999999999999998 2.4500000000000006 0.42572463768115948 1.0000000180025095e-35 6.5000000000000009 1.0000000180025095e-35 2.5000000000000004 1.7500000000000002 1.9000000000000001 0.48809523809523814 3.4500000000000006
decision_type=8 8 2 8 10 8 10 8 8 2 2 8 10 8 2 10 8 10 8 10 10 2 10 10 2 10 2 8 2 8
left_child=12 2 4 -4 5 7 -6 8 -2 -10 -11 -12 15 14 -14 16 21 -17 19 -18 -16 -1 -23 -15 27 26 -26 28 -20 -29
right_child=1 -3 3 -5 6 -7 -8 -9 9 10 11 -13 13 23 20 17 18 -19 24 -21 -22 22 -24 -25 25 -27 -28 29 -30 -31
leaf_value=0.03857454685177273 -0.048916409554309939 -0.00063947821830671403 -0.055640974561867389 0.024659770359478819 -0.050339297583680366 -0.052619990966090158 0.019922918794247638 0.025742725074848639 -0.051394991735608256 0.061683487358414828 0.024414019904587504 -0.048057061799385889 0.0049953750289396977 -0.045049410157248303 0.048911112672830159 0.02175620335530442 0.066966159454341159 -0.03360462453447173 -0.052074055527741074 -0.014846564169134151 -0.0015853365187188705 -0.036046970513478709 0.036971689935648977 0.012039907135456267 0.033687449916620531 0.034218764456758775 -0.041651010535630924 0.0049885718740440002 0.014189569078167387 -0.0041758366964143442
leaf_weight=7.8627403234131616 3.6140819205902561 852.24078123897198 2.2128228464862305 8.8310653318185359 9.012049137032589 3.8531314888969055 1.664868568710516 5.1958444014890111 2.3728786213323474 2.1320749917067587 3.6133728318382055 2.0740990783087909 494.51460102666169 5.3052778067067257 2.2271612090989938 2.718249865807592 3.1077266717329621 11.55975991184823 7.0483440936077368 2.4273472416680297 275.29268979275366 2.5625993404537439 1.9416214628145096 2.3514239458600059 1.4323301855474699 2.2745107568334779 10.44438466359861 93.792978746234439 4.4974335129372776 190.32965179701569
leaf_count=60 44 9962 32 88 176 62 35 46 40 12 35 34 2911 45 25 24 24 125 66 34 9741 32 24 23 21 21 115 726 36 2004
internal_value=-1.10559e-11 -0.00124721 -0.0128662 0.00857021 -0.0199262 -0.0108369 -0.0393832 -0.0023645 -0.0129422 -0.000186257 0.0153533 -0.00201463 0.000997169 0.00247803 0.00277551 -0.0023789 -0.00147766 -0.023065 -0.0024321 0.0310881 -0.00118009 0.0228603 -0.00457103 -0.0275169 -0.00303095 -0.0218311 -0.0325652 -0.00213114 -0.0262623 -0.00115053
internal_weight=2018.51 896.817 44.5763 11.0439 33.5324 22.8555 10.6769 19.0024 13.8065 10.1924 7.81955 5.68747 1121.69 779.691 772.034 342 327.722 14.278 315.355 5.53507 277.52 12.367 4.50422 7.6567 309.82 14.1512 11.8767 295.668 11.5458 284.123
internal_count=26623 10566 604 120 484 273 211 211 165 121 81 69 16057 12745 12677 3312 3163 149 3047 58 9766 116 56 68 2989 157 136 2832 102 2730
is_linear=0
shrinkage=0.05


Tree=124
num_leaves=31
num_cat=0
split_feature=6 14 5 14 6 14 21 5 14 9 18 15 9 9 0 0 6 18 5 1 20 20 15 0 11 0 11 15 0 9
split_gain=0.972242 0.988385 2.67559 1.79284 0.967845 2.56644 2.61682 2.92606 5.59238 3.82483 3.18121 3.05295 2.35911 4.03418 2.66354 2.41226 3.95261 2.30652 3.55393 2.20374 3.21851 2.72361 3.01935 2.05716 5.61193 2.51117 2.33692 1.96861 1.95034 1.86381
threshold=116.95000000000002 1125.5000000000002 707.50000000000011 1139.0000000000002 2.1500000000000008 954.50000000000011 8.5000000000000018 54.250000000000007 440.50000000000006 4.291666666666667 1350.0000000000002 7.5000000000000009 12.100000000000001 8.9000000000000021 6.5000000000000009 3.5000000000000004 1.8500000000000003 1450.0000000000002 55.500000000000007 3.5000000000000004 1.0000000180025095e-35 1.0000000180025095e-35 -3.4999999999999996 6.5000000000000009 4.5000000000000009 3.5000000000000004 2.5000000000000004 1.5000000000000002 4.5000000000000009 4.9000000000000012
decision_type=2 10 10 10 2 8 2 8 10 10 10 10 10 10 2 2 2 10 10 8 10 10 10 2 8 2 10 10 2 8
left_child=1 4 3 -3 5 6 23 8 10 11 -8 -9 13 14 15 17 27 18 -11 20 -16 22 -21 25 -25 26 -1 28 -17 -10
right_child=-2 2 -4 -5 -6 -7 7 9 29 12 -12 -13 -14 -15 19 16 -18 -19 -20 21 -22 -23 -24 24 -26 -27 -28 -29 -30 -31
leaf_value=-0.017087378304052905 -0.013752975780278369 -0.057256179369098249 0.031962031682395732 -0.0058057053140948191 0.00053375017700632837 0.02169645820001935 -0.0023363978139979832 0.00088426942761184136 0.005032527790013756 0.038540642488917309 -0.073685053350910121 -0.040405321523471184 -0.067372307970424164 0.013438731362388115 0.024011093752145021 -0.079119338520648369 -0.083372831532622149 -0.054804005370151204 -0.036756749406047319 0.0026822553487249648 -0.032275282990701343 0.0063797873122528968 -0.064469911063736812 0.0081526520742792093 -0.078629398737663059 0.023393729876732747 0.018041701269177673 0.0078013317754192348 -0.019439245980582002 0.034104000551262323
leaf_weight=11.030581198167058 12.769051134760955 3.4429668548982573 2.1592109655030072 3.3315730849280953 1788.9285632014507 9.9210683433338982 3.416356289759281 55.219023332931101 11.962257887236776 3.0862514004111308 2.8787037944421172 4.8719106614589682 2.5714036282151929 8.4210447464138252 7.0863204672932643 2.3776454916223866 5.3185600228607646 2.7230328340083361 3.1835522456094623 2.4007239453494522 3.9584321696311235 4.0205193608999252 5.5290886657312521 6.9205207563936684 2.5490918196737775 19.58837860962376 8.293942663818596 2.611829150468111 3.2268830174580216 10.226563378237186
leaf_count=107 3219 59 28 49 21593 79 30 455 112 22 21 44 15 74 48 16 25 22 27 21 25 34 44 56 19 166 64 25 31 93
internal_value=1.6276e-11 8.77511e-05 -0.016506 -0.0319539 0.000162159 -0.00310613 -0.00437798 -0.00773592 0.00663069 -0.0112453 -0.0349638 -0.00246331 -0.0205829 -0.0183526 -0.0242335 -0.0364527 -0.0497893 -0.0163802 0.000307678 -0.0122626 0.00383809 -0.0271432 -0.0441398 0.00569184 -0.0152079 0.0107779 -0.00201024 -0.0280502 -0.0447577 0.0184312
internal_weight=2014.03 2001.26 8.93375 6.77454 1992.32 203.394 193.473 145.09 28.4839 116.606 6.29506 60.0909 56.5153 53.9439 45.5228 22.5278 13.5349 8.99284 6.2698 22.9951 11.0448 11.9503 7.92981 48.3825 9.46961 38.9129 19.3245 8.21636 5.60453 22.1888
internal_count=26623 23404 136 108 23268 1675 1596 1184 256 928 51 499 429 414 340 168 97 71 49 172 73 99 65 412 75 337 171 72 47 205
is_linear=0
shrinkage=0.05


Tree=125
num_leaves=31
num_cat=0
split_feature=6 14 21 5 14 9 15 12 18 0 14 15 3 6 21 9 20 2 12 15 15 18 0 9 15 11 14 0 18 11
split_gain=0.998761 1.77424 2.04911 2.46249 4.93912 3.80243 2.78649 2.98248 2.47331 2.27883 2.7011 3.8369 2.67163 2.44151 2.4154 2.08869 1.98947 1.85571 1.8239 2.03517 1.80783 1.78357 1.70369 1.60673 1.60146 1.92966 1.67971 1.62354 2.02224 1.9482
threshold=2.1500000000000008 1037.5000000000002 8.5000000000000018 54.250000000000007 440.50000000000006 4.291666666666667 7.5000000000000009 0.36666666666666675 1350.0000000000002 9.5000000000000018 476.50000000000006 1.0000000180025095e-35 1.0000000180025095e-35 1.9500000000000002 11.500000000000002 4.9000000000000012 1.0000000180025095e-35 1.0000000180025095e-35 0.55000000000000016 -4.4999999999999991 -3.4999999999999996 1540.0000000000002 6.5000000000000009 7.1000000000000005 -1.0000000180025095e-35 1.5000000000000002 470.50000000000006 3.5000000000000004 1450.0000000000002 4.5000000000000009
decision_type=2 8 2 10 10 10 10 10 10 2 10 10 2 2 2 8 8 2 10 10 10 8 2 10 8 10 10 2 8 10
left_child=1 2 24 4 8 6 18 -8 -4 10 13 17 -13 14 22 -6 -11 -12 21 -20 -19 -5 23 -7 25 26 -1 28 -26 -29
right_child=-2 -3 3 5 15 9 7 -9 -10 16 11 12 -14 -15 -16 -17 -18 20 19 -21 -22 -23 -24 -25 27 -27 -28 29 -30 -31
leaf_value=-0.075132683694245306 0.00037255636556939221 0.026841243844322002 -0.0060963709719843847 0.001846027503086504 0.002935365520381612 -0.049775664939236394 -0.074850376301096574 -0.0028341250230173045 -0.068468572218016763 -0.016729194159917683 -0.020993258121485857 -7.0350093759345993e-05 -0.053913627774715547 -0.037611284273293036 0.035136311242955132 0.032358303387062019 0.030714996616730564 -0.079503940127745712 0.032568655072599428 -0.023344280832805292 -0.039120512851413568 0.028715859099920856 0.013791022463177136 0.0034685556627034476 -0.012857869056079316 0.00227120374048533 -0.010567501083010987 0.029525479904731824 0.040685399450169302 -0.01005171722043053
leaf_weight=1.6916849473491335 1809.1458605883527 4.7574329460039726 3.6554366499185589 37.264961982611567 13.673187746666374 3.5614494606852549 2.5832644887268534 3.2418382549658418 2.8121636537835002 5.2591216657310698 3.7800084808841357 9.1821293598040921 3.0755082573741666 5.6340015083551398 3.839348077774047 10.79283760813996 3.8105649910867223 6.2166670123115155 1.9108215896412719 10.975427156779913 5.0005467133596566 7.4027575124055138 3.9574417099356651 2.353030551224947 9.358702665194869 13.249976268969474 2.4901274908334017 14.631811355706306 2.1728857420384893 3.9485762305557719
leaf_count=17 24943 44 33 274 127 28 17 33 21 41 25 74 24 27 29 106 32 40 26 118 40 47 36 26 88 108 29 125 15 30
internal_value=-6.70808e-11 -0.003332 -0.00405872 -0.00692598 0.00564253 -0.0101918 -0.00181697 -0.0347712 -0.0332163 -0.0197263 -0.0241892 -0.034331 -0.0135799 -0.00990093 0.00148533 0.0159149 0.00320415 -0.0512914 0.00151837 -0.0150533 -0.0615013 0.00629915 -0.0116021 -0.0285929 0.00498638 -0.00707454 -0.0366863 0.0119684 -0.00276876 0.0211148
internal_weight=2011.43 202.284 197.526 149.983 30.9336 119.049 63.3791 5.8251 6.4676 55.6698 46.6001 27.2549 12.2576 19.3453 13.7113 24.466 9.06969 14.9972 57.554 12.8862 11.2172 44.6677 9.87192 5.91448 47.5438 17.4318 4.18181 30.112 11.5316 18.5804
internal_count=26623 1680 1636 1224 287 937 515 50 54 422 349 203 98 146 119 233 73 105 465 144 80 321 90 54 412 154 46 258 103 155
is_linear=0
shrinkage=0.05


Tree=126
num_leaves=31
num_cat=0
split_feature=6 9 15 5 5 6 9 1 10 9 14 0 11 20 9 15 9 9 21 7 0 5 6 5 9 15 9 0 9 9
split_gain=1.37377 1.7712 1.74395 2.72772 2.27222 2.66556 2.6621 3.15974 2.63505 2.35067 2.23472 3.06806 2.12805 2.12398 2.02986 2.85953 3.64605 3.234 1.44994 2.57193 2.02813 2.31496 3.11037 4.6989 3.71308 2.42503 2.76427 2.04128 1.93844 1.82589
threshold=2.1500000000000008 12.100000000000001 1.0000000180025095e-35 52.500000000000007 55.500000000000007 1.2500000000000002 4.366666666666668 3.5000000000000004 1.5000000000000002 1.9000000000000001 502.50000000000006 4.5000000000000009 5.5000000000000009 2.5000000000000004 4.7750000000000012 -3.4999999999999996 6.9000000000000012 7.366666666666668 7.5000000000000009 0.57189542483660138 1.5000000000000002 55.500000000000007 1.7500000000000002 54.250000000000007 3.1000000000000005 4.5000000000000009 8.2250000000000014 3.5000000000000004 3.4500000000000006 2.3666666666666671
decision_type=2 10 8 10 10 2 10 10 10 10 10 2 8 8 10 8 10 10 2 2 2 10 2 8 10 10 8 2 8 8
left_child=1 2 3 -1 8 -6 7 -7 -5 -9 -11 -12 -10 18 -8 16 -16 -17 19 -4 -20 22 24 -24 29 28 -27 -26 -23 -22
right_child=-2 -3 13 4 5 6 14 9 12 10 11 -13 -14 -15 15 17 -18 -19 20 -21 21 25 23 -25 27 26 -28 -29 -30 -31
leaf_value=-0.052037809773611082 0.00043678870281985496 -0.04003934048028783 0.032621219897195172 -0.0083478905278088142 0.029680583250645501 0.021316579261035147 -0.063032783005820422 -0.049030417298613835 0.0069122835457828815 0.010296429776424415 -0.062729604238736913 0.0026805996461941269 0.046540234742732868 0.014497969915550274 -0.015306134285626256 -0.022120457164529681 -0.075735474595844177 0.037377690020656544 0.027859095617244763 -0.013462495082687889 -0.00049908474704825161 0.033749950835090796 0.0050438171069327777 -0.049889221236987448 -0.019258451646242541 -0.029338071570282027 0.027768870596446518 0.036945509214415258 -0.001290201261102933 -0.064336455901712261
leaf_weight=3.3815881656482807 1811.0302005083649 3.3354510711506 7.0809748508036119 24.345629053190351 3.4363514469005159 7.9996690750122097 3.5052164159715202 4.2164393058046725 13.457053529098632 8.5477213244885188 3.3278372511267653 3.8862703666090965 4.5276263793930402 23.700033973902464 5.9027021490037423 7.4740848354995268 4.3251401372253895 3.2888764534145594 4.1621622242964795 5.2891460610553622 2.0594920148141709 7.3336697313934573 5.8511916939169195 11.631269380450247 2.2332452312111837 8.6249070046469534 2.8092681821435699 5.8403914207592607 8.5467119524255395 2.4557698322460055
leaf_count=25 24943 21 36 197 97 59 19 38 114 63 19 29 31 213 40 48 24 25 39 74 35 56 32 65 27 72 21 66 67 28
internal_value=-3.46073e-11 -0.0039049 -0.00329997 -0.00788476 -0.00636495 -0.0129815 -0.0157753 -0.00523747 0.00237421 -0.0158702 -0.00699953 -0.0274929 0.0168886 0.00147287 -0.0278109 -0.0219293 -0.0408604 -0.0039394 -0.00270331 0.012917 -0.00584272 -0.0082871 -0.0178581 -0.0315037 0.00109176 0.00224994 -0.0153074 0.021399 0.0148916 -0.0352191
internal_weight=2013.61 202.576 199.24 101.622 98.2406 55.9103 52.474 27.9779 42.3303 19.9783 15.7618 7.21411 17.9847 97.6182 24.496 20.9908 10.2278 10.763 73.9182 12.3701 61.5481 57.3859 30.0714 17.4825 12.5889 27.3146 11.4342 8.07364 15.8804 4.51526
internal_count=26623 1680 1659 828 803 461 364 208 342 149 111 48 145 831 156 137 64 73 618 110 508 469 253 97 156 216 93 93 123 63
is_linear=0
shrinkage=0.05


Tree=127
num_leaves=31
num_cat=0
split_feature=6 9 14 14 21 14 15 14 10 14 14 14 14 5 14 12 12 14 15 3 7 20 18 9 6 14 21 9 7 9
split_gain=1.53018 3.02013 1.73116 3.49938 1.48486 1.69487 1.60328 2.16824 1.63712 1.62529 1.50436 2.78613 1.9486 1.7428 5.36912 3.24748 2.82473 2.53852 3.26602 3.74822 3.34645 2.8218 2.39996 2.56618 2.46438 2.03863 2.17093 2.02444 4.88187 1.93796
threshold=2.1500000000000008 12.100000000000001 954.50000000000011 914.50000000000011 8.5000000000000018 421.50000000000006 -1.0000000180025095e-35 490.50000000000006 1.5000000000000002 471.50000000000006 877.50000000000011 534.50000000000011 514.50000000000011 54.250000000000007 440.50000000000006 0.22500000000000003 1.0000000180025095e-35 439.50000000000006 -4.4999999999999991 1.0000000180025095e-35 0.54093567251462005 1.0000000180025095e-35 1450.0000000000002 2.1000000000000005 1.8500000000000003 445.50000000000006 10.500000000000002 5.7750000000000012 0.51315789473684215 3.9000000000000004
decision_type=2 10 8 8 2 10 8 10 10 10 8 10 10 10 10 8 8 10 10 2 2 10 10 8 2 8 2 10 2 10
left_child=1 2 3 4 5 -1 8 -8 -7 -10 11 12 13 14 16 17 -6 -15 -19 21 -21 27 23 24 -17 -25 -27 28 -20 -30
right_child=-2 -3 -4 -5 10 6 7 -9 9 -11 -12 -13 -14 15 -16 22 -18 18 19 20 -22 -23 -24 25 -26 26 -28 -29 29 -31
leaf_value=-0.039430662637130173 0.00046009109645955024 -0.046899824598022818 0.016962558548258021 -0.05719536552791088 -0.00068831615889970157 -0.017888187768492516 0.021752667460844987 -0.011302097636125118 -0.014472168669354551 0.036883423137740477 0.034055081089516874 -0.043469211505587753 0.013869773296479718 0.011533891496014484 0.015997074526833223 -0.010772210682960713 -0.065267011046451995 -0.049134154763768548 0.022442695691344772 -0.071514221785879739 -0.017179664901975315 0.016333872356682416 0.01965539798297784 0.041651808292372569 -0.070884326729158453 -0.025131081389429172 0.016352653416458227 -0.0018632924176944729 -0.02776674882018328 -0.081286083755597482
leaf_weight=2.1128492802381507 1812.8576032484125 4.0442582666873923 10.052726338617502 3.079501135274767 3.1837254241108921 10.458745950832965 20.814952614251528 6.5135733159258953 2.7367823682725421 3.5249102618545294 2.300955180078744 4.9679991491138926 12.014407108537851 6.4513147026300421 21.284487584140152 4.7880018563009825 3.6171565856784582 8.9659873237833292 2.7649523653090124 4.8621786497533304 6.7929438715800643 9.3571604555472714 11.881104667671023 2.862736672163007 2.6479193344712257 6.5248819133266807 6.1042062677443027 10.626827469095586 3.1662701414898038 3.6314235050231218
leaf_count=13 24943 21 84 18 26 96 176 71 29 26 12 38 94 49 208 67 28 69 14 23 59 78 105 17 18 63 49 74 31 24
internal_value=1.25351e-11 -0.00412635 -0.00325308 -0.00433383 -0.0034537 0.00431457 0.00641285 0.0138743 -0.00578241 0.0144376 -0.00603732 -0.00671317 -0.00532484 -0.00725443 0.00363952 -0.0106009 -0.0350355 -0.0179896 -0.0217862 -0.0158349 -0.0398465 -0.00636318 0.00141732 -0.00803361 -0.032178 0.00355547 -0.00508013 -0.0168825 -0.0335732 -0.0563575
internal_weight=2014.99 202.135 198.091 188.038 184.958 46.1618 44.049 27.3285 16.7204 6.26169 138.797 136.496 131.528 119.513 28.0854 91.4279 6.80088 56.6191 50.1677 41.2018 11.6551 29.5466 34.8089 22.9277 7.43592 15.4918 12.6291 20.1895 9.56265 6.79769
internal_count=26623 1680 1659 1575 1557 411 398 247 151 55 1146 1134 1096 1002 262 740 54 421 372 303 82 221 319 214 85 129 112 143 69 55
is_linear=0
shrinkage=0.05


Tree=128
num_leaves=31
num_cat=0
split_feature=6 14 15 4 9 14 21 9 5 9 5 9 21 9 5 6 0 9 12 15 14 18 0 5 14 5 6 2 7 11
split_gain=1.41142 1.65726 1.57296 1.46706 1.85175 1.82871 2.57431 1.81025 2.1263 1.98247 3.21839 2.88753 3.40687 2.41713 2.35769 3.33659 2.28249 2.04579 2.45309 2.51608 2.12361 2.15138 2.21724 2.00532 2.25953 2.8556 1.97417 1.75007 1.72837 1.66991
threshold=2.1500000000000008 1037.5000000000002 -15.499999999999998 1.0000000180025095e-35 11.100000000000001 515.50000000000011 10.500000000000002 8.9000000000000021 56.750000000000007 6.4500000000000011 54.250000000000007 7.291666666666667 11.500000000000002 5.1000000000000005 54.750000000000007 1.6500000000000001 6.5000000000000009 3.4500000000000006 0.55000000000000016 2.5000000000000004 531.50000000000011 1450.0000000000002 5.5000000000000009 54.750000000000007 484.50000000000006 56.750000000000007 1.8500000000000003 1.0000000180025095e-35 0.80128205128205143 1.5000000000000002
decision_type=2 8 8 2 10 10 2 10 10 10 8 10 2 8 10 2 2 10 10 10 10 8 2 10 10 10 2 2 2 10
left_child=1 2 -1 4 7 6 29 9 -9 13 26 16 -13 17 15 -15 -12 18 19 23 21 22 -21 -4 -25 -26 -11 -20 -29 -5
right_child=-2 -3 3 5 -6 -7 -8 8 -10 10 11 12 -14 14 -16 -17 -18 -19 27 20 -22 -23 -24 24 25 -27 -28 28 -30 -31
leaf_value=-0.045006019418182101 0.00043988316116128496 0.026026739613415225 -0.01304731198220635 0.020617832979530019 -0.040591361269104703 0.05044823166045484 0.038825852045694081 -0.00042106845971792223 0.050487645631032321 -0.022323080259780394 -0.076605350190780436 0.0068914797904356985 -0.045240252004021486 -0.015801617427339841 0.00020091278700233429 0.050768991986330038 -0.019630474735580758 -0.015417158469601996 0.0021435158556190772 0.0099133030399417323 -0.053015581496179277 0.03832042655102199 -0.040887153955067805 0.031353040170097761 -0.021759511893683015 0.026183810922471573 0.039235301725215325 -0.036011742695763724 0.018962889663391616 -0.031899980520882242
leaf_weight=2.3877759771421552 1813.6087173972046 4.4971734345890573 6.412413195706903 2.252043014392255 3.6480988590046755 2.5126576712355009 3.3417722256854177 5.9432625453919155 3.1319142384454608 2.1225418001413372 4.2447335966862765 7.9408449144102615 5.1771649261936545 2.704601641744377 22.926857427228242 6.1905043832957745 3.0003965618088841 43.407293306663632 7.7807121537625799 4.3351363297551835 2.7067650593817225 2.3962330296635637 4.2572379340417683 14.647375451400878 6.1724481750279647 6.251454601995647 3.3707702048122883 10.252041811123489 1.6614165320061154 4.616298895329237
leaf_count=16 24943 44 52 28 32 20 32 61 30 33 33 82 33 47 184 33 24 314 78 31 17 20 39 106 45 46 18 92 51 39
internal_value=-1.82903e-11 -0.00398311 -0.0046724 -0.00417444 -0.00533001 0.0122362 0.00283244 -0.00460338 0.0171479 -0.00577865 -0.0185133 -0.0276755 -0.0136829 -0.0034615 0.00867812 0.0305279 -0.0530106 -0.00696444 -0.0014778 0.00470941 -0.0133452 -0.00357335 -0.0152566 0.012094 0.0180493 0.00236459 0.01545 -0.0162998 -0.0283451 -0.01468
internal_weight=2013.9 200.29 195.793 193.405 180.682 12.7228 10.2101 177.034 9.07518 167.959 25.8565 20.3631 13.118 142.102 31.822 8.89511 7.24513 110.281 66.8732 47.1791 13.6954 10.9886 8.59237 33.4837 27.0713 12.4239 5.49331 19.6942 11.9135 6.86834
internal_count=26623 1680 1636 1620 1501 119 99 1469 91 1378 223 172 115 1155 264 80 57 891 577 356 107 90 70 249 197 91 51 221 143 67
is_linear=0
shrinkage=0.05


Tree=129
num_leaves=31
num_cat=0
split_feature=6 6 14 14 2 6 6 15 0 3 14 15 9 18 21 12 20 15 9 9 5 14 14 9 9 15 9 6 9 12
split_gain=0.88885 0.853891 1.49453 3.41733 1.39956 1.72801 1.12945 1.39145 2.74859 2.23596 3.98107 3.43595 2.78231 2.75116 2.15671 3.473 3.36242 2.78496 2.556 3.0292 1.76169 2.47086 2.01659 1.86446 1.85283 1.83386 2.0562 2.02425 1.99634 1.69862
threshold=116.95000000000002 2.1500000000000008 954.50000000000011 914.50000000000011 1.0000000180025095e-35 1.8500000000000003 1.2500000000000002 -1.4999999999999998 9.5000000000000018 1.0000000180025095e-35 496.50000000000006 -3.4999999999999996 3.3666666666666671 1590.0000000000002 9.5000000000000018 0.22500000000000003 1.0000000180025095e-35 -4.4999999999999991 5.9000000000000012 3.3666666666666671 56.250000000000007 486.50000000000006 480.50000000000006 2.9000000000000004 1.5500000000000003 2.5000000000000004 3.2250000000000005 1.7500000000000002 4.6333333333333337 0.55000000000000016
decision_type=2 2 8 8 2 2 2 8 2 2 8 10 10 8 2 8 10 10 10 10 8 10 10 10 8 10 8 2 8 10
left_child=1 2 3 6 -4 -6 -1 8 9 13 11 12 -11 14 18 17 -17 -16 19 -8 21 22 24 -24 -9 27 -27 -23 -28 -22
right_child=-2 -3 4 -5 5 -7 7 20 -10 10 -12 -13 -14 -15 15 16 -18 -19 -20 -21 29 25 23 -25 -26 26 28 -29 -30 -31
leaf_value=0.01436847054256889 -0.013259152278458329 0.0004263275689042592 0.039323038924218366 -0.053193730349977764 0.031560113828431283 -0.02324335565849063 -0.0026277371376416548 0.042361097270610611 0.016322546344178828 -0.034006465703434526 0.046131818323655295 -0.044669911253654652 0.018055750832425884 0.0034916261290261642 -0.097171540044199228 0.020584585618578372 -0.054471773616664325 -0.039295347947219367 0.025575336389835092 -0.06289690556660299 0.014546836264005592 -0.0058398749791866078 0.051767992082707041 -0.00059684866703100538 -0.0044569828616293876 -0.036941798772606199 0.038967396651109237 -0.054239641650740356 -0.010710527038516026 -0.01816349389417141
leaf_weight=8.8193341651931387 12.560801996209191 1801.1750565766124 3.8881585374474508 3.4673823006451121 2.5478001898154616 3.3032165244221687 5.0366041827946919 2.2067270204424849 8.7228083517402393 3.5855754595249936 3.6809790246188632 5.3162150997668514 9.0271476479247195 8.2312425728887302 3.4951209556311325 3.307292129844428 2.7188347093760967 5.1283674687147149 3.0699067991226903 3.5574431903660297 26.161314206197861 3.4843961149454135 3.5177861005067816 3.2893306612968445 49.884008118882775 3.8698133509606096 3.1166895329952231 5.6850206591188908 5.7593680303543815 4.6786659862846127
leaf_count=283 3219 21724 32 18 33 19 36 18 61 33 20 46 66 57 23 24 21 26 19 29 198 36 22 26 376 32 17 30 43 36
internal_value=-7.20627e-11 8.32839e-05 -0.00302858 -0.00401377 0.0160717 0.000620581 -0.00309375 -0.00396615 -0.00978964 -0.0138458 -0.00123117 -0.0109552 0.00325538 -0.021737 -0.0296289 -0.0424016 -0.0132789 -0.0627527 -0.0135866 -0.0275757 -0.000582341 -0.00446219 0.000870876 0.0264643 -0.00247362 -0.0187949 -0.00652717 -0.0358476 0.0067331 0.00958442
internal_weight=2012.29 1999.73 198.557 188.817 9.73918 5.85102 185.35 176.531 64.8775 56.1547 21.6099 17.9289 12.6127 34.5448 26.3136 14.6496 6.02613 8.62349 11.664 8.59405 111.653 80.8131 58.8979 6.80712 52.0907 21.9153 12.7459 9.16942 8.87606 30.84
internal_count=26623 23404 1680 1596 84 52 1578 1295 461 400 165 145 99 235 178 94 45 49 84 65 834 600 442 48 394 158 92 66 60 234
is_linear=0
shrinkage=0.05


Tree=130
num_leaves=31
num_cat=0
split_feature=6 14 18 14 14 9 14 14 0 14 20 9 11 0 20 14 0 15 14 21 9 18 6 21 14 11 11 11 11 14
split_gain=1.24097 3.13421 2.55447 2.80169 4.31556 3.01675 2.40517 2.31547 2.21453 2.71263 3.2262 2.13758 1.98053 1.93064 3.35568 4.48265 3.21302 3.73559 2.31102 1.36753 1.85116 1.65046 3.38139 3.1525 3.91349 3.51681 2.99941 2.53832 2.39489 1.81209
threshold=1.9500000000000002 485.50000000000006 1540.0000000000002 964.50000000000011 906.50000000000011 7.9000000000000012 483.50000000000006 488.50000000000006 3.5000000000000004 506.50000000000006 1.5000000000000002 9.1000000000000014 4.5000000000000009 3.5000000000000004 1.5000000000000002 504.50000000000006 7.5000000000000009 -2.4999999999999996 504.50000000000006 11.500000000000002 3.6333333333333337 1215.0000000000002 1.8500000000000003 9.5000000000000018 458.50000000000006 2.5000000000000004 1.5000000000000002 4.5000000000000009 10.500000000000002 467.50000000000006
decision_type=2 10 8 10 8 10 8 10 2 8 8 10 10 2 8 10 2 10 10 2 8 10 2 2 10 8 8 8 8 8
left_child=1 6 3 4 5 7 19 -3 -4 10 -10 -7 13 18 16 -16 -15 -18 -9 21 -21 22 -1 27 25 26 -25 -23 -29 -26
right_child=-2 2 8 -5 -6 11 -8 12 9 -11 -12 -13 -14 14 15 -17 17 -19 -20 20 -22 23 -24 24 29 -27 -28 28 -30 -31
leaf_value=-0.0023967805109260613 0.00034787799187291916 -0.04220019985316973 0.038308062767477696 0.01794470195914253 -0.076914917129978805 -0.076483920450632986 0.041902997404496718 -0.0033525199032506596 -0.076365682810409688 0.022569139042981072 0.011181371678561314 -0.019527577199994529 0.015228421712498972 0.023025298028699234 -0.098606605866247074 -0.0046324937572642293 0.020466564487979268 -0.068107384133771529 -0.060170430434679213 0.033549066794630183 -0.00076533012849757678 0.015386538255706052 0.047072068661923885 0.0091283655311974864 -0.072715486037443447 0.054163854908258049 -0.069329785702946706 -0.046358367994024437 0.013496370346775933 -0.02855133088366394
leaf_weight=15.664854897186162 1868.3687829159026 5.3658770509064189 4.1039546141400924 5.2485363893210879 3.1701242458075276 3.2998067205771795 3.6690230797976247 3.1771559179760542 2.210403295233843 4.0588658032938847 2.0085427584126592 3.2895047483034432 7.8360738195478907 10.069865540601315 1.9925958290696133 3.494426041841507 2.233197670429945 2.5492281634360543 4.0981212295591831 6.6524598980322507 9.6052733771502954 14.617942251730712 4.431653916835784 3.2175341146066812 3.84733182378113 2.2613342106342316 1.9603179953992365 4.015453625470399 2.8625948783010244 5.8607726218178877
leaf_count=160 25241 34 32 57 16 20 30 31 28 33 21 29 56 85 24 33 21 26 41 72 93 159 23 42 43 18 19 35 27 74
internal_value=5.57109e-11 -0.00442535 -0.0122695 -0.0168266 -0.020435 -0.0166581 0.00237577 -0.0115902 0.0082766 -0.00661233 -0.0346866 -0.0480503 -0.00695702 -0.0132525 -0.00534555 -0.0387589 0.00699867 -0.026747 -0.0353577 0.000442019 0.0132757 -0.00311003 0.00851202 -0.00915409 -0.0251438 0.00214338 -0.0205756 0.00360087 -0.0214473 -0.0460536
internal_weight=2015.24 146.873 68.2063 55.8245 50.576 47.4059 78.6665 40.8165 12.3818 8.27781 4.21895 6.58931 35.4507 27.6146 20.3393 5.48702 14.8523 4.78243 7.27528 74.9975 16.2577 58.7398 20.0965 38.6433 17.1473 7.43919 5.17785 21.496 6.87805 9.7081
internal_count=26623 1382 587 473 416 400 795 351 114 82 49 49 317 261 189 57 132 47 72 765 165 600 183 417 196 79 61 221 62 117
is_linear=0
shrinkage=0.05


Tree=131
num_leaves=31
num_cat=0
split_feature=6 14 14 14 14 9 9 9 9 15 21 18 1 13 0 5 20 0 15 21 15 9 6 1 5 5 9 21 5 18
split_gain=1.37322 2.41692 2.08417 1.89894 5.69695 1.71482 2.76169 3.57868 2.42966 2.25066 1.89333 1.83591 2.25409 2.42412 1.74321 1.68104 1.62203 1.60754 1.60088 1.37757 1.88025 1.68625 1.46567 1.30171 1.28893 1.71723 1.28795 1.27591 2.90658 1.51881
threshold=1.9500000000000002 485.50000000000006 483.50000000000006 964.50000000000011 906.50000000000011 5.9000000000000012 4.9000000000000012 4.2250000000000005 3.7750000000000004 -1.4999999999999998 11.500000000000002 1450.0000000000002 6.5000000000000009 2.5000000000000004 3.5000000000000004 56.250000000000007 1.5000000000000002 7.5000000000000009 2.5000000000000004 11.500000000000002 -8.4999999999999982 3.6333333333333337 1.5500000000000003 4.5000000000000009 55.500000000000007 56.750000000000007 7.7750000000000012 9.5000000000000018 54.750000000000007 1215.0000000000002
decision_type=2 10 8 10 8 8 10 8 8 8 2 10 8 2 2 8 10 2 8 2 8 8 2 10 8 10 10 2 10 10
left_child=1 2 19 4 5 6 7 8 11 -8 15 12 13 -3 -13 18 -17 -16 -7 20 -1 -21 -23 24 -15 -26 27 -22 -29 -30
right_child=-2 3 -4 -5 -6 10 9 -9 -10 -11 -12 14 -14 23 17 16 -18 -19 -20 21 26 22 -24 -25 25 -27 -28 28 29 -31
leaf_value=-0.041735590943761558 0.00036416140042780642 0.0086868948221814572 0.039203003960908867 0.017213133402398367 -0.076658405006679517 -0.061375361876028892 -0.0088913599871457156 -0.053131486967314817 0.029259391274170495 0.042739797220604309 -0.059303292852749705 0.04161424466196683 0.02419352770638426 -0.052836082515243722 -0.029353226735001816 -0.021712837879842697 0.029452909855858661 0.025213888280923719 -0.0019621997029603804 0.032423436707747631 0.002186541189829673 0.03539371820258768 -0.011270209250804871 -0.062502143052519277 0.015571518832506785 -0.039751261616676165 0.018195204564492789 0.017843256985659788 -0.0022090772901840728 -0.035874562770670464
leaf_weight=3.1261659245938063 1869.4372503627383 3.6984081473201593 3.4643335305154315 5.2570507819764307 3.4358946848660699 2.8904047948308262 3.7787420749664307 4.5429087430238715 4.3014309741556636 4.7815189585089666 3.2101944088935843 2.6698160134255868 2.5018680673092595 3.0975394621491441 3.3636969365179539 3.4335544733330616 2.8220570916309953 2.2542335959151387 1.8655815990641711 6.3998205726966289 28.048423618543893 2.1752124186605197 7.4322138782590628 3.6535154320299634 2.7490049311891207 2.8640995328314602 6.9840659685432902 5.2796330573037293 4.9188950574025503 10.505306607577948
leaf_count=32 25241 26 30 58 16 23 24 27 37 34 23 23 27 28 34 40 26 21 29 72 274 40 53 32 25 34 88 61 36 109
internal_value=4.42257e-11 -0.0046787 0.00128861 -0.0116377 -0.0140873 -0.010411 -0.00555732 -0.0116738 -0.00562827 0.0199483 -0.0255151 -0.0112169 -0.0199523 -0.0268283 0.00835028 -0.0156648 0.00136926 -0.00745779 -0.03807 -0.000465743 -0.00400256 0.01254 -0.000705054 -0.0374518 -0.0269449 -0.0126571 -0.00188617 -0.00476295 -0.0141777 -0.0251384
internal_weight=2014.94 145.506 78.3341 67.1715 61.9145 58.4786 44.2568 35.6965 31.1536 8.56026 14.2218 26.8522 18.5644 16.0626 8.28775 11.0116 6.25561 5.61793 4.75599 74.8697 58.8625 16.0072 9.60743 12.3642 8.71064 5.6131 55.7363 48.7523 20.7038 15.4242
internal_count=26623 1382 795 587 529 513 372 314 287 58 141 250 172 145 78 118 66 55 52 765 600 165 93 119 87 59 568 480 206 145
is_linear=0
shrinkage=0.05


Tree=132
num_leaves=31
num_cat=0
split_feature=6 14 14 6 15 5 1 9 9 14 20 14 14 15 9 5 15 0 14 9 9 14 0 7 14 15 15 15 0 9
split_gain=1.31093 2.16188 2.90477 1.43903 1.82373 2.00192 2.78326 1.83947 2.82044 4.59528 1.75626 2.83765 5.58093 1.56981 1.29538 1.61566 1.58919 1.42938 1.17365 2.65861 2.24981 1.88476 1.22757 1.12369 1.28824 1.20899 1.54334 1.4808 2.31838 3.66639
threshold=1.8500000000000003 964.50000000000011 534.50000000000011 1.2500000000000002 -1.0000000180025095e-35 56.250000000000007 5.5000000000000009 8.3666666666666689 5.9000000000000012 478.50000000000006 1.5000000000000002 504.50000000000006 493.50000000000006 4.5000000000000009 4.1000000000000005 55.500000000000007 -5.4999999999999991 4.5000000000000009 493.50000000000006 2.1000000000000005 4.9000000000000012 466.50000000000006 4.5000000000000009 0.099504950495049524 381.50000000000006 13.500000000000002 15.500000000000002 8.5000000000000018 2.5000000000000004 6.7750000000000012
decision_type=2 8 8 2 10 8 8 10 10 10 8 8 10 10 10 8 10 2 8 10 10 10 2 2 8 8 8 10 2 10
left_child=1 2 3 -1 7 6 18 8 10 -10 11 12 14 -7 15 16 -5 -17 20 -20 -6 22 -22 24 -2 27 -27 -26 29 -29
right_child=23 -3 -4 4 5 13 -8 -9 9 -11 -12 -13 -14 -15 -16 17 -18 -19 19 -21 21 -23 -24 -25 25 26 -28 28 -30 -31
leaf_value=0.015719969802206513 -0.047376549593238254 0.030165097191503867 -0.03609206732239946 -0.05034814370530788 0.015796405211903692 0.029054031575856398 -0.049436670185419695 0.020578616699780616 -0.0021195326129231549 -0.078188919451753228 0.0083187578020920572 -0.052980239740591108 0.041930749250650386 -0.0064777475935942561 -0.04590802556845585 0.040495428391417579 -0.0051225039488298693 -0.015486680228863438 -0.052409277128631221 0.0088437248872362869 -0.027237487001140717 -0.039186249032389181 0.022999363816778515 0.0010472023880789738 -0.0017497497718096597 -0.041310298063688057 -0.0069982148198584546 -0.0054455736533485476 0.0019709439917673685 0.064371294254884595
leaf_weight=8.2778193014673871 1.5393412150442589 4.1768343243747941 7.7073199301958075 3.9092669598758247 15.467649808153512 9.0605638260021788 3.283131467178463 3.7324612606316796 3.7091004848480216 4.2719044331461191 9.6012567952275258 4.4632025230675927 4.270071752369403 4.7319878526031962 4.2651735786348572 2.0576806990429768 3.860792602412408 2.5572768058627844 3.2479578740894786 3.8969900794327259 1.888012045994399 4.3845519293099642 3.4165141945704818 1394.5036728158593 443.90220424483414 3.8344318125164136 22.552626959630292 3.3784167000558218 25.418841833481565 4.2409483795054257
leaf_count=267 86 52 67 36 135 77 28 36 33 25 84 36 30 45 35 19 36 27 22 33 24 43 34 8511 14958 174 774 96 725 75
internal_value=6.91847e-11 -0.00515452 -0.00647098 -0.00428323 -0.0060067 0.000692606 -0.00557525 -0.0130904 -0.0160152 -0.0428364 -0.00989654 -0.0167864 -0.00906474 0.0168637 -0.0221429 -0.0139587 -0.0278764 0.00947418 -0.00111719 -0.0190007 0.00396204 -0.0149303 0.00511883 0.000315446 -0.00170575 -0.00156608 -0.0119843 -0.000989685 0.00922257 0.0334146
internal_weight=2015.61 116.238 112.061 104.353 96.0755 49.3774 35.5848 46.6982 42.9657 7.981 34.9847 25.3835 20.9203 13.7926 16.6502 12.385 7.77006 4.61496 32.3017 7.14495 25.1567 9.68908 5.30453 1899.37 504.867 503.327 26.3871 476.94 33.0382 7.61937
internal_count=26623 1224 1172 1105 838 441 319 397 361 58 303 219 183 122 153 118 72 46 291 55 236 101 58 25399 16888 16802 948 15854 896 171
is_linear=0
shrinkage=0.05


Tree=133
num_leaves=31
num_cat=0
split_feature=6 2 21 15 18 15 18 6 12 15 9 9 14 14 15 14 9 9 18 15 15 21 0 15 5 9 9 21 11 5
split_gain=1.95241 2.77263 2.90214 3.45988 2.13556 1.88722 2.22591 1.87376 3.16329 3.65391 2.52413 2.87537 2.02856 3.69809 1.99105 1.51242 1.4013 2.00298 2.15499 1.38426 1.25648 1.13054 1.51144 1.11804 3.79182 3.05254 3.45475 5.2679 3.00813 2.97802
threshold=1.7500000000000002 1.0000000180025095e-35 11.500000000000002 5.5000000000000009 1450.0000000000002 3.5000000000000004 1215.0000000000002 1.2500000000000002 0.55000000000000016 -4.4999999999999991 3.4500000000000006 4.7750000000000012 513.50000000000011 487.50000000000006 3.5000000000000004 500.50000000000006 5.9000000000000012 8.1000000000000014 1350.0000000000002 -1.0000000180025095e-35 8.5000000000000018 9.5000000000000018 5.5000000000000009 -1.0000000180025095e-35 52.500000000000007 8.1000000000000014 3.5500000000000003 9.5000000000000018 7.5000000000000009 682.50000000000011
decision_type=2 2 2 10 10 8 8 2 10 10 10 10 8 10 10 10 8 10 10 8 10 2 2 10 8 10 10 2 10 10
left_child=1 2 3 4 5 16 -7 19 9 12 14 -12 13 -9 -11 -13 -1 18 -18 -3 -5 -10 -23 24 25 26 27 -2 29 -26
right_child=23 7 -4 20 -6 6 -8 8 21 10 11 15 -14 -15 -16 -17 17 -19 -20 -21 -22 22 -24 -25 28 -27 -28 -29 -30 -31
leaf_value=0.011417679371762345 0.036797992293321535 0.03888302043584687 0.029471821857365285 0.049737339171050339 -0.05128257862953748 -0.058167703944247917 0.0050160676780834704 -0.01888604208768337 -0.084085111661225453 0.034181825576785389 -0.047133372548522429 0.013070894520891134 -0.0056574301567880545 -0.092103153012687941 -0.014387171537557645 -0.023016482778016156 -0.0063109478048782794 0.020703359528204148 -0.081053753783678698 -0.012199518704842365 0.0056947758052742258 -0.0053903182178586424 -0.068134381943433409 -0.00075909588024565804 0.0026547675883174839 -0.030975623463324928 0.034135094557957733 -0.053117623817177821 -0.0057055377100803956 -0.034169785960841317
leaf_weight=11.360359702724969 3.2998368175467538 2.5656033735722303 7.9121321476995936 3.3473711162805548 3.1063818857073775 3.3627934632822898 2.3807795736938715 3.561557445675132 1.9697618260979641 6.0404055863618868 4.9829479567706612 6.9874390447512251 3.1006964445114145 3.3437661770731211 3.2429813165217638 4.9673402896150947 2.1607592767104498 2.1202258784323931 1.7417324641719463 2.7453053435310713 3.1370002487674356 1.875824739225209 1.9655256085097788 1058.4123765066033 695.96692420361796 2.7628063851152538 20.78506268595811 3.217004552250728 138.23760243318975 5.5339031735202289
leaf_count=145 35 72 105 31 50 24 28 36 20 54 47 64 21 18 30 40 26 29 28 99 37 20 22 14047 7533 119 316 33 3422 72
internal_value=5.71507e-11 -0.00728415 0.00229798 -0.00427353 -0.0123574 -0.00712898 -0.0319773 -0.0155064 -0.0190418 -0.0135485 -0.00373924 -0.0152241 -0.0392541 -0.05434 0.0172151 -0.0019238 0.00108119 -0.018416 -0.0396696 0.0124775 0.0284305 -0.0532874 -0.0374949 0.000332354 0.00166048 0.0191077 0.0241759 -0.00758838 0.00103582 0.00236427
internal_weight=2016.19 87.9787 40.6295 32.7174 26.233 23.1267 5.74357 47.3492 42.0382 36.2271 26.2211 16.9377 10.006 6.90532 9.28339 11.9548 17.3831 6.02272 3.90249 5.31091 6.48437 5.81111 3.84135 1928.22 869.803 30.0647 27.3019 6.51684 839.738 701.501
internal_count=26623 1046 503 398 330 280 52 543 372 310 235 151 75 54 84 104 228 83 54 171 68 62 42 25577 11530 503 384 68 11027 7605
is_linear=0
shrinkage=0.05


Tree=134
num_leaves=31
num_cat=0
split_feature=6 2 21 15 6 12 15 9 9 15 18 15 15 21 12 14 9 9 18 15 18 15 18 7 14 9 1 0 18 9
split_gain=2.30229 2.82742 2.68931 2.92463 1.8482 3.23096 2.85653 2.54297 2.71847 1.85924 1.83721 1.75079 1.64826 1.43009 1.40548 1.39749 1.36066 1.97734 2.10198 1.26554 1.11464 1.098 1.09767 1.0791 1.39314 1.15016 2.10207 2.80334 2.66716 1.88067
threshold=1.7500000000000002 1.0000000180025095e-35 11.500000000000002 5.5000000000000009 1.2500000000000002 0.55000000000000016 -4.4999999999999991 3.4500000000000006 4.7750000000000012 3.5000000000000004 1450.0000000000002 -3.4999999999999996 3.5000000000000004 9.5000000000000018 0.22500000000000003 510.50000000000006 5.9000000000000012 8.1000000000000014 1350.0000000000002 -1.0000000180025095e-35 960.00000000000011 8.5000000000000018 1590.0000000000002 0.099504950495049524 1125.5000000000002 3.4500000000000006 4.5000000000000009 3.5000000000000004 1590.0000000000002 3.5500000000000003
decision_type=2 2 2 10 2 10 10 10 10 10 10 10 10 2 8 10 10 10 10 8 10 10 10 2 10 8 8 2 8 8
left_child=1 2 3 10 19 6 14 9 -9 -8 12 -10 16 -7 -6 -13 20 18 -18 -3 -1 -5 -12 25 -25 26 -2 28 -28 -27
right_child=23 4 -4 21 5 13 7 8 11 -11 22 15 -14 -15 -16 -17 17 -19 -20 -21 -22 -23 -24 24 -26 29 27 -29 -30 -31
leaf_value=-0.022493669576624763 0.011463663989713978 0.038232588137448058 0.028616079623461538 0.047013707998102415 -0.051655459414159326 -0.081639534494880553 0.033359127928936395 -0.04576264774514379 -0.040474109945675116 -0.01371545902899456 -0.02304282153151339 0.018889912890102535 -0.03715185488527125 -0.033501208828233479 -0.013299701994833546 -0.023107287065253716 -0.0052697416601939938 0.020160273843282672 -0.075742071035914779 -0.011042774027813083 0.015286054217966761 0.0051957214705070512 -0.082492800509268424 0.0011599980060505476 -0.024289568495960853 -0.059696041900370013 0.040375398067484761 -0.02461682698624449 -0.040958504594374612 -0.0022854334331312964
leaf_weight=2.390547366812835 39.000602678977884 2.4496729481033981 7.6365994764491907 3.1703957300633183 6.0244415495544645 2.4873406542465082 5.8108038157224673 5.3904666649177697 2.4829575382173052 3.2823137622326612 1.9262873735278838 6.789112212136386 3.7317684944719067 4.0630906773731112 3.9572028946131477 2.7968682991340756 2.1786872111260882 2.0667756414040923 2.0572329657152295 2.7837957423180333 10.650585521012543 3.1090190429240465 1.300744450651109 1421.3586098458618 5.3978395592421284 1.4310636318987224 3.9687231811694827 10.811703873565419 1.3511165794916449 446.32617504463997
leaf_count=31 703 72 105 31 37 20 54 47 10 30 30 68 29 42 38 26 26 29 28 99 137 37 20 8649 40 39 80 249 31 15786
internal_value=5.62875e-12 -0.007884 0.00190965 -0.00434981 -0.016036 -0.0194442 -0.0136464 -0.00507428 -0.0162411 0.0163668 -0.0116692 -0.0030556 -0.00672755 -0.0517804 -0.0364494 0.00663654 -0.000858165 -0.0199333 -0.0394956 0.012022 0.00836072 0.0263091 -0.0470058 0.000361737 0.00106371 -0.00162986 0.00518462 -0.00999599 0.0197185 -0.00246892
internal_weight=2018.18 88.5367 40.2186 32.582 48.3181 43.0846 36.5342 26.5525 17.4594 9.09312 26.3026 12.0689 23.0756 6.55043 9.98164 9.58598 19.3438 6.3027 4.23592 5.23347 13.0411 6.27941 3.22703 1929.65 1426.76 502.889 55.1321 16.1315 5.31984 447.757
internal_count=26623 1046 503 398 543 372 310 235 151 84 330 104 280 62 75 94 251 83 54 171 168 68 50 25577 8689 16888 1063 360 111 15825
is_linear=0
shrinkage=0.05


Tree=135
num_leaves=31
num_cat=0
split_feature=6 0 0 2 14 11 1 18 6 21 15 9 12 9 1 21 15 0 9 12 0 1 15 11 7 9 11 15 9 5
split_gain=2.63843 2.72748 2.73176 3.11411 3.03538 2.46667 3.00619 2.52078 2.28132 1.79412 1.74103 2.39347 1.69719 1.95464 1.64815 1.59831 1.57736 1.55407 1.48626 1.46313 1.33135 1.17013 1.10932 1.10678 1.08863 1.14849 4.56482 4.98158 3.32937 3.20141
threshold=1.7500000000000002 9.5000000000000018 8.5000000000000018 1.0000000180025095e-35 477.50000000000006 3.5000000000000004 3.5000000000000004 1265.0000000000002 1.3500000000000003 9.5000000000000018 4.5000000000000009 7.1000000000000005 0.36666666666666675 3.9000000000000004 3.5000000000000004 10.500000000000002 -1.0000000180025095e-35 6.5000000000000009 4.7750000000000012 1.0000000180025095e-35 4.5000000000000009 4.5000000000000009 -3.4999999999999996 1.5000000000000002 0.099504950495049524 3.1000000000000005 3.5000000000000004 -3.4999999999999996 2.2250000000000005 53.250000000000007
decision_type=2 2 2 2 10 10 10 10 2 2 8 10 10 8 10 2 10 2 10 10 2 10 10 10 2 8 10 10 10 8
left_child=1 2 3 10 16 6 -5 -8 20 14 12 -12 13 19 -7 -10 -4 -15 21 -1 -9 23 -11 -14 -2 26 28 -28 -26 -30
right_child=24 -3 4 5 -6 9 7 8 15 22 11 -13 18 17 -16 -17 -18 -19 -20 -21 -22 -23 -24 -25 25 -27 27 -29 29 -31
leaf_value=-0.068727017750229311 -0.0016147848052755415 0.015416526701332436 -0.033911855691785266 -0.00658422503458116 -0.062249152107366604 -0.007050638814801129 -0.0025062094798661942 0.020489826572480559 -0.042198520774427643 -0.043883782973142889 0.035691010430160375 -0.029964170196513085 0.015403338529635125 0.0086369672755096903 0.049999929587805157 -0.081774685607969244 0.035197725639252907 -0.037709040394198493 -0.029604753740670911 -0.0099328508082330326 -0.053367960987413303 -0.0093517929153579867 0.0034392128248334542 0.062887365038223411 0.0016583058404122594 0.0017501960539824078 -0.013593194477894055 0.019777696959708314 0.025697236126173306 -0.013426667915843557
leaf_weight=2.3846395267173657 501.47630421814392 10.605586684308944 1.7317385594360533 12.369650302454831 5.185855153016746 2.3047622889280301 3.6522164908237782 1.6039118487387889 5.6354062426835281 2.2489261757582426 6.897262495011093 1.7378967050462959 2.7270956169813854 7.6638837116770446 2.8086945619434118 4.6612820345908403 1.5779811907559613 2.36756307259202 1.5949115185067055 1.9023041082546113 0.98477587988600124 1.9028816819190977 2.7559493742883205 2.2311927601695061 88.032773345708847 1175.5965579980984 15.420590287074445 40.699558231979609 5.5091260708868495 102.73337298631668
leaf_count=26 16888 133 21 158 47 22 36 35 41 15 78 25 45 100 29 28 20 30 33 17 29 28 33 17 577 7142 86 216 28 640
internal_value=-2.31563e-11 -0.00839061 -0.0115895 -0.00835897 -0.0383729 -0.0177909 -0.0252279 -0.0391729 -0.0495657 0.00345624 0.0033599 0.0224774 -0.00388867 -0.014378 0.0242858 -0.0601145 -0.000962353 -0.00230134 0.0138726 -0.0426375 -0.00760679 0.0239791 -0.0178252 0.0367708 0.000389363 0.00109317 -0.00196709 0.0106081 -0.00556266 -0.0114354
internal_weight=2019 89.5364 78.9308 70.4352 8.49557 39.0256 28.9072 16.5376 12.8854 10.1183 31.4096 8.63516 22.7745 14.3184 5.11346 10.2967 3.30972 10.0314 8.45608 4.28694 2.58869 6.86117 5.00488 4.95829 1929.47 1427.99 252.395 56.1201 196.275 108.242
internal_count=26623 1046 913 825 88 426 327 169 133 99 399 103 296 173 51 69 41 130 123 43 64 90 48 62 25577 8689 1547 302 1245 668
is_linear=0
shrinkage=0.05


Tree=136
num_leaves=31
num_cat=0
split_feature=6 14 14 5 1 21 7 0 0 2 21 21 6 15 5 12 9 5 15 14 20 11 11 20 14 14 1 15 12 1
split_gain=1.76948 2.21161 3.04126 1.31238 3.45199 2.46896 2.07949 2.06317 2.05791 2.78856 2.0285 2.53766 1.88428 1.84523 2.02798 1.82552 1.74056 1.72375 1.65172 1.46965 3.99103 2.7844 1.46908 2.69499 1.44572 2.39079 1.36647 1.329 1.31062 1.24904
threshold=1.8500000000000003 964.50000000000011 534.50000000000011 56.250000000000007 5.5000000000000009 12.500000000000002 0.60661764705882371 8.5000000000000018 3.5000000000000004 1.0000000180025095e-35 10.500000000000002 11.500000000000002 1.7500000000000002 5.5000000000000009 55.500000000000007 0.36666666666666675 5.7750000000000012 54.750000000000007 5.5000000000000009 497.50000000000006 2.5000000000000004 1.5000000000000002 1.5000000000000002 1.5000000000000002 435.50000000000006 475.50000000000006 3.5000000000000004 -2.4999999999999996 0.22500000000000003 3.5000000000000004
decision_type=2 8 10 8 10 2 2 2 2 2 2 2 2 10 10 10 10 10 8 10 8 8 8 10 10 10 10 10 10 10
left_child=1 2 3 4 5 7 -6 8 9 18 15 -12 19 14 -11 16 17 -10 24 28 21 -21 -9 -24 -1 27 -13 -26 -5 -18
right_child=-2 -3 -4 12 6 -7 -8 22 10 13 11 26 -14 -15 -16 -17 29 -19 -20 20 -22 -23 23 -25 25 -27 -28 -29 -30 -31
leaf_value=0.024421268240981821 0.00036921653502079835 0.030074850119907362 -0.036157518218891294 0.020533148171011886 -0.058594176006161451 0.047422501493696895 -0.0082452605619893395 -0.056113517547706208 0.017772630017432872 -0.056755095867260588 -0.040301053330411792 0.029255623251948443 0.026472692235625001 -0.075799313384358843 0.0047086354956968352 0.033121398875232411 0.0033406095175302995 -0.024071753701608883 0.034736268525614282 0.0047068585995589489 0.040980432799035231 -0.055096524675401687 0.0021983005141096978 -0.058878370659138105 -0.012622638780014225 0.024946715981484527 -0.016170137866934404 -0.07818919377495645 -0.013493693694379957 0.049411661423813508
leaf_weight=1.9781707376241691 1898.4590890243417 4.1136391875334075 8.4215734470635635 8.0982918110676163 5.1137218289077264 2.2023826390504828 3.4238424608483911 2.9163009393960211 3.9039892032742554 2.4161864118650547 4.8101800577715021 3.4412006922066212 7.0648206137120715 2.3301634741947055 3.01880157366395 7.6353475488722315 3.0863384474068871 6.6593666300177574 2.7223333995789298 3.0986318411305502 2.3451167428866038 5.233957796357573 6.3392466250807047 2.525724177248776 1.3156432476826019 1.5267777633853254 3.1903750188648701 1.8733277907595032 4.3500302257016292 2.811161270365119
leaf_count=16 25399 52 67 96 26 28 54 40 42 26 49 29 42 15 35 74 34 68 29 41 27 45 63 20 19 20 32 33 76 26
internal_value=4.59755e-11 -0.00594187 -0.00724319 -0.0049336 -0.00846727 -0.00463574 -0.0384026 -0.00641327 -0.00218594 -0.0163934 0.00468287 -0.0126527 0.0038729 -0.0385751 -0.0226158 0.0129145 0.00354149 -0.00860697 0.00189888 -0.00303116 -0.0166407 -0.0328575 -0.0253299 -0.0152031 -0.0114557 -0.0265054 0.00740181 -0.051139 0.00864257 0.0253013
internal_weight=2016.43 117.967 113.853 105.431 75.2406 66.703 8.53756 64.5006 52.7194 17.1814 35.538 11.4418 30.1908 7.76515 5.43499 24.0962 16.4609 10.5634 9.41625 23.126 10.6777 8.33259 11.7813 8.86497 6.69392 4.71575 6.63158 3.18897 12.4483 5.8975
internal_count=26623 1224 1172 1105 778 698 80 670 547 193 354 110 327 76 61 244 170 110 117 285 113 86 123 83 88 72 61 52 172 60
is_linear=0
shrinkage=0.05


Tree=137
num_leaves=31
num_cat=0
split_feature=6 14 14 18 0 6 14 18 0 21 0 15 0 5 14 1 14 11 2 11 9 14 21 6 9 15 15 14 18 21
split_gain=2.26049 2.11963 3.43716 1.60954 1.28145 1.19656 1.23716 3.87243 3.94834 2.22952 2.08063 1.47223 1.098 1.78878 1.65665 1.92444 3.302 1.3885 1.57036 1.09465 2.20454 2.19222 1.95345 2.62775 1.92219 1.91937 1.78156 1.6371 1.52439 1.1351
threshold=1.8500000000000003 964.50000000000011 540.50000000000011 1350.0000000000002 11.500000000000002 1.2500000000000002 504.50000000000006 1450.0000000000002 2.5000000000000004 9.5000000000000018 6.5000000000000009 -9.4999999999999982 8.5000000000000018 56.750000000000007 494.50000000000006 5.5000000000000009 480.50000000000006 1.5000000000000002 1.0000000180025095e-35 2.5000000000000004 7.5500000000000007 467.50000000000006 9.5000000000000018 1.6500000000000001 3.9000000000000004 3.5000000000000004 1.0000000180025095e-35 474.50000000000006 1265.0000000000002 10.500000000000002
decision_type=2 8 10 10 2 2 10 8 2 2 2 8 2 10 8 8 10 10 2 10 10 10 2 2 10 8 10 10 10 2
left_child=1 2 4 -4 5 -1 11 8 -8 -9 -10 -7 14 17 15 19 -17 -14 -19 20 21 22 28 26 -21 27 -24 -23 -13 -29
right_child=-2 -3 3 -5 -6 6 7 9 10 -11 -12 12 13 -15 -16 16 -18 18 -20 24 -22 25 23 -25 -26 -27 -28 29 -30 -31
leaf_value=0.011873390542253002 0.00041678011071105399 0.029148941450432387 -0.023184851050627051 -0.070056708745239948 0.025925553804213797 -0.036166849265332396 -0.079328205326520226 -0.01755550961142725 0.0026817908666985067 0.04055958494439512 -0.042106146393757864 -0.036579720944641188 -0.058303165849373451 0.018042069924624322 0.021951194347682532 -0.0039816990016858225 -0.079960327157059877 0.00012280338375362341 -0.049258271918532576 0.034029972162112933 0.037240761551193484 0.024484308303830426 0.020497272988324416 -0.088131530624547844 -0.0010814777983336155 0.034936248983578493 -0.058518659506525239 -0.046539250617051747 0.01475774514007828 -0.00032262128882488495
leaf_weight=8.1323650230187905 1899.9901336407638 3.9797035302035502 5.3101748535409552 2.7958896029740572 3.1341861318796864 3.6252259630709887 3.5600852649658945 3.1831405684351912 5.527069101110099 3.4272247422486544 4.8848163206130266 2.5774573013186508 2.5800610147416574 2.8750174641609183 7.1679011620581141 4.2975830985233179 2.1430969201028347 5.0241390466690063 2.3691665530204773 5.476995192468169 2.5388964861631385 2.3759960122406465 1.4921820685267451 2.4130363687872887 13.520402644760905 3.4192142877727747 1.3667752565816043 2.9028640501201153 3.2939766338095069 2.4497088603675365
leaf_count=267 25399 52 36 18 34 32 20 20 39 25 34 25 29 27 56 39 20 45 20 41 25 22 17 18 121 30 25 28 33 26
internal_value=3.88791e-11 -0.00671969 -0.00797335 -0.0393516 -0.0055683 -0.00653014 -0.00811402 -0.0189555 -0.0338731 0.012575 -0.0183308 -0.00509489 -0.00349222 -0.0167055 -0.000536424 -0.00374301 -0.0292631 -0.0267221 -0.0157012 7.30887e-06 -0.00690451 -0.0119325 -0.0276155 -0.0497081 0.00904124 0.00374439 -0.0172777 -0.0100553 -0.00777851 -0.0253873
internal_weight=2017.83 117.844 113.865 8.10606 105.759 102.624 94.492 20.5823 13.972 6.61037 10.4119 73.9097 70.2845 12.8484 57.4361 50.2682 6.44068 9.97337 7.39331 43.8275 24.8301 22.2912 11.1434 5.27199 18.9974 11.1478 2.85896 7.72857 5.87143 5.35257
internal_count=26623 1224 1172 54 1118 1084 817 138 93 45 73 679 647 121 526 470 59 94 65 411 249 224 118 60 162 106 42 76 58 54
is_linear=0
shrinkage=0.05


Tree=138
num_leaves=31
num_cat=0
split_feature=6 14 14 15 15 6 21 5 12 15 15 11 5 1 11 14 15 18 14 14 2 11 21 18 18 9 0 20 12 13
split_gain=1.883 1.89239 1.924 1.61795 1.74357 1.2674 1.21581 1.28915 2.08524 1.80266 1.91464 1.62476 2.66088 2.21566 2.1609 2.01873 2.49524 2.10735 1.80817 2.53709 2.58542 1.90384 1.70102 3.22928 2.52008 2.25972 1.22591 1.19588 1.42981 1.10418
threshold=1.8500000000000003 1003.5000000000001 534.50000000000011 5.5000000000000009 -1.4999999999999998 1.2500000000000002 12.500000000000002 56.250000000000007 0.55000000000000016 -1.0000000180025095e-35 5.5000000000000009 2.5000000000000004 54.750000000000007 4.5000000000000009 4.5000000000000009 506.50000000000006 5.5000000000000009 1450.0000000000002 489.50000000000006 478.50000000000006 1.0000000180025095e-35 7.5000000000000009 9.5000000000000018 1265.0000000000002 1050.0000000000002 4.5500000000000007 7.5000000000000009 1.0000000180025095e-35 0.22500000000000003 2.5000000000000004
decision_type=2 8 10 10 8 2 2 8 10 8 8 8 10 8 8 8 8 8 8 10 2 10 2 10 10 10 2 10 10 2
left_child=1 2 5 4 -4 -1 7 11 9 26 -11 15 14 18 -13 16 17 22 19 20 21 29 23 -7 -24 27 -9 28 -26 -14
right_child=-2 -3 3 -5 -6 6 -8 8 -10 10 -12 12 13 -15 -16 -17 -18 -19 -20 -21 -22 -23 24 -25 25 -27 -28 -29 -30 -31
leaf_value=0.013941464208728459 0.00037906861581149119 0.033529570523141483 -0.01534747559466024 -0.0017764838300535692 -0.067696658194416268 -0.038444771679819773 0.026792947115668653 -0.015494972109947401 -0.031510488159510283 0.037509492620683822 -0.0059724223192407881 0.050247897035442204 0.0047585490338313092 -0.044897360663444616 0.00046069929612677096 -0.044921667517528213 0.026681162396677251 -0.046806296309443204 0.024953201213052587 -0.057264375672933326 -0.031545052054402653 -0.02459815076317878 0.026882687271014963 0.031836273055493934 -0.031151694623753303 -0.068587830164348801 0.022430244092268268 -0.048734323783900628 0.025229044442994703 0.050290773002368998
leaf_weight=8.0233175961766374 1900.7189011800801 2.9289612695574752 2.9834750425070524 3.71894287224859 3.4069529036059958 2.4815646801144018 2.6283578965812913 8.754978356882928 4.0322949402034274 7.0913572972640422 3.9373555574566153 3.4944715350866291 2.3441902138292798 4.291473150253295 5.7912983745336541 6.1775889471173278 3.4187131021171764 5.3045010184869161 3.9580792598426333 2.6679516974836579 4.9970632046461105 2.1913372315466404 2.088599879294633 4.7879250915721059 2.2169179581105691 3.1338061541318893 2.8162202667444935 2.0364231616258621 2.2819857578724623 3.0821667350828692
leaf_count=267 25399 40 19 29 31 26 30 64 39 63 37 30 22 35 58 32 30 57 34 20 35 18 20 41 19 34 24 23 23 24
internal_value=2.55501e-11 -0.00615455 -0.0071729 -0.0279973 -0.0432566 -0.00514924 -0.00674466 -0.00768865 0.0016119 0.00752162 0.021986 -0.0113996 -0.00346778 -0.0124112 0.0191969 -0.019072 -0.0133176 -0.0189376 -0.00516547 -0.0129659 -0.00359705 0.0147363 -0.0111682 0.00784464 -0.0229233 -0.0336817 -0.00626466 -0.0169436 -0.00255361 0.0306208
internal_weight=2017.79 117.068 114.139 10.1094 6.39043 104.03 96.0066 93.3783 26.6322 22.5999 11.0287 66.7461 32.818 23.5323 9.28577 33.928 27.7504 24.3317 19.2408 15.2827 12.6148 7.61769 19.0272 7.26949 11.7577 9.66913 11.5712 6.53533 4.4989 5.42636
internal_count=26623 1224 1184 79 50 1105 838 808 227 188 100 581 276 188 88 305 273 243 153 119 99 64 186 67 119 99 88 65 42 46
is_linear=0
shrinkage=0.05


Tree=139
num_leaves=31
num_cat=0
split_feature=6 2 12 15 21 18 15 9 1 0 15 0 11 15 0 14 9 0 0 1 1 11 11 15 15 21 21 14 1 7
split_gain=2.06307 2.18899 2.6612 2.54359 2.13542 2.26091 1.8054 1.68345 1.58092 1.67507 1.98334 1.66773 1.55234 2.45671 1.47952 1.21042 1.96618 1.17981 1.16988 1.16301 1.568 1.13925 1.17676 1.1609 1.3234 1.25521 1.10325 1.10172 1.09346 1.28551
threshold=1.7500000000000002 1.0000000180025095e-35 0.55000000000000016 -3.4999999999999996 11.500000000000002 1590.0000000000002 -12.499999999999998 1.3666666666666669 2.5000000000000004 6.5000000000000009 -9.4999999999999982 1.5000000000000002 1.5000000000000002 -1.0000000180025095e-35 3.5000000000000004 492.50000000000006 7.9000000000000012 7.5000000000000009 9.5000000000000018 3.5000000000000004 5.5000000000000009 5.5000000000000009 2.5000000000000004 4.5000000000000009 -2.4999999999999996 9.5000000000000018 9.5000000000000018 515.50000000000011 3.5000000000000004 0.60661764705882371
decision_type=2 2 10 10 2 10 10 10 8 2 8 2 8 10 2 8 8 2 2 10 8 8 10 10 10 2 2 10 10 2
left_child=1 4 6 -4 5 8 14 26 -1 11 -11 -10 13 -12 -3 28 18 -14 19 -17 27 22 23 24 -13 -26 -5 -21 29 -8
right_child=-2 2 3 7 -6 -7 15 -9 9 10 12 21 17 -15 -16 16 -18 -19 -20 20 -22 -23 -24 -25 25 -27 -28 -29 -30 -31
leaf_value=0.024466568218236485 0.00034282343369546785 -0.070551147882734366 0.012667190676239099 -0.051929232868207144 0.025860733927344465 -0.050742360976512794 0.023701304725516775 -0.068328689708712753 -0.041956112569676664 -0.071156515210676216 0.014527694393566867 0.030669232878635252 -0.025387654831959872 -0.086707704694511167 -0.0090792720168615029 0.0070720965451873691 -0.048676439468669279 0.024862364271362302 0.024120604902043593 -0.053507004119723069 0.0092341785453874843 -0.021795366030042888 0.041287317431926547 0.045701902894169699 0.0064435993695019346 -0.045038972603262284 0.010981275591133493 -0.01087555768505075 0.018035108926978991 -0.022490001904772974
leaf_weight=5.2497474104166058 1929.3175948399585 2.0305379237979646 1.977896917145699 1.3635812341235563 7.2187776062637559 2.4154943143948904 2.1446238420903674 4.9616848276928067 1.7500460362061883 1.7229583915323017 1.037548450753093 2.0828696461394411 1.9439599867910144 1.4187222318723778 1.8898360780440269 5.0756673696450951 3.2755975183099499 2.9267381839454174 2.6560202855616799 3.7887252736836645 2.672734442166985 2.3729805182665595 3.3404195234179506 1.5211504278704522 2.5888944203034008 2.1817006012424827 1.4253742406144736 2.5257896445691586 8.0994779374450427 5.0601681442931294
leaf_count=61 25577 16 31 19 105 26 16 50 27 12 17 24 20 27 26 44 27 31 26 34 30 36 33 18 37 29 25 22 102 75
internal_value=2.66835e-11 -0.00745511 -0.0145346 -0.0379428 0.00125773 -0.00419807 -0.00872811 -0.0508581 -0.000467611 -0.0057271 -0.0228872 0.00407825 -0.0115365 -0.0439451 -0.0409183 -0.00515298 -0.0132534 0.00480692 -0.00631331 -0.0120613 -0.0228671 0.00979675 0.016196 0.00618771 -0.0025826 -0.0171005 -0.019777 -0.0364545 0.00543 -0.00874041
internal_weight=2018.04 88.7197 48.9477 9.72854 39.772 32.5532 39.2192 7.75064 30.1377 24.888 9.04993 15.8381 7.32697 2.45627 3.92037 35.2988 19.9945 4.8707 16.7189 14.0629 8.98725 14.088 11.715 8.37462 6.85346 4.7706 2.78896 6.31451 15.3043 7.20479
internal_count=26623 1046 543 125 503 398 418 94 372 311 107 204 95 44 42 376 183 51 156 130 86 177 141 108 90 66 44 56 193 91
is_linear=0
shrinkage=0.05


Tree=140
num_leaves=31
num_cat=0
split_feature=6 11 14 11 15 15 12 18 1 20 5 14 0 14 0 14 14 18 14 11 7 15 20 7 14 7 0 0 1 5
split_gain=2.06979 1.9137 1.61044 2.10218 1.32588 2.79389 2.92694 1.82286 1.49514 1.38191 1.24911 1.21701 2.13916 1.78083 1.39821 1.31038 1.20168 1.1923 1.13307 1.04369 1.04263 1.41673 1.40354 2.63871 2.08027 3.55037 1.91854 2.42872 1.98656 3.24549
threshold=1.7500000000000002 2.5000000000000004 458.50000000000006 5.5000000000000009 1.0000000180025095e-35 -2.4999999999999996 0.22500000000000003 1675.0000000000002 5.5000000000000009 1.5000000000000002 54.750000000000007 493.50000000000006 7.5000000000000009 467.50000000000006 2.5000000000000004 459.50000000000006 437.50000000000006 1450.0000000000002 522.50000000000011 1.5000000000000002 0.10362972508591067 -10.499999999999998 1.5000000000000002 0.10152545866831582 409.50000000000006 0.038684864266259618 3.5000000000000004 5.5000000000000009 2.5000000000000004 505.00000000000006
decision_type=2 8 10 8 10 10 10 10 10 10 10 10 2 10 2 10 10 8 10 10 2 10 8 2 10 2 2 2 10 10
left_child=1 4 3 -3 5 6 9 11 10 19 -7 13 14 15 -13 -6 -5 -15 -16 -1 21 -2 23 -23 25 -24 28 -28 29 -26
right_child=20 2 -4 16 7 8 -8 -9 -10 -11 -12 12 -14 17 18 -17 -18 -19 -20 -21 -22 22 24 -25 26 -27 27 -29 -30 -31
leaf_value=-0.069678762985114565 -0.012490928648753445 0.04237515762736118 -0.0052190428439525738 -0.032861996650875178 0.004831568121601508 -0.081118283817133263 0.01718156902450883 -0.046261965418963338 0.0015797566711372496 0.011448252025646486 -0.037504516000338835 -0.025135980622760887 -0.050239863335448942 0.041673971608141597 -0.012160999092608205 -0.051190661902019076 0.015586391487343036 -0.012699640449685782 0.044688953580108756 -0.024146384015025061 0.0010500895085505935 -0.0024124620421093626 0.074603366004071622 -0.039094952670036986 0.033293988268925954 -0.01105835732835179 -0.013652900316608494 0.0023121408997462257 0.0035817895332660118 -0.039114147695151202
leaf_weight=1.982697786763312 28.080057529208716 4.7198292706161711 28.451323009561747 2.1014375938102612 3.9043338717892819 2.0132654374465337 6.8923330453690141 2.4062468130141488 1.9893491463735689 1.6522166486829517 8.8951559010893089 2.690870651509611 2.7940164273604751 4.5968138724565506 1.4455336984246971 1.4246759293600915 3.2737539829686284 1.2914538225159047 2.2263853996992111 3.445883221924305 1407.6679807025939 304.44048575029592 2.6017339287209316 4.9826977308839551 13.309468511433804 2.2605772921815515 32.115095893153921 92.25003327493323 40.171093515731627 1.7511687767691899
leaf_count=22 1060 54 291 26 57 33 93 23 28 21 105 26 28 69 24 19 36 27 24 40 8452 10381 124 64 289 42 1060 2801 1249 55
internal_value=5.23588e-11 -0.00749031 0.000868653 0.0180259 -0.0139797 -0.0215028 -0.00601307 -0.00510573 -0.038284 -0.0285904 -0.0455539 -0.000245043 -0.0137704 0.0107959 0.00224399 -0.0101456 -0.00335456 0.0297484 0.0223087 -0.0407763 0.000342359 -0.0015663 -0.000945174 -0.00300317 0.00250703 0.0347777 0.00163335 -0.00181055 0.00938798 0.0248748
internal_weight=2017.83 88.1976 38.5463 10.095 49.6512 26.8709 13.9731 22.7803 12.8978 7.0808 10.9084 20.3741 9.15681 11.2173 6.36279 5.32901 5.37519 5.88827 3.67192 5.42858 1929.63 521.962 493.882 309.423 184.459 4.86231 179.597 124.365 55.2317 15.0606
internal_count=26623 1046 407 116 639 342 176 297 166 83 138 274 102 172 74 76 62 96 48 62 25577 17125 16065 10445 5620 166 5454 3861 1593 344
is_linear=0
shrinkage=0.05


Tree=141
num_leaves=31
num_cat=0
split_feature=6 12 2 6 14 9 14 14 0 21 5 1 13 15 15 11 12 11 20 14 21 20 11 7 1 14 10 13 12 9
split_gain=1.93513 1.85138 3.11404 2.86674 1.99628 1.91848 1.74192 1.4876 1.55692 1.70243 1.71488 1.53261 1.22153 1.52645 2.44826 3.54644 1.84709 2.81978 2.58359 2.35022 1.8498 1.60968 1.04177 1.01213 1.36174 1.70887 1.52298 1.15725 1.38079 1.85456
threshold=1.7500000000000002 0.55000000000000016 1.0000000180025095e-35 1.2500000000000002 950.50000000000011 1.3666666666666669 899.50000000000011 418.50000000000006 11.500000000000002 8.5000000000000018 55.500000000000007 3.5000000000000004 1.5000000000000002 1.0000000180025095e-35 7.5000000000000009 4.5000000000000009 0.36666666666666675 3.5000000000000004 1.5000000000000002 469.50000000000006 10.500000000000002 1.5000000000000002 1.5000000000000002 0.099504950495049524 9.5000000000000018 1125.5000000000002 2.5000000000000004 1.5000000000000002 0.63333333333333341 2.5500000000000003
decision_type=2 10 2 2 8 10 8 10 2 2 10 10 2 10 10 10 10 10 8 10 2 10 10 2 10 10 8 2 8 10
left_child=1 4 -3 -4 6 -5 7 -1 9 10 11 22 -11 16 21 -16 17 18 -14 -18 -21 -15 -9 27 25 -25 -26 -2 29 -29
right_child=23 2 3 5 -6 -7 -8 8 -10 12 -12 -13 13 14 15 -17 19 -19 -20 20 -22 -23 -24 24 26 -27 -28 28 -30 -31
leaf_value=0.039504484935985996 -0.013168514777119604 0.0084368931209567542 0.013370821888945606 -0.017034008464751806 0.040402127087981902 -0.069294075978135181 -0.051967431677195301 -0.046020510245657453 0.033188898305034457 0.015753179931583604 0.024780390788772602 0.019459804028162084 -0.059303989143272368 0.019342905157628928 -0.087075607466029076 -0.0026605920610886071 0.047106120461276907 -0.0039547050250268081 -0.0042433425928866493 -0.047335684133598496 0.017721402660727519 -0.017593382729282299 -0.0044135029289705339 0.00098234996105372725 0.034698622342847985 -0.028641580792681934 -0.0057864772103889874 0.018471087560707318 -0.074043534283222606 -0.0015003651601578137
leaf_weight=1.8986952248960722 20.73035754536977 5.1988170668482754 2.0683281025849292 2.580377630889414 2.4549750983715048 5.49770213291049 1.9577990872785438 2.6321354969404656 2.5172794945538035 3.7034797966480246 7.3849795940332106 3.4358739051967859 8.5911199580878055 9.358040099032225 1.8998531326651562 3.6053255591541529 1.9014704376459111 6.2862894316203883 2.8330566659569749 2.5348030687309802 1.9204507104586808 4.3073693467304102 3.5115567278116941 1413.4521883400157 6.1819739229977104 4.8849729001522055 3.7213252224028119 11.920142223127185 0.64795344322919746 468.15889845463971
leaf_count=18 723 87 63 25 34 37 11 41 26 39 96 36 91 118 21 43 24 54 33 27 24 52 46 8599 30 37 23 206 18 15941
internal_value=-5.2009e-11 -0.00724761 -0.0230297 -0.0391525 -0.00391798 -0.0526007 -0.00546615 -0.00413363 -0.00538102 -0.00690031 0.00667472 -0.00728311 -0.0118063 -0.0141669 -0.00364061 -0.0317925 -0.0225515 -0.0308501 -0.0456496 0.000569057 -0.0192926 0.0077005 -0.0222391 0.000330812 0.00100933 0.000880321 0.0194857 -0.00160172 -0.00110293 -0.00100448
internal_weight=2017.78 88.0798 15.3452 10.1464 72.7346 8.07808 70.2796 68.3218 66.4231 63.9058 16.9645 9.57957 46.9413 43.2378 19.1706 5.50518 24.0672 17.7105 11.4242 6.35672 4.45525 13.6654 6.14369 1929.7 1428.24 1418.34 9.9033 501.457 480.727 480.079
internal_count=26623 1046 212 125 834 62 800 789 771 745 219 123 526 487 234 64 253 178 124 75 51 170 87 25577 8689 8636 53 16888 16165 16147
is_linear=0
shrinkage=0.05


Tree=142
num_leaves=31
num_cat=0
split_feature=6 0 6 15 0 9 13 15 9 12 14 11 6 5 15 2 12 15 15 0 15 10 1 15 9 3 18 9 1 14
split_gain=1.78856 1.51448 1.40302 1.46988 2.66084 3.55236 2.22376 1.843 1.2278 2.67725 2.19943 1.8702 1.85306 1.11051 1.19719 1.33359 1.93802 1.47814 1.36038 1.41414 1.10663 3.61913 3.77933 2.37098 2.335 2.31002 2.34963 1.59321 1.07059 1.06046
threshold=1.7500000000000002 9.5000000000000018 1.2500000000000002 1.0000000180025095e-35 8.5000000000000018 8.3666666666666689 2.5000000000000004 -8.4999999999999982 1.7083333333333337 0.36666666666666675 504.50000000000006 3.5000000000000004 1.6500000000000001 595.00000000000011 1.5000000000000002 1.0000000180025095e-35 0.55000000000000016 2.5000000000000004 2.5000000000000004 2.5000000000000004 -18.499999999999996 1.5000000000000002 5.5000000000000009 -16.499999999999996 4.7750000000000012 1.0000000180025095e-35 1350.0000000000002 8.1000000000000014 4.5000000000000009 523.50000000000011
decision_type=2 2 2 10 2 10 2 10 10 10 10 8 2 8 8 2 10 10 8 2 8 8 10 8 10 2 8 10 10 10
left_child=1 2 -1 4 5 6 7 -4 -8 11 28 12 -10 14 -5 18 17 -17 -16 -20 21 29 24 25 -23 26 -22 -26 -11 -2
right_child=20 -3 3 13 -6 -7 8 -9 9 10 -12 -13 -14 -15 15 16 -18 -19 19 -21 23 22 -24 -25 27 -27 -28 -29 -30 -31
leaf_value=0.010440361498090231 -0.013169606620912381 0.010737721986906677 -0.017921580986124376 0.021168195605492272 -0.055055160721077273 0.044512244856284848 -0.051701599219275446 0.033596148149027609 -0.028386350691131226 0.037279352351256546 -0.036828225641779108 -0.0054542327139621948 -0.071726498977672415 0.033425984547993497 -0.037254207173772307 0.02746935474273686 -0.059833848647920143 -0.02132042751199844 -0.025806381426750315 0.020612434495901902 0.033647834276507006 0.063207958904570358 -0.059020318179880973 0.00029714926851979155 -0.020600056600666064 0.059274646142273929 -0.040298345024850045 0.04664437076202671 -0.0083415596350156756 -0.079563827229132439
leaf_weight=7.9788444123696527 0.82244256744161015 10.605087077245114 3.5038072299212217 3.5928531615063561 4.2886483455076805 2.4671779815107575 3.5107232555747059 3.4407910257577887 7.1325793191790581 3.5556357484310857 2.3583781290799379 4.6340232845395812 3.7698589786887169 1.9491144837811578 1.8053484214469788 1.9761146754026393 2.5869949683547029 7.2396929357200861 2.1188965020701307 7.2711841184645891 2.7177275571739301 2.1298074666410685 1.952621890697628 1910.9177407147217 3.0100809993455186 3.3494324962375686 1.7764513576403258 1.2452448059339074 2.0146159585565329 2.2378767416812479
leaf_count=262 17 133 35 39 35 25 30 32 67 36 15 37 17 27 21 20 19 70 24 79 30 9 49 25285 56 36 30 20 23 45
internal_value=-1.92066e-12 -0.00697934 -0.00941331 -0.0117019 -0.0178052 -0.0134149 -0.0176282 0.00760354 -0.0241238 -0.0199978 0.00364399 -0.0320628 -0.0433726 -0.00300336 -0.00567361 -0.00986692 -0.0215932 -0.0108586 0.00249557 0.0101379 0.000317481 -0.015216 0.00185329 0.000409755 0.0204689 0.0278436 0.00441851 -0.000922181 0.0207794 -0.0617208
internal_weight=2017.96 87.8004 77.1953 69.2164 40.6762 36.3876 33.9204 6.9446 26.9758 23.4651 7.92863 15.5365 10.9024 28.5402 26.5911 22.9982 11.8028 9.21581 11.1954 9.39008 1930.16 11.3981 8.33776 1918.76 6.38513 7.84361 4.49418 4.25533 5.57025 3.06032
internal_count=26623 1046 913 651 352 317 292 67 225 195 74 121 84 299 272 233 109 90 124 103 25577 196 134 25381 85 96 60 76 59 62
is_linear=0
shrinkage=0.05


Tree=143
num_leaves=31
num_cat=0
split_feature=6 18 21 9 9 10 1 0 6 13 1 20 1 15 6 9 9 6 5 11 18 14 21 4 7 11 18 9 1 2
split_gain=1.6678 3.142 1.24866 2.03499 1.1542 1.59846 1.52071 1.4743 1.2422 1.24008 2.16249 2.04229 1.34831 1.11604 0.950996 1.74348 2.77896 2.65887 3.00861 2.32758 1.72205 1.9476 1.64655 1.69342 1.62188 1.70162 1.55608 1.45241 2.57429 1.97121
threshold=1.6500000000000001 1590.0000000000002 9.5000000000000018 3.3666666666666671 10.775000000000002 3.5000000000000004 3.5000000000000004 10.500000000000002 1.2500000000000002 2.5000000000000004 2.5000000000000004 1.0000000180025095e-35 6.5000000000000009 3.5000000000000004 12.950000000000001 10.775000000000002 9.4500000000000011 21.650000000000002 53.250000000000007 6.5000000000000009 1450.0000000000002 458.50000000000006 10.500000000000002 1.0000000180025095e-35 0.04987562189054727 10.500000000000002 1215.0000000000002 9.1000000000000014 4.5000000000000009 1.0000000180025095e-35
decision_type=2 10 2 10 10 10 10 2 2 2 8 8 10 8 2 10 10 2 8 10 10 10 2 2 2 10 10 10 8 2
left_child=1 4 -3 -4 5 7 13 8 -1 10 11 -10 -11 -7 -2 16 27 24 26 20 21 -18 23 -21 -17 -26 -19 -16 29 -29
right_child=14 2 3 -5 -6 6 -8 -9 9 12 -12 -13 -14 -15 15 17 19 18 -20 22 -22 -23 -24 -25 25 -27 -28 28 -30 -31
leaf_value=0.012363737594295866 0.00081128776569718551 -0.061451733507350996 0.0091157705078345804 -0.065700386623527562 -0.045475775622941195 0.028998841609809589 0.060180395172703183 0.032336917176138978 -0.036981454810661334 -0.018066226477596328 0.052766845008749341 0.025690991643214468 0.013634635864642759 -0.032872949234784281 -0.0022633299923726312 0.092757318529012964 0.04410761613766858 0.17044701007846905 -0.017196674359022068 -0.026409018654324951 0.071182340189679991 -0.06314690742968708 -0.060376108320156621 0.089386562085523397 0.055867549614418512 -0.0062101951260522016 0.0013227911812135698 0.054993633440582369 -0.021224271620124711 -0.024617816217217876
leaf_weight=6.8684477405622593 1562.9873816464096 3.3399218642152837 2.3639758173376326 1.476614825427532 1.6299495324492443 1.7038620039820662 1.8577348962426183 2.4619116941466919 2.8678586892783633 30.427011864259839 1.9787816498428581 2.3775192648172379 3.7697551781311622 1.2736762948334217 357.43402662423614 1.2183727156370858 0.76804557017749109 0.34390004561282683 5.526828030415345 3.5266621512128027 0.87663177924696345 0.94286307587753981 4.5596607499755919 0.34677952399943013 2.4287684625014663 2.0236919242888689 0.2249852906097658 4.1710344196180804 2.562155949184671 0.95569258788600553
leaf_count=227 10460 40 31 25 25 25 21 35 34 321 20 27 39 21 13298 14 23 23 484 276 27 41 496 28 28 43 33 167 215 76
internal_value=-4.21227e-11 -0.00791693 -0.0390931 -0.0196492 -0.0040044 -0.00278835 0.0246811 -0.00540547 -0.00732967 -0.0105952 0.00822757 -0.00857455 -0.0145716 0.00253247 0.000261329 -0.00195459 -0.00254746 0.0169979 -0.00592691 -0.0272846 0.0141982 -0.0149992 -0.0400129 -0.0160421 0.0416402 0.0276525 0.103561 -0.00180081 0.0197003 0.040153
internal_weight=2015.29 64.397 7.18051 3.84059 57.2165 55.5866 4.83527 50.7513 48.2894 41.4209 7.22416 5.24538 34.1968 2.97754 1950.9 387.91 376.144 11.7665 6.09571 11.0206 2.58754 1.71091 8.4331 3.87344 5.67083 4.45246 0.568885 365.123 7.68888 5.12673
internal_count=26623 891 96 56 795 770 67 703 668 441 81 61 360 46 25732 15272 14647 625 540 891 91 64 800 304 85 71 56 13756 458 243
is_linear=0
shrinkage=0.05


Tree=144
num_leaves=31
num_cat=0
split_feature=6 18 14 11 1 15 10 5 13 21 1 0 0 9 1 9 0 9 0 15 9 9 0 6 1 10 15 10 9 6
split_gain=2.01895 4.18132 2.39736 1.74319 1.5639 1.05087 1.43452 1.57633 2.33587 1.55092 1.38273 2.19161 2.61135 1.84635 1.36123 1.28857 1.26105 3.38353 1.36259 1.2482 1.17587 1.20322 1.06255 0.843687 0.871386 1.74353 2.48198 3.06441 1.97372 1.8657
threshold=1.6500000000000001 1590.0000000000002 445.50000000000006 1.5000000000000002 4.5000000000000009 4.5000000000000009 3.5000000000000004 55.500000000000007 3.5000000000000004 11.500000000000002 4.5000000000000009 6.5000000000000009 4.5000000000000009 4.1000000000000005 3.5000000000000004 2.1000000000000005 5.5000000000000009 5.5500000000000007 7.5000000000000009 -2.4999999999999996 2.1000000000000005 3.2916666666666674 5.5000000000000009 178.95000000000002 9.5000000000000018 2.5000000000000004 3.5000000000000004 5.5000000000000009 4.1000000000000005 7.1500000000000012
decision_type=2 10 8 10 10 10 10 10 2 2 10 2 2 10 8 10 2 10 2 8 10 8 2 2 10 8 8 10 10 2
left_child=1 5 -3 4 -4 6 7 9 -9 10 11 12 14 -13 15 -1 -7 18 -18 -12 22 -22 -10 24 -2 28 27 -27 -26 -30
right_child=23 2 3 -5 -6 16 -8 8 20 -11 19 13 -14 -15 -16 -17 17 -19 -20 -21 21 -23 -24 -25 25 26 -28 -29 29 -31
leaf_value=-0.019927872198891774 0.00024366556881243704 -0.093822455039034677 -0.018163620318802982 -0.0024934946882491423 -0.089740208049288075 0.0029045763231696229 0.030021105058792935 0.047785296022525924 -0.047807240457178213 0.017997496179107824 0.044244371907464441 -0.023288604396839892 0.021951048456155045 -0.087882936775434725 0.0026934240320816293 -0.077108093783445714 -0.034395046071497438 0.011225529116097513 -0.093672486395837834 -0.015634570580197418 0.033293575521227005 -0.0010070992295535366 0.00036998466511044346 -0.022071000435220346 -0.00063073936126450058 -0.046958402721763111 0.047073241281206345 0.052135272118449108 0.068589610055056496 0.0064532196728612577
leaf_weight=1.8998994175344761 1930.1759523386136 1.7651832606643409 1.4808190651237976 3.2619846034795046 1.5746450405567882 4.4374964805319888 3.5363607471808782 2.9242425449192551 2.1569562382064786 3.36407362576574 1.451053164899349 2.2303026281297198 3.441723630297929 2.195095133036375 1.8194976905360816 2.0466472767293453 2.1328675369732086 2.7266949731856585 1.7772786337882278 2.1746088592335577 3.3047428047284457 11.295213991776109 2.4381629722192883 4.2092381560942149 3.9578505507670307 3.7240775700192916 1.531457844423129 0.98694036796223361 3.346024714410305 1.8906808728352187
leaf_count=29 23746 8 33 34 21 71 48 41 25 54 17 33 45 27 27 24 18 39 26 33 47 154 37 1750 40 86 27 25 11 47
internal_value=1.28271e-11 -0.00863889 -0.0423072 -0.0279131 -0.0550509 -0.00389409 -0.000583265 -0.00311538 0.0061562 -0.0130597 -0.0191134 -0.0264118 -0.0125138 -0.0553288 -0.0330857 -0.0495811 -0.0177297 -0.0315261 -0.0613384 0.00833003 -0.000185711 0.00675696 -0.0222445 0.000289919 0.000338296 0.0121704 -0.00822296 -0.0261987 0.0260162 0.0461556
internal_weight=2015.26 65.4356 8.08263 6.31745 3.05546 57.3529 46.2786 42.7422 22.1193 20.6229 17.2588 13.6332 9.20777 4.4254 5.76604 3.94655 11.0743 6.63684 3.91015 3.62566 19.1951 14.6 4.59512 1949.82 1945.61 15.437 6.24248 4.71102 9.19456 5.23671
internal_count=26623 891 96 88 54 795 641 593 304 289 235 185 125 60 80 53 154 83 44 50 263 201 62 25732 23982 236 138 111 98 58
is_linear=0
shrinkage=0.05


Tree=145
num_leaves=31
num_cat=0
split_feature=6 18 6 11 12 15 15 1 5 15 10 6 21 14 0 15 5 20 15 9 15 0 10 15 11 14 6 3 13 15
split_gain=2.66241 3.83912 1.23286 1.95287 2.50984 3.51216 1.79965 2.17807 2.07457 1.37867 1.43249 1.18573 1.91894 1.11459 1.07274 0.967356 4.32405 3.25981 2.79 2.47623 2.51464 2.11501 1.5604 2.67228 1.40339 1.79705 2.18558 1.46303 1.00042 3.31098
threshold=1.6500000000000001 1675.0000000000002 1.2500000000000002 1.5000000000000002 0.22500000000000003 1.0000000180025095e-35 -3.4999999999999996 4.5000000000000009 54.250000000000007 4.5000000000000009 3.5000000000000004 1.5500000000000003 10.500000000000002 436.50000000000006 6.5000000000000009 20.500000000000004 495.00000000000006 1.5000000000000002 17.500000000000004 4.1000000000000005 23.500000000000004 9.5000000000000018 1.5000000000000002 25.500000000000004 8.5000000000000018 877.50000000000011 4.9500000000000011 1.0000000180025095e-35 2.5000000000000004 4.5000000000000009
decision_type=2 10 2 10 8 8 8 10 8 8 8 2 2 10 2 10 10 8 10 10 10 2 8 8 8 8 2 2 2 8
left_child=1 2 -1 4 5 -4 -6 8 -8 10 13 12 -10 -5 -11 18 17 19 28 -17 -21 -18 -19 -24 25 -20 -27 -26 29 -2
right_child=15 -3 3 9 6 -7 7 -9 11 14 -12 -13 -14 -15 -16 16 21 22 24 20 -22 -23 23 -25 27 26 -28 -29 -30 -31
leaf_value=0.011105904871260225 -0.01088478564000182 -0.058536673644943353 -0.075511803544755007 -0.032623553793859644 0.025780335728101168 0.0066896263611647333 -0.044810679642138862 -0.052550223770286925 -0.034735247234526492 -0.0019369920096833659 0.034130864899177382 0.035400839325150917 0.036972012542987598 0.0028887832166315797 -0.040232275633719901 0.058968906409004054 -0.027254924918746721 0.067188305652914837 -0.048393900081378394 0.022514376986569613 -0.046707206799221884 0.031691446469474409 -0.0082326678285401939 0.049611361531865877 -0.033861015350225052 0.019075274932625431 -0.042802364145227825 0.030442183667922413 0.00071514279771722343 0.003563806695040821
leaf_weight=8.2608182716649008 76.85241597041022 3.8178011556155971 4.0304463095963028 2.4882784727960923 2.7649679742753506 1.9177241614088414 2.4840811342000935 3.4575586142018429 2.5182888973504314 3.6482420228421644 3.3182484190911046 2.5614191815257072 1.4820688404142854 19.721921262331307 3.666652861982584 1.2599999654339686 8.4424388313200289 3.5377354356460247 6.0478194898460016 2.1980657614767551 3.2546526269288734 1.8563331542536623 3.2181140948086986 5.2605260482523581 1.4349747493397456 3.1068377792835244 2.6393822495592758 2.3061150733847171 1746.8041620477452 81.909566242655274
leaf_count=277 1018 40 34 25 29 30 26 36 32 42 39 19 20 203 39 12 117 22 91 29 60 15 34 32 38 15 52 38 23197 962
internal_value=1.1611e-12 -0.00986593 -0.00688433 -0.00963339 -0.0214571 -0.0490096 -0.0107234 -0.0187957 -0.00589389 -0.00199535 0.00348829 0.00883877 -0.00816885 -0.00108978 -0.0211328 0.000334602 0.009394 0.0237041 0.000197715 -0.00420498 -0.018803 -0.01663 0.0392949 0.0276563 -0.0209057 -0.0293695 -0.00934667 0.00577732 0.00036976 -0.00343037
internal_weight=2016.27 66.1385 62.3207 54.0599 21.2166 5.94817 15.2684 12.5034 9.04586 32.8433 25.5284 6.56178 4.00036 22.2102 7.31489 1950.13 29.0279 18.7291 1921.1 6.71272 5.45272 10.2988 12.0164 8.47864 15.5351 11.794 5.74622 3.74109 1905.57 158.762
internal_count=26623 891 851 574 226 64 162 133 97 348 267 71 52 228 81 25732 321 189 25411 101 89 132 88 66 234 158 67 76 25177 1980
is_linear=0
shrinkage=0.05


Tree=146
num_leaves=31
num_cat=0
split_feature=6 9 18 10 1 15 6 15 21 13 9 0 5 15 0 14 1 21 3 14 6 9 15 11 5 5 21 14 18 15
split_gain=2.21136 2.60893 2.23906 1.65827 1.73925 1.58723 1.2952 1.39963 1.18456 1.89427 2.32333 1.2433 1.22665 2.27814 2.12597 1.34962 1.13726 1.03491 1.75027 1.03112 1.14157 0.963574 0.943731 3.07589 2.77785 2.60602 2.35641 2.61248 2.52891 3.58039
threshold=1.6500000000000001 11.100000000000001 1675.0000000000002 3.5000000000000004 3.5000000000000004 4.5000000000000009 1.2500000000000002 -10.499999999999998 6.5000000000000009 2.5000000000000004 1.5500000000000003 10.500000000000002 56.750000000000007 -5.4999999999999991 8.5000000000000018 499.50000000000006 2.5000000000000004 11.500000000000002 1.0000000180025095e-35 511.50000000000006 1.5500000000000003 3.3666666666666671 -1.0000000180025095e-35 7.5000000000000009 682.50000000000011 52.500000000000007 11.500000000000002 516.50000000000011 1590.0000000000002 -4.4999999999999991
decision_type=2 10 10 10 10 8 2 8 2 2 10 2 10 10 2 10 8 2 2 10 2 10 10 10 10 8 2 8 8 10
left_child=1 2 3 6 5 -5 -1 -8 -9 16 -11 12 13 -12 17 -14 -10 18 21 -17 -21 -15 23 24 25 -2 28 -28 -25 -30
right_child=22 -3 -4 4 -6 -7 7 8 9 10 11 -13 15 14 -16 19 -18 -19 -20 20 -22 -23 -24 26 -26 -27 27 -29 29 -31
leaf_value=0.011726573964361582 0.019094020954878804 -0.06902244321298931 -0.046758375494406798 0.03039672214755966 0.058886559025227214 -0.042718935896643592 -0.051812272114524327 -0.033884086433819134 0.0038643688347853034 -0.053713872379911536 0.019751075595360906 0.032244069216697223 0.024209691996299781 -0.072949442630028991 -0.063013030894894684 -0.039092685324903662 0.051214775118875212 0.013186727392459206 -0.0068702270188714699 -0.020319984513479723 0.03002581984188625 -0.025481454612563251 -0.00069286083019677071 -0.0066104815072016753 -0.032643692424652371 0.0025348476591509159 0.00094592870791336363 0.048311083624736753 -0.062053552555842967 -0.0062075023598707566
leaf_weight=7.4829397788271299 24.587988265906461 1.7628965647891153 3.4146393453702322 1.7052025888115159 1.9780930057168005 1.3144275490194559 1.9787380807101724 4.2920059524476519 3.4808383379131547 2.8567784521728745 3.5563852302730075 1.9275439325720061 4.7830710466951114 1.9992094896733847 2.9277332909405223 2.150468286126852 1.9948243349790571 2.4764494672417632 6.8603971619158983 2.4357470767572522 2.0938308462500572 2.2980204746127129 1070.4608188140555 86.308618328126613 5.4786701322300351 705.32547927449923 43.020598114584573 3.1225174575811243 5.2443304996122606 6.3392560289939848
leaf_count=255 325 18 40 27 25 21 16 32 44 30 30 24 52 14 36 17 24 31 78 36 13 28 14139 1998 72 7587 1244 62 143 162
internal_value=-1.05138e-11 -0.0090174 -0.00736474 -0.00514475 0.0224432 -0.0014301 -0.00762477 -0.0106345 -0.00886833 -0.00630226 -0.0104305 -0.00674036 -0.00911975 -0.016558 -0.0243548 0.00393468 0.0211145 -0.0160535 -0.0225434 -0.0105827 0.00295274 -0.0475651 0.000304159 0.00151776 0.00282643 0.00309266 -0.00516384 0.00415114 -0.00955461 -0.0314911
internal_weight=2015.66 65.7702 64.0073 60.5927 4.99772 3.01963 55.595 48.112 46.1333 41.8413 36.3656 33.5089 31.5813 20.1182 16.5618 11.4631 5.47566 13.6341 11.1576 6.68005 4.52958 4.29723 1949.89 879.427 735.392 729.913 144.035 46.1431 97.8922 11.5836
internal_count=26623 891 873 833 73 48 760 505 489 457 389 359 335 217 187 118 68 151 120 66 49 42 25732 11593 7984 7912 3609 1306 2303 305
is_linear=0
shrinkage=0.05


Tree=147
num_leaves=31
num_cat=0
split_feature=6 15 11 18 13 6 9 12 5 14 14 14 0 0 9 7 0 14 14 11 14 15 15 1 3 15 5 14 15 1
split_gain=1.80483 1.75891 2.04347 1.4653 1.28282 1.44743 1.89471 1.88116 2.48836 1.67416 1.40332 1.2068 1.37777 1.17776 1.90865 0.967762 0.98223 0.942014 1.27389 0.907585 0.876833 0.847056 1.69237 1.74529 3.26651 0.978803 1.39631 0.85686 0.827639 0.791719
threshold=1.6500000000000001 19.500000000000004 2.5000000000000004 1265.0000000000002 2.5000000000000004 1.2500000000000002 1.5500000000000003 0.22500000000000003 56.750000000000007 490.50000000000006 507.50000000000006 471.50000000000006 6.5000000000000009 8.5000000000000018 4.366666666666668 0.69047619047619058 4.5000000000000009 461.50000000000006 482.50000000000006 4.5000000000000009 452.50000000000006 -30.499999999999996 -18.499999999999996 4.5000000000000009 1.0000000180025095e-35 -17.499999999999996 555.00000000000011 470.50000000000006 1.0000000180025095e-35 9.5000000000000018
decision_type=2 10 8 8 2 2 10 10 10 10 10 10 2 2 10 2 2 10 8 8 10 8 8 10 2 8 10 10 10 10
left_child=1 2 4 19 15 -6 -7 8 13 11 -11 12 -9 14 -8 -1 -17 20 -19 -4 -5 -2 23 24 -23 26 -24 -25 -10 -27
right_child=21 -3 3 17 5 6 7 9 28 10 -12 -13 -14 -15 -16 16 -18 18 -20 -21 -22 22 25 27 -26 29 -28 -29 -30 -31
leaf_value=0.039924517141405894 0.02854341716670783 -0.061905908350246411 0.04397976509543175 -0.00016161872653154622 0.0061553318362236285 -0.054885919738379009 -0.053534333150337746 -0.028774012210685512 -0.015457574761599369 -0.052471641909986877 -0.00018504655618450954 0.047475373645050625 0.032241152047492443 -0.072046624809697465 -0.0035847089780214492 -0.038124917020250733 0.026488812095441003 -0.030639890876507165 0.0020976417473831089 0.0087783131045741439 0.047151559103727814 0.029380847594863008 -0.002312272038124718 -0.0039855699404760993 -0.053245910664709975 0.00018374669541452613 0.052987942145819589 -0.070460419071573493 0.028399831317268795 0.011683179095292226
leaf_weight=1.7973933815956105 2.6462328302441165 1.48846168629825 2.9979517702013281 2.8272120896726873 5.6308990791440001 3.7163404095917967 4.523925209417941 1.9524526298046097 2.5609711091965428 2.1660485081374645 3.1486808024346828 2.1131699997931719 1.758528398349881 2.4644950516521931 3.3131437413394451 1.2923640916123988 1.0794351305812595 4.9199237469583723 7.5035306308418521 4.704422733746469 1.4981572981923816 2.8425119172316045 2.4556161323562264 0.62923017353750799 2.0651800516061485 1918.9114657379832 2.1329800607636571 2.1115223283413798 1.8547970429062841 15.085488301236181
leaf_count=18 37 13 41 40 189 34 32 24 29 22 29 22 21 25 40 25 25 64 85 73 20 46 32 11 35 25221 16 68 20 266
internal_value=-2.11798e-11 -0.00817584 -0.00692278 0.00443019 -0.0139732 -0.0170791 -0.0215032 -0.016705 -0.028438 -0.00120283 -0.0214947 0.0173142 0.000139339 -0.0418985 -0.032418 0.0122522 -0.00871841 -0.00387028 -0.010867 0.0224796 0.016226 0.000273995 0.000235558 -0.0232379 -0.00538888 0.000328169 0.0233937 -0.0551989 0.00296427 0.000273444
internal_weight=2014.19 65.3123 63.8238 24.4512 39.3726 35.2035 29.5726 25.8562 14.7173 11.1389 5.31473 5.82415 3.71098 10.3016 7.83707 4.16919 2.3718 16.7488 12.4235 7.70237 4.32537 1948.88 1946.23 7.64844 4.90769 1938.59 4.5886 2.74075 4.41577 1934
internal_count=26623 891 878 323 555 487 298 264 146 118 51 67 45 97 72 68 50 209 149 114 60 25732 25695 160 81 25535 48 79 49 25487
is_linear=0
shrinkage=0.05


Tree=148
num_leaves=31
num_cat=0
split_feature=6 15 18 11 7 18 14 9 20 15 9 6 14 9 20 2 1 14 9 14 15 14 15 6 21 6 0 15 0 12
split_gain=1.51767 2.85174 1.83364 1.15627 1.97004 1.05328 1.02005 1.69672 1.00124 1.23959 0.946307 2.01047 2.76918 2.59819 2.73618 1.79011 2.94574 2.72383 1.2887 2.54685 3.66132 2.82996 2.89606 2.81986 5.49079 3.09289 2.33265 1.87484 1.68104 1.55575
threshold=1.5500000000000003 19.500000000000004 1590.0000000000002 1.5000000000000002 0.7417582417582419 1265.0000000000002 502.50000000000006 4.7750000000000012 1.5000000000000002 -1.4999999999999998 1.9000000000000001 3.2500000000000004 518.50000000000011 1.6333333333333335 2.5000000000000004 1.0000000180025095e-35 4.5000000000000009 477.50000000000006 2.2250000000000005 440.50000000000006 2.5000000000000004 445.50000000000006 9.5000000000000018 3.7500000000000004 9.5000000000000018 7.9500000000000011 6.5000000000000009 41.500000000000007 7.5000000000000009 0.36666666666666675
decision_type=2 10 10 8 2 10 10 10 10 10 8 2 10 8 8 2 8 8 8 10 10 10 10 2 2 2 2 10 2 10
left_child=1 2 3 4 6 -6 7 -1 9 -4 11 12 15 14 -13 -2 17 -17 19 20 -12 -21 23 26 25 -25 -23 -20 -26 -30
right_child=10 -3 8 -5 5 -7 -8 -9 -10 -11 18 13 -14 -15 -16 16 -18 -19 27 21 -22 22 -24 24 28 -27 -28 -29 29 -31
leaf_value=-0.06745771452557614 0.0074547178972724825 -0.084676027769610113 -0.083073545114875039 0.0045157681096168112 -0.027604021899060374 0.015374746885586675 -0.0049953919271510314 -0.0090406128837393195 -0.0010699762541830332 -0.023762574689187282 0.0091428239620699181 0.004380341705472089 0.02767337939425964 -0.049713812049958943 -0.05191877556839164 -0.034311651789561588 -0.051977304546769659 0.014506147878961298 0.0001088788515592725 0.04942791448516469 -0.072831337922697123 0.033778276011237125 -0.039422460557847011 -0.0029464392318747333 -0.044285512118615783 0.06654446513700496 0.0047692221996716404 0.051784410609584969 0.029326018879344513 -0.033372346661741853
leaf_weight=3.1116991490125638 12.919247541576626 1.221073668450116 1.5611651912331583 20.749010449741036 1.9090536360163239 5.6282326602376997 2.4549369951710105 2.0697965417057276 1.5105697168037293 2.0218328768387428 3.3542094314470878 9.9618460566271096 7.432123612612485 5.218869019765406 2.7549969838000843 4.6779327914118776 4.484800722450017 7.3418544698506603 1856.5527971713018 4.4301592148840419 2.2935638539493084 15.23061470128596 3.0579066630452862 3.2913915785029557 6.2647690551821125 3.1181428227573633 12.715109020471571 1.7568895071744908 1.9391084960661831 2.020114284940064
leaf_count=31 78 11 23 356 55 141 26 26 24 32 34 120 37 62 45 26 26 37 25016 21 23 75 27 27 86 33 70 10 18 27
internal_value=-4.46629e-11 -0.00937791 -0.00713625 -0.00315541 -0.0136452 0.00448903 -0.031544 -0.0441225 -0.0352114 -0.0496052 0.000200982 -0.00627799 0.000403405 -0.0200075 -0.00781639 -0.00648468 -0.017396 -0.00449306 0.000386258 0.00774427 -0.0241469 0.0112035 0.00764874 0.0108776 -0.00542223 0.0308598 0.0205794 0.000157734 -0.0281679 -0.00266457
internal_weight=2013.05 42.2374 41.0163 35.9227 15.1737 7.53729 7.63643 5.1815 5.09357 3.583 1970.82 54.7917 36.856 17.9357 12.7168 29.4238 16.5046 12.0198 1916.02 57.7151 5.64777 52.0673 47.6372 44.5792 16.6335 6.40953 27.9457 1858.31 10.224 3.95922
internal_count=26623 725 714 635 279 196 83 57 79 55 25898 431 204 227 165 167 89 63 25467 441 57 384 363 336 191 60 145 25026 131 45
is_linear=0
shrinkage=0.05


Tree=149
num_leaves=31
num_cat=0
split_feature=11 15 6 20 18 6 9 5 9 15 15 5 7 6 9 15 15 0 15 2 1 0 0 12 6 14 18 18 9 9
split_gain=1.76352 3.05078 3.92021 3.61644 4.66533 3.7316 3.99573 3.13161 2.99546 3.44797 2.87537 2.74438 2.6693 2.60464 2.52074 2.13082 2.09153 3.14575 3.17764 3.21858 3.00721 2.78911 2.29004 2.23083 3.21233 2.18571 2.13904 2.13324 2.06053 2.42908
threshold=1.5000000000000002 3.5000000000000004 1.8500000000000003 1.0000000180025095e-35 1775.0000000000002 4.2500000000000009 5.5500000000000007 55.500000000000007 3.3666666666666671 1.5000000000000002 1.0000000180025095e-35 53.250000000000007 0.30776515151515155 4.4500000000000011 4.2250000000000005 -6.4999999999999991 2.5000000000000004 4.5000000000000009 -3.4999999999999996 1.0000000180025095e-35 3.5000000000000004 7.5000000000000009 6.5000000000000009 0.55000000000000016 9.9500000000000011 427.50000000000006 1215.0000000000002 1450.0000000000002 7.2250000000000005 4.5500000000000007
decision_type=8 8 2 10 10 2 10 8 10 10 10 8 2 2 8 10 8 2 10 2 8 2 2 10 2 10 8 8 8 10
left_child=1 2 7 4 5 6 8 -1 9 -4 15 -3 -10 -7 -14 -9 17 23 19 22 -18 26 -19 24 -15 -26 -20 -23 29 -5
right_child=-2 11 3 28 -6 13 -8 10 12 -11 -12 -13 14 16 -16 -17 20 18 21 -21 -22 27 -24 -25 25 -27 -28 -29 -30 -31
leaf_value=-0.037447895965346541 0.00055672276607890306 -0.056304753555035496 0.020767246049778598 0.0085947964853769661 -0.051819177893159742 -0.073463197635560445 0.039179855323498221 0.025362222534460972 0.016248194454992961 -0.02790607103371345 0.030769371684146382 -0.010677081977828438 -0.050699072652813364 -0.060773972848307961 -0.0050585204034704866 -0.024243389227505768 0.070559732458310251 -0.068042171149509986 0.040938439325443006 0.044525547515828309 -0.014101272940683893 -0.04902264930965626 0.016254203955029186 0.020706609596418641 0.061382094327801166 -0.023749506434078929 -0.014041966995884246 0.012512820091259933 -0.030600272269969916 0.033309388199350774
leaf_weight=11.552316991612317 1763.0834642243717 3.475044891703873 22.621362627483908 31.954362379387021 4.6004341680090866 1.6046003513038147 8.9242429286241514 2.6477455403655794 5.2084341607987907 4.3358903899788848 4.4437132603488854 63.802058561821468 5.7151751555502388 7.0284759970381838 6.4277948141098031 11.869642588542773 1.9422800731845189 1.3274257946759447 2.8543126932345357 5.7976002043578774 2.2804267192259431 6.3478858848102364 2.0498528899624944 1.8275643251836289 0.90422285546082992 4.5371520115295425 4.6527969262097031 1.8099933788180358 2.468164494726806 14.432402983773498
leaf_count=130 24081 49 113 270 49 16 41 31 25 29 65 717 34 80 29 134 23 22 35 59 35 95 31 26 19 131 73 33 25 123
internal_value=-7.00281e-12 -0.00393496 -0.00057457 0.00271554 -0.00260734 -0.000301826 0.0086562 -0.0169266 0.00250841 0.0129385 -0.00442366 -0.0130339 -0.0136958 -0.0109071 -0.0265396 -0.0151961 -0.00859212 -0.0121992 -0.0014447 0.0219228 0.0248395 -0.0151309 -0.0168781 -0.0308837 -0.0384448 -0.00960273 0.00686239 -0.0353697 0.0139157 0.0162843
internal_weight=2012.53 249.443 182.166 151.653 102.798 98.1975 53.2329 30.5134 44.3087 26.9573 18.9611 67.2771 17.3514 44.9646 12.143 14.5174 43.36 39.1373 24.8399 9.17488 4.22271 15.665 3.37728 14.2974 12.4699 5.44137 7.50711 8.15788 48.8549 46.3868
internal_count=26623 2542 1776 1416 998 949 271 360 230 142 230 766 88 678 63 165 662 604 348 112 58 236 53 256 230 150 108 128 418 393
is_linear=0
shrinkage=0.05


Tree=150
num_leaves=31
num_cat=0
split_feature=9 4 1 14 14 0 14 12 0 14 14 20 1 14 9 15 15 6 15 15 20 5 11 7 15 5 4 0 11 21
split_gain=2.15426 1.99784 2.00185 3.59492 2.52728 4.06384 3.41772 2.77203 2.66221 2.52071 4.39579 3.48883 1.97291 1.26571 1.17131 1.14508 1.08438 0.88404 1.10719 1.36462 2.66975 2.54377 2.88964 2.29584 1.59329 3.17576 1.376 2.70586 2.80434 2.64139
threshold=1.9000000000000001 1.0000000180025095e-35 4.5000000000000009 514.50000000000011 461.50000000000006 5.5000000000000009 505.50000000000006 0.77500000000000013 2.5000000000000004 508.50000000000006 473.50000000000006 2.5000000000000004 3.5000000000000004 470.50000000000006 1.5500000000000003 -1.4999999999999998 1.5000000000000002 10.15 13.500000000000002 8.5000000000000018 1.5000000000000002 505.00000000000006 7.5000000000000009 0.045766830044824271 7.5000000000000009 625.00000000000011 1.0000000180025095e-35 7.5000000000000009 6.5000000000000009 11.500000000000002
decision_type=8 2 10 8 8 2 10 10 2 10 10 8 8 10 10 8 8 2 8 10 8 10 8 2 8 8 2 2 10 2
left_child=1 2 4 13 8 6 -6 -8 -1 10 -7 -11 16 -4 -12 -15 -10 -2 19 24 -21 22 23 -22 26 -26 -19 -28 -29 -30
right_child=17 -3 3 -5 5 9 7 -9 12 11 14 -13 -14 15 -16 -17 -18 18 -20 20 21 -23 -24 -25 25 -27 27 28 29 -31
leaf_value=-0.073626003545313692 0.0009181800739712008 0.026481577820791559 -0.011304371170142885 0.012726270481556921 0.034117971768227888 0.016677895254909696 0.017054134322096248 -0.051329445584718913 0.018854947697052225 0.035888779494574419 -0.068028703374979058 -0.038205468665474043 -0.051271292658564442 -0.026538509205636704 -0.030917099507459841 -0.066240441737557665 -0.02587144630799619 -0.0020660140565782283 -0.011681414848661711 -0.0085997577908610047 -0.0042266157897561767 -0.0040626110174227029 -0.010379257950889762 0.05872430618457012 -0.032438119724137793 0.051140935731562198 -0.0027956842806457841 0.0041223344648503475 0.068013441219052811 -0.016974660996598279
leaf_weight=2.4169589844532302 1455.4085450544953 3.7500128587707868 2.4391235951334211 4.0349075198173532 11.205398985650392 3.6238007284700897 3.42313821427524 2.6133218202739954 3.6065210686065239 4.3054685606621197 4.1642653746530396 2.5178104322403669 2.4793785214424142 2.7835226468741894 4.3441020511090755 5.2258829316124302 2.1708872388117006 391.4457700051862 25.492501660308335 12.915528826648368 1.7744676787406204 6.6903603293467304 2.8196636392385708 7.8810514407232404 8.6625882663647609 1.3082032784586779 19.668939183990005 6.4005341063020733 4.80412258207798 1.1291011639987116
leaf_count=26 9324 33 26 34 98 28 25 23 36 32 38 23 25 22 33 35 30 13472 949 445 80 186 120 60 355 30 699 152 102 82
internal_value=-6.35507e-11 -0.00894684 -0.0111122 -0.0273594 -0.00609175 0.000212956 0.017779 -0.0125507 -0.0274726 -0.0157651 -0.029439 0.00854778 -0.0139624 -0.0428393 -0.0490807 -0.0524428 0.0020488 0.00029926 -0.00153535 -0.000979719 0.00897079 0.0208115 0.0341513 0.0471553 -0.00171624 -0.0214723 -0.00125105 0.00871726 0.0270772 0.0518401
internal_weight=2011.51 65.1045 61.3545 14.4834 46.8711 36.1973 17.2419 6.03646 10.6737 18.9554 12.1322 6.82328 8.25679 10.4485 8.50837 8.00941 5.77741 1946.4 490.993 465.5 32.0811 19.1655 12.4752 9.65552 433.419 9.97079 423.448 32.0027 12.3338 5.93322
internal_count=26623 567 534 117 417 300 146 48 117 154 99 55 91 83 71 57 66 26056 16732 15783 891 446 260 140 14892 385 14507 1035 336 184
is_linear=0
shrinkage=0.05


Tree=151
num_leaves=31
num_cat=0
split_feature=12 1 15 21 15 6 18 1 13 14 15 14 15 14 14 15 14 21 11 6 5 0 6 15 14 9 15 9 14 11
split_gain=1.92361 3.20291 2.57713 2.56437 2.30256 2.69908 2.66507 1.99642 3.66219 2.81203 1.92481 1.88141 2.69025 1.66253 2.05173 1.81379 3.1334 1.41623 2.88888 2.59177 1.72324 1.91243 1.50873 1.30738 1.2906 1.20928 1.01667 1.01249 1.00115 0.926587
threshold=0.45000000000000007 7.5000000000000009 -2.4999999999999996 12.500000000000002 -1.0000000180025095e-35 1.8500000000000003 1350.0000000000002 3.5000000000000004 1.5000000000000002 507.50000000000006 1.5000000000000002 497.50000000000006 1.5000000000000002 480.50000000000006 491.50000000000006 3.5000000000000004 472.50000000000006 9.5000000000000018 2.5000000000000004 3.6500000000000008 56.250000000000007 5.5000000000000009 3.6500000000000008 3.5000000000000004 478.50000000000006 2.4500000000000006 4.5000000000000009 3.9000000000000004 899.50000000000011 10.500000000000002
decision_type=10 10 8 2 10 2 10 8 2 10 10 10 10 10 8 10 10 2 10 2 8 2 2 10 10 10 10 10 10 10
left_child=29 2 17 4 5 -4 -7 8 -6 11 -5 12 -9 15 -15 16 -10 18 19 -2 21 -19 -23 -11 -22 -26 -17 28 -16 -1
right_child=1 -3 3 10 7 6 -8 9 13 23 -12 -13 -14 14 27 26 -18 20 -20 -21 24 22 -24 -25 25 -27 -28 -29 -30 -31
leaf_value=0.00060929370152500834 -0.015636614378379168 -0.057401029423763697 -0.059747249862116762 0.042304293207209499 0.01958956245158678 -0.05788241491845722 0.0052144245758592245 -0.041027413329291787 0.02108785784628045 0.040817748248686295 -0.010226814925971939 -0.052370527452228158 0.010342354176751015 0.021738577099049895 -0.023477921609609764 -0.084730115801526243 -0.067937315654247765 0.026270632648455063 -0.048320441749418318 0.047038214472888563 0.063353318888227067 0.0020404311713415357 -0.049973249380571239 0.0033022493417096746 -0.002835288926499549 0.045899284187362666 -0.041090200538630967 0.0056590751414102016 -0.068626602178336951 -0.0044176172301556666
leaf_weight=1811.8972684394394 4.0009777564555424 3.0263445395976296 5.308609474450348 3.8012728774920097 4.9393114785198149 2.3913078415207565 5.5754572851583362 3.5512480586767223 2.230343149974944 4.9072954733856005 3.2217186456546187 2.4116291282698503 9.0279655298218113 2.8128576183225933 3.5256634103134283 2.6653391439467669 1.774998504668474 4.9327608477324265 3.0550532462075353 2.8065535244531929 2.4891117466613641 4.1691142120398581 2.0946182573679835 4.4086092272773385 2.7806713925674558 2.3475090721622109 2.6730730039998889 1.6387784490361808 1.8839960899204014 96.55422000377439
leaf_count=23465 40 34 45 25 58 28 50 35 28 32 35 18 84 24 46 17 14 42 27 23 13 34 31 37 33 19 33 18 18 2217
internal_value=-2.56589e-11 -0.00674389 -0.00517032 -0.0104224 -0.0136796 -0.0321284 -0.0137248 -0.00862472 -0.0188083 0.00149081 0.0182062 -0.0119157 -0.00415989 -0.0286838 -0.0143638 -0.0437969 -0.0183643 0.00742106 -0.00792571 0.0102025 0.0154662 0.00298474 -0.0153532 0.0230641 0.0338123 0.0194738 -0.0628785 -0.0287714 -0.0392016 0.000354967
internal_weight=2008.9 100.452 97.4258 68.7495 61.7265 13.2754 7.96677 48.4511 24.1444 24.3067 7.02299 14.9908 12.5792 19.205 9.8613 9.34375 4.00534 28.6764 9.86258 6.80753 18.8138 11.1965 6.26373 9.3159 7.61729 5.12818 5.33841 7.04844 5.40966 1908.45
internal_count=26623 941 907 645 585 123 78 462 256 206 60 137 119 198 106 92 42 262 90 63 172 107 65 69 65 52 50 82 64 25682
is_linear=0
shrinkage=0.05


Tree=152
num_leaves=31
num_cat=0
split_feature=6 20 18 15 11 6 18 6 21 15 15 6 11 9 21 0 1 20 14 0 14 11 12 0 20 21 18 14 14 15
split_gain=1.18419 1.44221 1.72758 1.71902 1.28574 1.6362 1.09021 1.06071 0.980874 1.38857 1.05069 0.911306 0.785649 1.40765 0.768166 0.840491 0.839896 0.726579 0.74422 0.726516 2.7748 0.790084 0.712981 1.36769 2.46795 2.20413 1.82744 1.21441 1.30205 0.947049
threshold=1.5500000000000003 2.5000000000000004 1590.0000000000002 18.500000000000004 1.5000000000000002 1.3500000000000003 1215.0000000000002 1.2500000000000002 6.5000000000000009 5.5000000000000009 11.500000000000002 116.95000000000002 3.5000000000000004 2.1000000000000005 8.5000000000000018 4.5000000000000009 3.5000000000000004 1.0000000180025095e-35 468.50000000000006 11.500000000000002 482.50000000000006 9.5000000000000018 0.63333333333333341 2.5000000000000004 1.0000000180025095e-35 11.500000000000002 1150.0000000000002 464.50000000000006 487.50000000000006 41.500000000000007
decision_type=2 10 10 10 8 2 10 2 2 10 8 2 8 10 2 2 10 8 10 2 10 8 10 2 8 2 10 10 8 10
left_child=1 2 3 4 5 6 7 -1 -6 12 -11 22 13 -10 -15 -16 -17 18 -7 21 -21 -13 29 24 -24 26 -25 -28 -29 -2
right_child=11 -3 -4 -5 8 17 -8 -9 9 10 -12 19 -14 14 15 16 -18 -19 -20 20 -22 -23 23 25 -26 -27 27 28 -30 -31
leaf_value=0.006368020375929183 0.00033395117551229597 0.016060697495569418 -0.040679081095574242 -0.065723208107567155 -0.041003011613615511 -0.04065554810089439 0.012942096047470637 -0.070117775472468488 0.044680510739893611 -0.047745283352917632 0.014781404685582283 -0.0083174222313900422 0.027382275977470113 0.020479284983800038 -0.050784485255986958 0.027949817364159427 -0.02868480348817698 -0.054530197941217377 -0.0023200312960252835 -0.037703095531230739 0.18689635177841693 -0.037896591252280648 0.0022377787619160148 -0.029401818017358139 -0.070581914444034527 -0.032621381724309589 -0.011279027060402553 0.048507812974968638 0.008658984614840548 0.036024978699587533
leaf_weight=0.89930458413437164 1926.1407317920821 5.3485785024240604 4.52060527447611 1.2295540533959854 1.1420803237706447 2.5484695257619023 5.1109621715731919 0.91396432183682919 1.5762332789599902 1.8086600061506022 1.0689544472843411 8.1865319185017089 5.8996449559926996 1.6188428755849598 1.4511676914989946 1.1808872148394587 1.468991123139858 2.5055689420551062 2.5157973505556583 0.39967702754074785 0.20965084381168708 3.1171870724792834 2.4280383344739702 2.7093843221664455 2.2341559343039989 4.5419359607622019 2.9430446301121256 3.6429374366998646 4.6877670157700786 1.8604316636919964
leaf_count=34 22461 95 67 12 25 27 126 14 24 34 18 2023 100 31 25 17 27 25 24 109 30 1057 23 29 20 43 33 22 37 11
internal_value=8.19226e-12 -0.00822683 -0.0116947 -0.00771679 -0.00546756 -0.0164403 0.00112478 -0.0321841 0.00377064 0.006952 -0.0245183 0.000179398 0.0138148 0.00284407 -0.00868482 -0.020197 -0.00344625 -0.0325074 -0.0216115 -0.0136076 0.0395746 -0.0164744 0.000263575 -0.00845184 -0.0326579 -0.00235991 0.00746948 0.0163306 0.0260845 0.000368391
internal_weight=2005.91 42.8083 37.4597 32.9391 31.7095 14.4941 6.92423 1.81327 17.2155 16.0734 2.87761 1963.1 13.1958 7.29612 5.71989 4.10105 2.64988 7.56984 5.06427 11.913 0.609328 11.3037 1951.19 23.1873 4.66219 18.5251 13.9831 11.2737 8.3307 1928
internal_count=26623 725 630 563 551 250 174 48 301 276 52 25898 224 124 100 69 44 76 51 3219 139 3080 22679 207 43 164 121 92 59 22472
is_linear=0
shrinkage=0.05


Tree=153
num_leaves=31
num_cat=0
split_feature=15 6 18 20 15 6 11 14 9 7 0 18 0 15 0 21 14 5 18 14 10 4 14 15 6 6 7 6 15 15
split_gain=2.60678 1.0229 1.41274 1.25758 1.31633 0.940471 1.04713 0.951299 2.05589 0.87748 1.40826 3.06898 2.92015 2.79504 2.41781 2.28605 2.14021 5.17241 4.53672 2.41017 2.70052 2.07338 2.17103 3.28105 2.08992 1.83869 1.83102 3.36077 3.05808 1.67632
threshold=44.500000000000007 1.5500000000000003 1590.0000000000002 1.5000000000000002 -1.4999999999999998 1.2500000000000002 1.5000000000000002 464.50000000000006 4.9000000000000012 0.10362972508591067 1.5000000000000002 1350.0000000000002 3.5000000000000004 -8.4999999999999982 6.5000000000000009 9.5000000000000018 1014.5000000000001 505.00000000000006 810.00000000000011 1059.5000000000002 3.5000000000000004 1.0000000180025095e-35 498.50000000000006 2.5000000000000004 12.350000000000003 9.9500000000000011 0.10152545866831582 10.15 4.5000000000000009 -7.4999999999999991
decision_type=10 2 10 10 10 2 10 8 8 2 2 10 2 10 2 2 10 10 10 10 10 2 10 8 2 2 2 2 10 8
left_child=1 2 5 4 -4 -1 7 8 -7 10 11 15 13 -12 25 -3 17 18 -15 -18 -21 26 23 -23 -24 -14 27 28 -16 -17
right_child=-2 9 3 -5 -6 6 -8 -9 -10 -11 12 -13 14 16 21 29 19 -19 -20 20 -22 22 24 -25 -26 -27 -28 -29 -30 -31
leaf_value=0.011809138598800104 -0.058935936942881295 -0.024052646452210804 -0.074867413181460452 0.0087536899716867487 -0.018379007947101799 -0.07000526615487436 0.00031167498613035257 -0.0088753073600339339 -0.0023433852738177015 0.00085476146845705776 -0.02415413935274812 -0.021521410498191205 -0.042379205276165829 0.042063397534871032 0.047477850205199776 0.053634666202443351 0.070988374452407257 -0.046073831758889072 0.0055881489785935164 -0.027767839288204033 0.071838426944939957 0.021602461801138353 0.077152733260102094 -0.036861008866271382 0.013632845448534069 -0.0069194058727345608 -0.038048163396534752 -0.0017149067961508833 -0.021351866421826474 0.0065933045630303944
leaf_weight=7.4528265697881571 1.874467173591255 5.7200990972924073 1.9575926903635261 1.4683454167097805 2.1795083209872237 2.3199825771152982 16.504899177700281 8.5919463550671935 2.1753571499139071 1444.4247694537044 6.9207583775860249 25.731426493206527 3.7527982406318179 9.5422912884969247 6.4471245873719436 2.1537515831878409 2.8487661834806195 4.3961445568129411 79.94943077818607 1.9613151676021519 1.0419976556440813 8.7063346595969051 2.495395138859748 3.3130703438073406 2.6918151470599696 141.35652330575977 3.268718857318162 187.92118118761573 2.1525463974103332 15.691177735046951
leaf_count=256 11 232 23 24 32 23 233 102 30 8765 295 951 58 172 57 54 47 154 2619 57 18 266 12 113 92 4990 42 6343 26 526
internal_value=-3.91745e-11 5.50952e-05 -0.00760538 -0.0309991 -0.0451082 -0.00406557 -0.00806364 -0.0186261 -0.0372627 0.000221579 -0.00154381 -0.00958259 -0.000698439 0.00657282 -0.00284024 0.0034538 0.0087049 0.00687632 0.00947742 0.0380417 0.0067905 0.000500827 0.017155 0.00548739 0.0441902 -0.00783646 -0.000933489 -0.000316163 0.0302494 0.0122709
internal_weight=2007.01 2005.14 42.6505 5.60545 4.1371 37.045 29.5922 13.0873 4.49534 1962.49 518.063 49.2965 468.766 106.661 362.106 23.565 99.7399 93.8879 89.4917 5.85208 3.00331 216.996 17.2066 12.0194 5.18721 145.109 199.79 196.521 8.59967 17.8449
internal_count=26623 26612 723 79 55 644 388 155 53 25889 17124 1763 15361 3362 11999 812 3067 2945 2791 122 75 6951 483 379 104 5048 6468 6426 83 580
is_linear=0
shrinkage=0.05


Tree=154
num_leaves=31
num_cat=0
split_feature=6 15 11 20 6 0 21 18 21 9 15 5 15 2 15 11 1 0 12 6 5 15 21 9 15 6 13 21 13 14
split_gain=1.38851 2.12033 1.4844 1.73351 1.60647 1.3618 1.9791 1.15213 1.02134 0.975286 0.904988 3.63871 3.48468 3.32964 3.07886 3.04758 2.47373 1.64381 1.47536 1.3666 1.19249 1.08304 1.19473 0.825769 0.851622 0.818478 0.804565 0.895015 1.02314 1.09011
threshold=1.5500000000000003 19.500000000000004 1.5000000000000002 2.5000000000000004 1.2500000000000002 8.5000000000000018 9.5000000000000018 1350.0000000000002 6.5000000000000009 2.9000000000000004 20.500000000000004 505.00000000000006 26.500000000000004 1.0000000180025095e-35 18.500000000000004 9.5000000000000018 3.5000000000000004 6.5000000000000009 1.0000000180025095e-35 5.2500000000000009 565.00000000000011 23.500000000000004 9.5000000000000018 4.2250000000000005 27.500000000000004 116.95000000000002 1.5000000000000002 8.5000000000000018 3.5000000000000004 534.50000000000011
decision_type=2 10 8 10 2 2 2 10 2 10 10 10 10 2 10 8 10 2 10 2 10 8 2 10 10 2 2 2 2 10
left_child=1 2 3 4 -1 6 7 -6 -4 -8 14 13 19 16 25 20 18 -18 21 -13 -16 -12 -23 -15 -25 -2 -10 -28 -29 -30
right_child=10 -3 8 -5 5 -7 9 -9 26 -11 11 12 -14 23 15 -17 17 -19 -20 -21 -22 22 -24 24 -26 -27 27 28 29 -31
leaf_value=0.004828306116646806 0.00027880540020813993 -0.073923020082378874 -0.037161882631689312 0.028847703382114905 -0.073320882396965895 -0.066595851377914198 -0.024338781486072495 -0.024776483451805359 0.030566677043548093 0.014327224935139146 0.051968706049746953 0.037766261133603596 -0.051086895432659478 0.016639804152236228 -0.059491833414853867 0.021912246566344523 -0.060932858956693842 0.023375718225221196 0.064462454937686028 -0.018270273379107957 -0.010214351276451372 0.043375469282341844 -0.001376381466932686 -0.052948582682935647 0.0026445668170791219 -0.013043445581040859 0.022610628948084945 -0.043036708226239 0.0050956520990021736 -0.041499546062479936
leaf_weight=4.3219427173025968 1912.550179349375 1.2166634984314431 1.5602083448320652 1.8713353965431441 2.2759811952710134 2.158146762289106 3.3019970878958702 2.6399904806166887 2.6412395723164108 3.2223651176318526 3.2323637246154293 2.4365944042801839 4.1572496555745602 1.1619698293507088 4.8116069594398114 2.1412220591446394 1.0992113106185564 1.2196927047334609 4.073504986241459 1.9658358485903589 1.6482829598244277 2.4658714998513469 3.7737698265118524 1.9214888926362621 1.0738835248630492 11.598916279093826 3.8000003509223488 1.5506217256188435 11.401275363285086 1.4105436922982342
leaf_count=150 22247 11 32 39 15 24 34 32 52 39 25 13 50 12 66 32 20 23 25 46 27 15 34 44 16 3203 68 23 181 25
internal_value=-1.17055e-10 -0.00884889 -0.00697077 -0.0169443 -0.0217261 -0.0301658 -0.0232935 -0.0472514 0.00185569 -0.00524174 0.000195682 0.00902774 -0.0182573 0.0206926 6.50736e-05 -0.0297832 0.0311305 -0.0165884 0.0392997 0.012744 -0.0469184 0.0284782 0.0163093 -0.0191385 -0.0330176 0.000198498 0.00478188 0.00103217 -0.00467704 -3.43425e-05
internal_weight=2004.7 43.3723 42.1556 19.7918 17.9204 13.5985 11.4403 4.91597 22.3639 6.52436 1961.33 28.5814 8.55968 20.0218 1932.75 8.60111 15.8644 2.3189 13.5455 4.40243 6.45989 9.47201 6.23964 4.15734 2.99537 1924.15 20.8037 18.1624 14.3624 12.8118
internal_count=26623 725 714 333 294 144 120 47 381 73 25898 323 109 214 25575 125 142 43 99 59 93 74 49 72 60 25450 349 297 229 206
is_linear=0
shrinkage=0.05


Tree=155
num_leaves=31
num_cat=0
split_feature=6 20 5 21 13 1 9 15 15 9 11 0 3 0 15 14 7 15 7 20 1 9 6 9 14 2 9 4 15 9
split_gain=1.30053 1.24055 1.2312 1.25536 1.57661 2.06643 1.00404 1.28979 3.47736 1.28757 1.15131 1.11605 2.12608 0.975521 1.60875 0.819876 0.751402 1.11134 1.56375 1.19418 1.57489 1.96425 2.45274 2.08921 2.64822 1.935 1.8569 1.84727 1.79288 1.69732
threshold=1.5500000000000003 2.5000000000000004 53.250000000000007 6.5000000000000009 1.5000000000000002 2.5000000000000004 1.4500000000000002 7.5000000000000009 11.500000000000002 1.2250000000000003 3.5000000000000004 8.5000000000000018 1.0000000180025095e-35 2.5000000000000004 1.0000000180025095e-35 492.50000000000006 0.099504950495049524 -9.4999999999999982 0.094788858939802351 1.5000000000000002 7.5000000000000009 4.7750000000000012 10.550000000000002 4.5500000000000007 492.50000000000006 1.0000000180025095e-35 4.2250000000000005 1.0000000180025095e-35 -1.4999999999999998 5.366666666666668
decision_type=2 10 10 2 2 10 10 8 10 10 8 2 2 2 8 10 2 10 2 8 10 10 2 8 10 2 8 2 8 10
left_child=1 2 -1 -4 -5 -6 9 10 -9 -7 11 13 15 14 -8 -13 17 18 -2 -19 21 23 -23 -21 25 -25 -22 -28 -26 -24
right_child=16 -3 3 4 5 6 7 8 -10 -11 -12 12 -14 -15 -16 -17 -18 19 -20 20 26 22 29 24 28 -27 27 -29 -30 -31
leaf_value=0.024845887119539407 -0.0087968098447667713 0.014424561252180191 -0.045884266218398341 0.024831288033555318 -0.054179037623881814 -0.0087493974391703432 -0.059322449327883026 -0.10115045607407169 0.0040899148089202789 -0.075274305583596032 0.020064278769145402 0.013743845699722838 -0.085719081554749971 0.0067988221426204393 0.015765181335798569 -0.039410380001678624 0.00075987994005608645 -0.0028377064792564689 -0.077764166978354476 0.0075408833275327812 -0.061722074724904333 -0.036370519350681231 -0.01204765942463539 0.018118828602952993 0.045527904409937453 0.093515054241873063 -0.01775977484694553 0.039050646587911651 -0.022686041236954616 0.004377635947985339
leaf_weight=2.1788479946553698 29.967853259644475 5.175696794409304 2.820658133365213 2.7903239172883323 2.9537680298090008 1.6718276711180835 1.6222187308594644 1.2635414823889761 2.0721478806808591 1.2874829433858392 4.5184802869334808 1.7865794794633978 1.2366290129721162 9.6195439971052092 1.2731847176328304 1.2214349936693905 1463.1776646524668 291.49819833328365 0.8450805488973846 43.053570559713989 1.842561296420169 4.4651840124279252 19.139981539570726 1.3304488053545349 1.7187457140535114 2.3613706757314503 7.3443583768676035 1.7771608863258732 2.191451631020755 88.232380886067403
leaf_count=36 1203 95 38 58 32 34 25 24 30 16 74 29 19 171 24 20 9010 10202 17 907 56 69 519 33 31 27 339 63 58 3364
internal_value=-1.48527e-10 -0.00855177 -0.0116553 -0.0138561 -0.0111446 -0.014433 -0.0101752 -0.00686684 -0.0357746 -0.0376918 -0.00233507 -0.00837406 -0.0305292 -0.000859806 -0.0263045 -0.00783997 0.000189866 -0.00149244 -0.0106883 -0.000883019 0.00240187 0.00363944 -6.02999e-05 0.0118077 0.0359727 0.0663439 -0.0159395 -0.00669131 0.00729772 0.0014497
internal_weight=2002.44 43.4924 38.3167 36.1378 33.3172 30.5268 27.5731 24.6138 3.33569 2.95931 21.2781 16.7596 4.24464 12.5149 2.8954 3.00801 1958.95 495.768 30.8129 464.955 173.457 162.493 111.838 50.6556 7.60202 3.69182 10.9641 9.12152 3.9102 107.372
internal_count=26623 725 630 594 556 498 466 416 54 50 362 288 68 220 49 49 25898 16888 1220 15668 5466 5008 3952 1056 149 60 458 402 89 3883
is_linear=0
shrinkage=0.05


Tree=156
num_leaves=31
num_cat=0
split_feature=6 18 14 20 18 21 14 9 21 15 9 3 9 15 14 6 0 14 14 0 9 9 11 15 1 15 21 5 14 14
split_gain=1.74763 2.47311 2.56563 1.44807 1.25238 1.28148 1.21907 1.62723 1.03486 1.79578 1.6557 1.04212 0.863219 0.827447 0.93198 0.724335 0.750875 2.66385 0.714796 0.817478 0.712991 0.818038 0.709924 0.696101 0.657647 4.59111 4.1453 3.00651 2.74565 2.13449
threshold=1.5500000000000003 835.00000000000011 954.50000000000011 2.5000000000000004 1590.0000000000002 11.500000000000002 448.50000000000006 3.5500000000000003 9.5000000000000018 -3.4999999999999996 2.5500000000000003 1.0000000180025095e-35 2.1000000000000005 3.5000000000000004 504.50000000000006 116.95000000000002 11.500000000000002 482.50000000000006 523.50000000000011 3.5000000000000004 3.4500000000000006 6.6333333333333337 9.5000000000000018 -1.4999999999999998 4.5000000000000009 11.500000000000002 14.500000000000002 52.500000000000007 1032.5000000000002 444.50000000000006
decision_type=2 8 10 8 8 2 10 10 2 10 10 2 10 8 8 2 2 10 10 2 8 8 8 10 8 10 2 10 10 10
left_child=1 2 -1 4 5 6 7 -3 13 -10 -11 -12 -7 23 -15 24 22 -18 19 -5 -21 -22 -17 -8 -2 26 -26 -28 29 -27
right_child=15 3 -4 18 -6 12 8 -9 9 10 11 -13 -14 14 -16 16 17 -19 -20 20 21 -23 -24 -25 25 28 27 -29 -30 -31
leaf_value=-0.07513838896558557 0.0009706300814813154 -0.058993393842981495 0.0059696680502697259 0.053309816838991775 -0.033623887363505585 -0.013413819781616952 -0.0010311952762029777 -0.0041336358591625147 0.01782374818753265 0.0082066987630579884 -0.028418651040505356 -0.079827703172145215 0.027184523848598974 0.0021991694911124996 -0.056007067530747572 -0.0077336229444108732 -0.036990741297601479 0.18175740588460954 -0.019844908906414424 0.045416709282669436 -0.036837993104555287 0.025559781096145963 -0.036945975921005153 0.032431017491315571 0.00012720353317439103 0.015543482343512289 0.0098591044866884053 -0.075558132849380732 0.0042619144037267208 -0.041427042117254155
leaf_weight=2.7258559032343319 1263.5794067768147 2.7655598102137509 1.5179538256488738 1.6872589122503985 4.7892790073528877 1.9105831293854851 2.9166279677301672 2.643973802216351 2.4120369325391948 1.6643276643007974 2.2298497073352337 1.7668722062371673 4.1604737024754286 2.5250158985145421 0.94512826018035401 7.8344620807329148 0.38627520325826559 0.21756308537442237 1.0720813386142252 0.97162096202373538 1.0759216891601684 1.0262951534241436 2.8314360906369993 3.3271026816219056 656.15547276008874 1.8662497382611061 1.5407819366082538 3.1086252238601446 6.3789296553004524 13.81326530780643
leaf_count=26 13516 31 28 32 67 27 62 43 40 23 41 29 67 54 15 2023 109 30 15 21 22 20 1057 62 8730 24 17 58 99 235
internal_value=-6.29231e-11 -0.0098394 -0.0461271 -0.00597883 -0.00992143 -0.00604282 -0.0113953 -0.03218 -0.00507404 -0.0183033 -0.0336962 -0.0511456 0.0144081 0.00592068 -0.0136539 0.000221815 -0.0124177 0.0418243 0.0170399 0.0253455 0.00999562 -0.00637561 -0.0154885 0.0167998 0.000294997 -0.000955205 -0.000206151 -0.0472514 -0.0233946 -0.0346461
internal_weight=2001.85 44.1338 4.24381 39.89 34.0568 29.2676 23.1965 5.40953 17.787 8.07309 5.66105 3.99672 6.07106 9.71387 3.47014 1957.71 11.2697 0.603838 5.83318 4.7611 3.07384 2.10222 10.6659 6.24373 1946.44 682.863 660.805 4.64941 22.0584 15.6795
internal_count=26623 725 54 671 561 494 400 74 326 133 93 70 94 193 69 25898 3219 139 110 95 63 42 3080 124 22679 9163 8805 75 358 259
is_linear=0
shrinkage=0.05


Tree=157
num_leaves=31
num_cat=0
split_feature=6 5 14 20 18 12 0 21 13 1 15 20 15 9 5 14 14 0 15 15 0 6 9 1 10 9 9 0 5 10
split_gain=1.26386 1.21662 1.8475 1.11286 1.13525 0.990848 0.796032 0.730142 0.747082 1.18481 1.84199 1.7943 1.56587 1.17804 1.64976 1.46051 1.79045 1.20227 0.907705 0.785252 0.706243 0.688594 0.682048 0.663022 1.36783 2.1998 1.60032 1.58514 1.49837 1.21459
threshold=1.5500000000000003 57.750000000000007 954.50000000000011 2.5000000000000004 1540.0000000000002 0.36666666666666675 5.5000000000000009 11.500000000000002 1.5000000000000002 4.5000000000000009 2.5000000000000004 1.0000000180025095e-35 -1.0000000180025095e-35 3.1000000000000005 55.500000000000007 434.50000000000006 467.50000000000006 4.5000000000000009 -6.4999999999999991 1.0000000180025095e-35 3.5000000000000004 178.95000000000002 3.1000000000000005 9.5000000000000018 2.5000000000000004 6.7750000000000012 4.1000000000000005 5.5000000000000009 56.750000000000007 5.5000000000000009
decision_type=2 10 10 8 10 10 2 2 2 10 10 10 8 8 10 10 10 2 10 8 2 2 10 10 8 10 10 2 10 8
left_child=1 3 -3 4 7 -6 -7 8 18 11 -11 13 -13 14 -10 -15 19 -18 -1 -17 -5 23 -9 -2 26 -26 -25 -28 -27 -30
right_child=21 2 -4 20 5 6 -8 22 9 10 -12 12 -14 15 -16 16 17 -19 -20 -21 -22 -23 -24 24 25 28 27 -29 29 -31
leaf_value=-0.015729505419447506 0.00014541869168079749 -0.067465559839727351 0.0054196750616232079 0.0413231877590748 -0.056555083615262014 0.014918168591763785 -0.037619011309272699 -0.0097288609787933231 -0.07912055720412918 0.019744148786972962 -0.042026156616050928 -0.091219160096541629 -0.022481953389876349 0.048805787825304252 0.0017790164156781961 -0.069575277171366148 -0.03124553416966775 0.035014360093283424 0.033696049467186823 -0.015539922317990458 0.0030187098034391209 -0.021315335160864975 0.024325353281109994 -0.00040140705075336923 -0.034828779231061952 0.062744861289902448 0.0035663389507736352 0.061018102389781975 -0.05856099996670016 0.034706546698404166
leaf_weight=1.726596449967474 1937.3862187450868 2.0432459674775596 1.5134752448648212 1.7109900005161751 2.1887068934738627 1.4102018326520922 1.4752780403941868 2.5456145147327325 1.3235499989241373 4.761298985220491 1.6166829355061052 1.5224054320715366 1.8178777787834399 1.2254263050854213 1.2029459951445458 1.2790995780378578 0.99777078209444914 2.1812120471149683 2.0107084074989023 1.4173758663237097 4.0559721346944571 3.7161253678641506 3.4808141719549894 4.2748773430939728 3.3983870850643152 1.3559786141850056 1.85337333753705 3.4088199380785227 0.68511381419375506 0.71165691385976981
leaf_count=38 23911 22 28 34 28 19 23 44 19 75 27 23 27 15 26 23 25 39 37 22 78 1750 53 41 62 29 30 28 24 23
internal_value=-1.00065e-10 -0.00842877 -0.036451 -0.005934 -0.00936163 -0.031186 -0.0119429 -0.00555733 -0.00960348 -0.0135571 0.00408669 -0.022235 -0.0538104 -0.0112797 -0.0406017 -0.000846917 -0.0112028 0.0142177 0.010862 -0.0411721 0.0143832 0.000187405 0.00994056 0.000228318 0.0104659 -0.00791769 0.0223227 0.0407833 0.0253052 -0.011041
internal_weight=2000.3 43.5072 3.55672 39.9505 34.1836 5.07419 2.88548 29.1094 23.083 19.3456 6.37798 12.9677 3.34028 9.62738 2.5265 7.10088 5.87546 3.17898 3.7373 2.69648 5.76696 1956.79 6.02643 1953.07 15.6882 6.15114 9.53707 5.26219 2.75275 1.39677
internal_count=26623 725 50 675 563 70 42 493 396 321 102 219 50 169 45 124 109 64 75 45 112 25898 97 24148 237 138 99 58 76 47
is_linear=0
shrinkage=0.05


Tree=158
num_leaves=31
num_cat=0
split_feature=6 6 18 15 13 1 15 14 12 15 1 15 5 21 6 0 0 6 0 0 15 11 9 5 6 0 10 13 14 15
split_gain=1.16658 1.12008 1.26529 0.969392 1.07776 0.881169 0.87664 0.732936 1.06982 1.5209 0.922237 0.658269 2.4007 2.72787 1.76324 1.47605 1.45341 1.88371 1.43613 1.29439 1.24577 1.86895 2.08963 1.08398 0.920428 1.68741 0.817576 0.653591 2.48455 3.16313
threshold=1.5500000000000003 1.2500000000000002 1540.0000000000002 19.500000000000004 1.5000000000000002 4.5000000000000009 -1.4999999999999998 471.50000000000006 0.90000000000000013 6.5000000000000009 3.5000000000000004 20.500000000000004 495.00000000000006 10.500000000000002 2.4500000000000006 6.5000000000000009 3.5000000000000004 4.6500000000000012 3.5000000000000004 9.5000000000000018 18.500000000000004 9.5000000000000018 4.7750000000000012 55.500000000000007 7.9500000000000011 6.5000000000000009 2.5000000000000004 2.5000000000000004 895.50000000000011 11.500000000000002
decision_type=2 2 10 8 2 10 8 10 8 8 10 10 10 2 2 2 2 2 2 2 10 8 10 10 2 2 10 2 8 8
left_child=1 6 3 4 -3 -4 -1 -8 9 10 -9 20 13 16 -14 18 -13 -18 -15 24 27 22 -22 -19 -16 -26 -24 28 -2 -30
right_child=11 2 5 -5 -6 -7 7 8 -10 -11 -12 12 14 15 19 -17 17 23 -20 -21 21 -23 26 -25 25 -27 -28 -29 29 -31
leaf_value=0.028179983009125914 -0.0018655088509249651 0.027873789372541282 -0.017219620882335515 -0.038792786369870907 -0.0084595050567574832 -0.059362051993670922 0.023287442288474462 -0.056882909785588187 0.032817109953145476 -0.10421367198753212 0.0097397481402546459 0.05167118933339937 0.042667967178242262 -0.0056860602522711056 -0.041017561566923683 0.01984860464037198 0.046980243958456833 0.026164309369997502 -0.074960511952799624 0.023051567472654851 -0.0058747932312516425 0.020968661527554583 -0.089874234003916392 -0.034351181336730978 -0.036861505969679707 0.048715340236953106 -0.036354707093114787 0.00043176175811161175 -0.082111044740650646 0.0030786228203700801
leaf_weight=3.3158519500866532 154.82902541401563 2.221516488119966 2.9084909558296195 2.3776732310652724 25.123538658022881 2.1627520564943552 1.6418205238878707 0.79193879058584649 0.8397881994023918 0.57311594486236606 1.5096342265605924 5.597377980127936 1.3049256373196829 2.0279697437072168 4.8093563728034479 2.5241095279343426 2.6295653041452169 1.2197815766558053 1.1854880752507595 1.473227620590478 3.2293621087446782 2.1297052151057878 1.5079986727796497 1.8812983831157906 1.4634276230353864 0.94995201053097833 1.3545535602606831 1761.6355634955107 2.2116532027721396 2.1478449553251266
leaf_count=103 1975 35 32 29 321 19 58 29 26 19 54 35 7 32 40 35 15 24 23 14 39 32 24 26 50 22 30 23435 21 19
internal_value=-1.46592e-10 -0.00810177 -0.0121089 -0.00817042 -0.00550778 -0.0351923 0.0079753 -0.00453254 -0.0168291 -0.0313324 -0.0131842 0.000180027 0.0079234 0.0193228 -0.0115286 -0.00876607 0.0335496 0.0158494 -0.0312423 -0.0196614 7.13792e-05 -0.0193501 -0.0334454 -0.010548 -0.0283736 -0.00317684 -0.0645489 0.000154508 -0.00291368 -0.0401397
internal_weight=1999.58 43.4661 34.794 29.7227 27.3451 5.07124 8.67215 5.3563 3.71448 2.87469 2.30157 1956.11 27.0665 17.0656 10.0009 5.73757 11.328 5.73065 3.21346 8.69596 1929.05 8.22162 6.09191 3.10108 7.22274 2.41338 2.86255 1920.82 159.189 4.3595
internal_count=26623 725 436 385 356 51 289 186 128 102 83 25898 323 190 133 90 100 65 55 126 25575 125 93 50 112 72 54 25450 2015 40
is_linear=0
shrinkage=0.05


Tree=159
num_leaves=31
num_cat=0
split_feature=6 18 10 0 18 14 15 15 11 15 21 12 14 15 1 5 15 6 9 20 21 21 15 15 14 11 0 18 15 15
split_gain=1.39762 1.37512 1.15492 1.12827 1.08619 1.54459 0.812341 1.72133 2.82934 1.29843 2.71067 1.86704 2.51874 2.52878 1.26028 1.02594 0.899871 0.95224 0.926602 0.788675 0.860318 0.841097 1.16784 1.12183 1.33799 0.872107 1.25925 0.919999 0.862518 0.859474
threshold=1.5500000000000003 1540.0000000000002 6.5000000000000009 4.5000000000000009 835.00000000000011 954.50000000000011 41.500000000000007 30.500000000000004 7.5000000000000009 20.500000000000004 11.500000000000002 1.0000000180025095e-35 858.50000000000011 23.500000000000004 2.5000000000000004 56.750000000000007 19.500000000000004 3.9500000000000006 6.7750000000000012 2.5000000000000004 11.500000000000002 9.5000000000000018 -3.4999999999999996 1.0000000180025095e-35 479.50000000000006 1.5000000000000002 3.5000000000000004 1350.0000000000002 1.5000000000000002 3.5000000000000004
decision_type=2 10 10 2 8 10 10 10 10 10 2 10 10 10 10 10 10 2 10 8 2 2 10 10 10 10 2 10 8 10
left_child=1 2 4 -3 5 -1 7 9 -9 16 11 12 15 -14 -13 -11 -2 -18 -19 20 21 25 -23 -24 29 26 27 -6 -28 -25
right_child=6 3 -4 -5 19 -7 -8 8 -10 10 -12 14 13 -15 -16 -17 17 18 -20 -21 -22 22 23 24 -26 -27 28 -29 -30 -31
leaf_value=-0.059855046384913825 0.00016424516655484959 0.0013873531016428203 -0.056041644841498033 -0.042440267869406072 -0.069396736607715864 0.007751465147679955 0.03240157807803519 -0.056233135222871537 0.015313726886665711 0.0060141575097679735 -0.044801346852964496 0.058930957994567851 0.016949618499846119 -0.05286282292956921 0.013604418387872184 0.047338268640454761 -0.052303720632284036 -0.03356890506561043 0.035091690107024447 0.018176620256866029 0.013006945589974971 0.0087724049115000206 -0.055750565198089658 -0.0068572037856578366 0.018132516591363348 0.014995834985861234 0.035017420148956084 -0.012740413434844994 -0.014996113866428285 -0.062288037139803014
leaf_weight=1.9274714211933308 1925.2742712597537 2.1047797482460728 1.0753687806427468 4.8570767194032669 1.2144867777824457 1.5041354573331771 1.9563775584101666 3.4048362849280229 2.3255995063809678 2.7318534811493063 1.8315620430512343 3.8160539469681671 2.5395766401197761 2.6513806604780257 2.5639312034472823 3.3361181978834793 1.6823927238583558 1.0388391814194617 0.93242713343352068 4.7530819675885132 5.9547060756012788 2.7310305568389595 2.6195459729060513 1.3034772258251908 1.8524200106039641 5.5699687348678708 1.6221434203907854 1.7475365102291105 1.8397362297400826 1.5087461583316324
leaf_count=25 25514 31 14 55 14 28 14 33 28 40 50 30 29 35 36 28 16 27 18 96 94 45 39 22 27 103 35 33 39 25
internal_value=-1.49141e-10 -0.00879374 -0.00497912 -0.0291899 -0.00346008 -0.0302219 0.00019864 0.0001664 -0.0271971 0.000246879 0.0130941 0.0191058 0.00686044 -0.0187084 0.0407155 0.0287338 0.000117199 -0.0246733 -0.00109181 -0.000653088 -0.00385362 -0.00841536 -0.0191119 -0.0295664 -0.014862 0.00051651 -0.0120381 -0.0359706 0.00843888 -0.0365956
internal_weight=2000.27 44.1857 37.2239 6.96186 36.1485 3.43161 1956.09 1954.13 5.73044 1948.4 19.4705 17.6389 11.2589 5.19096 6.37999 6.06797 1928.93 3.65366 1.97127 32.7169 27.9638 22.0091 10.0152 7.28419 4.66464 11.9939 6.4239 2.96202 3.46188 2.81222
internal_count=26623 725 639 86 625 53 25898 25884 61 25823 248 198 132 64 66 68 25575 61 45 572 476 382 158 113 74 224 121 47 74 47
is_linear=0
shrinkage=0.05


Tree=160
num_leaves=31
num_cat=0
split_feature=6 9 10 18 0 14 14 20 1 15 15 11 15 2 0 12 6 18 14 1 21 1 15 15 1 3 14 15 3 18
split_gain=1.67273 1.8061 1.70124 1.34147 1.04322 0.905065 1.36162 1.03907 0.830892 0.744073 1.1235 2.24417 1.53703 2.29745 2.40332 1.71593 1.0945 2.78188 1.00691 0.799331 0.710867 0.697552 0.679868 1.05564 1.54356 2.63785 0.854873 0.705438 1.93264 2.06918
threshold=1.5500000000000003 11.100000000000001 3.5000000000000004 1590.0000000000002 4.5000000000000009 534.50000000000011 954.50000000000011 2.5000000000000004 3.5000000000000004 41.500000000000007 30.500000000000004 7.5000000000000009 20.500000000000004 1.0000000180025095e-35 3.5000000000000004 1.0000000180025095e-35 4.5500000000000007 1150.0000000000002 902.50000000000011 3.5000000000000004 11.500000000000002 3.5000000000000004 -30.499999999999996 -18.499999999999996 4.5000000000000009 1.0000000180025095e-35 470.50000000000006 -16.499999999999996 1.0000000180025095e-35 1350.0000000000002
decision_type=2 10 10 10 2 8 10 8 8 10 10 10 10 2 2 10 2 10 10 10 2 10 8 8 10 2 10 8 2 8
left_child=1 2 3 5 -5 7 -7 20 -4 10 12 -12 22 14 15 -14 -16 -18 19 -15 -1 -20 -2 24 25 -24 -26 28 29 -25
right_child=9 -3 8 4 -6 6 -8 -9 -10 -11 11 -13 13 18 16 -17 17 -19 21 -21 -22 -23 23 27 26 -27 -28 -29 -30 -31
leaf_value=-0.011377025981432028 0.025688864094021765 -0.071544109086138827 0.0046209924792548571 -0.0017707631174814064 -0.045422377799672897 -0.051292601196461146 0.0083258273370433993 0.020691763987465625 0.056678756362411334 0.030439174942514469 -0.05095273217908175 0.014056783337602614 0.025099698029426749 -0.048760886416035015 0.026307786794129612 0.078231299960762779 -0.055312835546526273 0.033651153071846275 0.034152023006149099 0.0031109341393655409 0.0092208126070132419 -0.012659823033010303 0.027830252106431721 0.026388165719670099 -0.00022681282082411978 -0.046746509895121462 -0.067559323734765392 8.6919004659313001e-05 0.046407766449111071 -0.040611309643164194
leaf_weight=21.032510126940913 2.5941248640883714 1.1450702603906382 1.7260014321655028 1.993288037367164 4.3681810395792127 2.5426768008619538 1.5364028001204131 3.8021154864691189 1.3788296543061731 2.034697037190198 3.0430411892011753 2.3548011129023507 3.3734313547611254 2.0561289177858266 3.4007784519344568 2.7652880558744073 1.8672288930974903 1.659845349146053 1.5180040178820493 1.1626305067911742 5.230432220734655 1.6727043739520011 2.9194121866021305 2.4594065223354846 0.62932047620415721 1.9966746912105007 1.8785932821920139 1911.7381862390612 3.0211583625059575 2.1684176421258599
leaf_count=347 37 15 36 29 48 31 28 81 22 14 33 28 35 41 19 14 37 31 24 21 88 26 47 30 11 35 68 25277 37 33
internal_value=-1.72773e-10 -0.00955758 -0.00793001 -0.0106641 -0.0317447 -0.00673658 -0.0288371 -0.0037381 0.0277394 0.000218653 0.000187189 -0.0225924 0.000250282 0.0142262 0.0262536 0.0490337 0.00606839 -0.0134463 -0.0102934 -0.0300245 -0.00727484 0.00961127 0.000109205 7.47659e-05 -0.0187431 -0.00245919 -0.0506633 0.000147552 0.0153017 -0.00500517
internal_weight=2001.07 44.7555 43.6104 40.5056 6.36147 34.1441 4.07908 30.0651 3.10483 1956.31 1954.28 5.39784 1948.88 19.476 13.0666 6.13872 6.92785 3.52707 6.40947 3.21876 26.2629 3.19071 1929.41 1926.81 7.424 4.91609 2.50791 1919.39 7.64898 4.62782
internal_count=26623 725 710 652 77 575 59 516 58 25898 25884 61 25823 248 136 49 87 68 112 62 435 50 25575 25538 161 82 79 25377 100 63
is_linear=0
shrinkage=0.05


Tree=161
num_leaves=31
num_cat=0
split_feature=6 9 18 0 14 14 20 11 15 4 0 9 14 15 14 14 7 6 15 21 0 18 15 11 15 21 5 9 5 15
split_gain=2.16239 2.76457 1.68795 0.953559 0.934221 1.18945 1.133 1.00832 0.858609 0.699942 0.816012 1.62499 1.06931 1.03412 1.12764 1.02315 1.36213 1.96922 0.911189 1.1785 0.898972 0.784799 0.682782 1.98572 1.04416 2.30587 1.8285 1.35694 1.2201 1.03891
threshold=1.5500000000000003 12.100000000000001 1590.0000000000002 4.5000000000000009 534.50000000000011 954.50000000000011 2.5000000000000004 6.5000000000000009 41.500000000000007 1.0000000180025095e-35 2.5000000000000004 5.7083333333333348 508.50000000000006 7.5000000000000009 498.50000000000006 467.50000000000006 0.69047619047619058 1.2500000000000002 1.5000000000000002 9.5000000000000018 6.5000000000000009 1350.0000000000002 30.500000000000004 9.5000000000000018 20.500000000000004 11.500000000000002 495.00000000000006 4.2250000000000005 56.750000000000007 22.500000000000004
decision_type=2 10 10 2 8 10 8 10 10 2 2 8 8 10 10 10 2 2 8 2 2 10 10 10 10 2 10 8 10 8
left_child=1 2 4 -4 6 -6 7 9 22 10 11 21 13 14 15 16 -12 -18 19 -17 -19 -1 24 -24 -2 26 27 -26 29 -29
right_child=8 -3 3 -5 5 -7 -8 -9 -10 -11 12 -13 -14 -15 -16 18 17 20 -20 -21 -22 -23 23 -25 25 -27 -28 28 -30 -31
leaf_value=-0.036555604457661255 0.00015061353261163163 -0.082023353948372832 -0.0017054974335744739 -0.042460056350035844 -0.04550067144409211 0.0087844983310005897 0.022687986170593588 0.019566800634665673 0.030955631549924419 0.023996284949041054 0.016167073480832489 -0.06977460510372506 0.025657738370025551 -0.051589466205147629 -0.047903897799486311 0.034659817234524805 0.030095597227089183 -0.064942013933759521 0.044300396020513916 -0.021917089445422918 -0.017580310905322184 0.011566910762641481 -0.040543877445581959 0.025626617619292032 0.064491731323867957 -0.042826272632339707 -0.0035942191543756352 0.026274015977550625 0.036463985499875007 -0.03108286459155872
leaf_weight=1.4857626734301548 1929.0770918829076 1.3206582088023413 1.9980386495590199 5.0958127630874515 2.8170442869886747 1.5722601399756966 4.2215788760222486 3.6366892699152222 2.2742850445210925 1.546246014535426 2.5608830675482803 1.6220373790711162 2.3491920419037333 1.3951953519135702 1.4846055796369899 1.5347588462755086 1.1287061711773274 2.3231264669448137 1.746493538841605 2.2994660490658134 1.7617018017917869 1.9713753885589538 3.3464014122728249 1.714742209529504 2.3038659114390656 1.7302015280583862 6.2407095343805841 1.5328916516155011 4.9718633007723838 1.6279213598463678
leaf_count=18 25575 7 29 50 33 29 92 58 14 31 31 28 36 21 24 29 43 32 39 43 22 30 41 20 14 50 101 19 34 30
internal_value=-1.52312e-10 -0.0107307 -0.00861732 -0.0309812 -0.00438191 -0.0260556 -0.00150503 -0.00504562 0.000251806 -0.00859616 -0.0107259 -0.0284864 -0.0058718 -0.0104341 -0.0065648 -0.00196939 -0.0136948 -0.0283628 0.014365 0.000729445 -0.0445159 -0.00911454 0.000216042 -0.018125 0.000263707 0.0121158 0.0178158 0.0306183 0.0210224 -0.00326664
internal_weight=2000.69 45.8716 44.551 7.09385 37.4571 4.3893 33.0678 28.8462 1954.82 25.2096 23.6633 5.07918 18.5841 16.2349 14.8397 13.3551 7.77442 5.21353 5.58072 3.83422 4.08483 3.45714 1952.55 5.06114 1947.48 18.4075 16.6773 10.4365 8.13268 3.16081
internal_count=26623 725 718 79 639 62 577 485 25898 427 396 76 320 284 263 239 128 97 111 72 54 48 25884 61 25823 248 198 97 83 49
is_linear=0
shrinkage=0.05


Tree=162
num_leaves=31
num_cat=0
split_feature=6 18 15 9 1 10 6 9 14 5 15 15 15 15 14 0 21 3 15 2 1 0 6 11 0 15 6 15 9 6
split_gain=3.0494 2.84537 2.06757 0.87499 1.69394 1.14839 0.848338 0.800459 2.01017 1.66065 1.47059 1.70555 1.03522 0.988641 0.843309 0.747043 0.742296 0.73023 0.706151 2.03505 1.82208 3.18695 1.34089 2.20172 1.24723 0.886275 1.46691 0.816005 0.978316 0.666568
threshold=1.5500000000000003 1725.0000000000002 19.500000000000004 9.3666666666666689 4.5000000000000009 3.5000000000000004 1.2500000000000002 4.2250000000000005 515.50000000000011 56.250000000000007 -1.0000000180025095e-35 3.5000000000000004 6.5000000000000009 -3.4999999999999996 508.50000000000006 5.5000000000000009 9.5000000000000018 1.0000000180025095e-35 20.500000000000004 1.0000000180025095e-35 2.5000000000000004 3.5000000000000004 4.4500000000000011 7.5000000000000009 5.5000000000000009 19.500000000000004 3.9500000000000006 23.500000000000004 8.7750000000000021 14.050000000000002
decision_type=2 10 10 10 10 10 2 8 10 8 10 10 10 10 10 2 2 2 10 2 10 2 2 10 2 10 2 10 10 2
left_child=1 2 3 5 -5 6 -1 10 9 13 14 16 -13 -9 17 -15 -12 -8 25 20 21 -20 -22 -24 -25 29 -27 -21 -29 -2
right_child=18 -3 -4 4 -6 -7 7 8 -10 -11 11 12 -14 15 -16 -17 -18 -19 19 27 22 -23 23 24 -26 26 -28 28 -30 -31
leaf_value=0.0077653198337564108 0.00067621730661260337 -0.058972532821795369 -0.068603572930177673 0.0058785974526078828 -0.065741246796177405 0.031877718689403631 -0.042796016288088233 0.0055823719673603221 -0.066728989943920347 0.027217665063157866 0.056800007296872727 -0.035978545124520617 0.0098528976453634079 -0.014307239433277025 0.010024175231407582 -0.051127116067060434 0.015713987989302968 -0.0066326619230223614 0.062188680435455224 0.011345636836916964 0.022200594215675072 0.0017176006375169259 -0.057160262455816194 -0.025055888274858742 0.04310117817940632 -0.054239771071117007 0.0060290768395284645 -0.034599864421793226 0.018571893419769989 -0.00175349674831176
leaf_weight=7.5332535847555837 1582.3324744030833 3.0874895006418219 1.4230449125170697 1.5606285100802773 1.7529415758326647 1.9774176729843009 3.8148074261844149 2.2248668465763322 2.0040673166513434 2.13653269968927 1.5836716070771268 2.437492685392499 2.49149289727211 2.5909071154892427 1.7327511515468357 2.9417098499834538 3.5945436004549265 2.2015066873282194 4.6957435077056342 2.4047835738747372 4.2969464678317291 4.0649253400042653 1.9430293254554269 1.2162079322151842 1.4979055095463989 1.9599768891930569 2.0821905060438439 4.2379325096262619 1.0869615329429505 343.5657815952145
leaf_count=249 10905 19 11 29 19 40 46 29 20 30 19 29 28 30 17 35 45 30 22 40 26 39 36 35 25 16 45 85 15 14609
internal_value=-1.3297e-10 -0.0125733 -0.00931759 -0.00733616 -0.0320097 -0.00525396 -0.00722311 -0.0110179 -0.0210646 -0.0118151 -0.00432357 0.00824048 -0.0128118 -0.0225653 -0.020711 -0.0338845 0.0282795 -0.029563 0.000302787 0.00857798 0.0179186 0.0341303 0.00205705 -0.0165285 0.0125597 0.000193687 -0.0231942 -0.0128286 -0.023746 0.000242775
internal_weight=2002.47 47.0891 44.0016 42.5786 3.31357 39.265 37.2876 29.7543 11.8981 9.89402 17.8563 10.1072 4.92899 7.75748 7.74907 5.53262 5.17822 6.01631 1955.38 25.4444 17.7148 8.76067 8.95409 4.65714 2.71411 1929.94 4.04217 7.72968 5.32489 1925.9
internal_count=26623 725 706 695 48 647 607 358 144 124 214 121 57 94 93 65 64 76 25898 323 183 61 122 96 60 25575 61 140 100 25514
is_linear=0
shrinkage=0.05


Tree=163
num_leaves=31
num_cat=0
split_feature=6 21 5 13 15 15 6 9 15 9 13 0 11 9 9 14 5 0 13 15 5 20 5 9 15 0 15 0 14 11
split_gain=3.05993 3.33574 1.73909 1.6891 1.78936 1.25456 1.19835 1.32118 1.58158 0.941355 1.00809 0.925204 0.908801 1.44464 0.984223 1.25673 1.13622 0.813097 0.772707 0.727015 1.25847 1.39825 1.8506 1.56463 1.61712 0.771928 0.722165 1.22106 1.92096 1.23338
threshold=1.5500000000000003 6.5000000000000009 55.500000000000007 1.5000000000000002 19.500000000000004 11.500000000000002 1.2500000000000002 1.4500000000000002 8.5000000000000018 9.2250000000000014 4.5000000000000009 1.5000000000000002 3.5000000000000004 3.5500000000000003 6.7750000000000012 462.50000000000006 56.250000000000007 4.5000000000000009 4.5000000000000009 20.500000000000004 53.250000000000007 1.5000000000000002 495.00000000000006 4.1000000000000005 23.500000000000004 9.5000000000000018 17.500000000000004 7.5000000000000009 1016.5000000000001 9.5000000000000018
decision_type=2 2 10 2 8 10 2 10 10 8 2 2 8 10 10 10 8 2 2 10 10 8 10 10 10 2 10 2 10 10
left_child=1 2 -1 -3 5 6 11 -8 9 10 -9 -5 13 17 15 -15 -17 -12 -13 26 -21 23 -23 -22 -25 -24 -2 28 29 -28
right_child=19 3 -4 4 -6 -7 7 8 -10 -11 12 18 -14 14 -16 16 -18 -19 -20 20 21 22 25 24 -26 -27 27 -29 -30 -31
leaf_value=-0.020700484898353085 0.00028042315025015137 0.02651081057371716 -0.080524128598591774 -0.046415964440009172 -0.068092886352986312 0.029197541011890898 -0.044818828117535556 -0.0346449494218923 -0.058508804913446504 -0.041608321018793824 0.038093370492839757 -0.036211185472948819 0.021837809532831015 0.0020266046249683514 0.0060671088518604484 -0.069254104473755559 -0.019096321801323431 -0.00071293075000052226 0.01929606892902555 0.04381888415183452 0.039091718772645299 0.028482408494447126 -0.011152284305189858 0.007723780911562176 -0.056806148141165469 0.027374702146611082 -0.040203665111299053 0.0077308097802960248 0.028691016894261595 0.015787753332611291
leaf_weight=2.3384855585172764 1914.3356313663098 3.2593818912282577 2.528239774517715 0.72371430229395528 1.3237439058721054 2.0388380605727425 3.4292053822428015 2.5865207929164304 1.6864070519804943 1.954102275893091 2.0727953612804404 0.70411723852157582 3.450781473889946 2.1934730261564237 2.845742073841393 2.2517481707036495 2.2646187841892242 3.8700305782258511 5.7233155714347959 2.3273473537992713 0.9701873393496524 8.55413668358233 7.1962668944615853 1.5948895678156985 2.4813752754125744 1.5868158047087488 6.6520518108736706 5.6004719176562494 1.5698704421520231 1.1541969741228966
leaf_count=33 25340 70 15 20 12 29 29 33 22 17 26 25 49 27 33 23 30 47 185 28 12 72 118 25 53 15 111 74 20 30
internal_value=-2.45448e-11 -0.0125736 -0.0517786 -0.00807131 -0.0109527 -0.00895139 -0.0111266 -0.0157033 -0.0117375 -0.00837966 -0.00536456 0.00718048 -0.00136786 -0.00653469 -0.0185732 -0.0290236 -0.0441037 0.0128223 0.0132153 0.00030401 0.00882584 0.00518743 0.0119296 -0.0179755 -0.031558 -0.00419172 0.00019486 -0.0107419 -0.0217759 -0.031925
internal_weight=2001.27 47.2453 4.86673 42.3785 39.1192 37.7954 35.7566 28.6054 25.1762 23.4898 21.5357 7.15115 18.9492 15.4984 9.55558 6.70984 4.51637 5.94283 6.42743 1954.02 24.711 22.3837 17.3372 5.04645 4.07626 8.78308 1929.31 14.9766 9.37612 7.80625
internal_count=26623 725 48 677 607 595 566 336 307 285 268 230 235 186 113 80 53 73 210 25898 323 295 205 90 78 133 25575 235 161 141
is_linear=0
shrinkage=0.05


Tree=164
num_leaves=31
num_cat=0
split_feature=6 9 10 6 21 13 10 20 11 14 14 15 15 15 1 15 9 0 9 10 0 6 11 9 5 9 0 9 6 6
split_gain=2.2953 1.50789 1.52745 1.35181 1.44841 1.09423 1.04208 1.03044 1.44482 1.42694 1.20847 1.15636 1.92779 0.926046 0.854058 0.814606 0.782005 1.59206 0.721897 1.79962 1.87434 1.92087 1.63865 2.00698 2.39602 2.43151 2.05459 2.03422 2.01169 1.82793
threshold=1.5500000000000003 11.100000000000001 3.5000000000000004 1.2500000000000002 6.5000000000000009 1.5000000000000002 2.5000000000000004 2.5000000000000004 1.5000000000000002 481.50000000000006 466.50000000000006 -1.4999999999999998 2.5000000000000004 7.5000000000000009 3.5000000000000004 -1.0000000180025095e-35 5.6333333333333337 3.5000000000000004 11.100000000000001 8.5000000000000018 2.5000000000000004 5.3500000000000005 5.5000000000000009 12.100000000000001 53.250000000000007 12.550000000000002 7.5000000000000009 11.708333333333334 3.9500000000000006 5.6500000000000012
decision_type=2 10 10 2 2 2 8 8 10 10 10 8 8 10 8 10 10 2 10 10 2 2 10 10 8 8 2 10 2 2
left_child=1 2 3 13 -5 -6 7 8 9 10 -7 -10 -13 16 -4 -11 -1 -18 19 -2 -21 -22 -20 27 -25 -26 -27 29 -28 -24
right_child=18 -3 14 4 5 6 -8 -9 11 15 -12 12 -14 -15 -16 -17 17 -19 22 20 21 -23 23 24 25 26 28 -29 -30 -31
leaf_value=0.023450697908862402 0.00021763070945099509 -0.060118115200009696 0.0018111789353143762 -0.04688175252787815 0.021595059505734395 -0.030270822989134739 -0.052041128217479485 0.0077887681976704926 -0.026734001938529386 -0.069350712056657826 0.014661299704662465 0.036207688937928653 -0.017159710957358867 -0.050156073598168864 0.056263834975707874 -0.028852166697488715 -0.068168631567539384 0.016462650013763361 -0.021886087618976421 -0.082376491584245232 0.03241992649625039 -0.03583440033414962 -0.012948876878584476 0.061764834953143881 -0.062200770121364934 0.01445904553133525 0.033986915937999095 0.049974449837563356 -0.048384253489227966 0.031112435154142939
leaf_weight=4.8749374209437502 1912.3778625396808 1.5086613250896324 1.6459933193400496 3.4293570984154931 2.1711944518610862 4.1986965499818414 1.8008391764014948 4.975084211677312 3.6212606839835644 2.5736751779913902 2.3251384347677231 3.2310804370790667 3.5529317092150485 0.65836668759584416 1.2801273409277198 2.399158850312233 0.81874908646568689 1.7295911028049884 4.1968749028164885 1.230873345863073 1.5507420077919958 3.0744348308071494 4.3287144880741852 1.3917331192060345 1.7488988895784121 8.6496239115367626 0.97500669211149293 5.1778407210367723 3.0913624458480626 5.159586367837619
leaf_count=167 24877 15 36 26 35 44 21 71 42 17 26 42 37 17 22 24 25 58 50 57 8 242 31 29 59 160 4 89 89 203
internal_value=-8.01679e-11 -0.0109433 -0.0093051 -0.0117186 -0.0160555 -0.0126287 -0.0152198 -0.0127527 -0.0174187 -0.029636 -0.0142567 -0.00391995 0.00825804 0.00667689 0.0256333 -0.0498121 0.0117174 -0.0107283 0.000262213 0.000132883 -0.0275426 -0.0129499 0.00740758 0.0114355 -0.000895095 -0.00692389 0.000678635 0.0247669 -0.0286338 0.011011
internal_weight=1999.75 46.7948 45.2862 42.3601 34.2784 30.8491 28.6779 26.877 21.9019 11.4967 6.52383 10.4053 6.78401 8.08164 2.92612 4.97283 7.42328 2.54834 1952.95 1918.23 5.85605 4.62518 34.7196 30.5228 15.8566 14.4649 12.716 14.6661 4.06637 9.4883
internal_count=26623 725 710 652 385 359 324 303 232 111 70 121 79 267 58 41 250 83 25898 25184 307 250 714 664 341 312 253 323 93 234
is_linear=0
shrinkage=0.05


Tree=165
num_leaves=31
num_cat=0
split_feature=6 9 20 5 21 13 15 11 2 10 14 1 14 15 6 0 21 15 11 5 0 0 9 14 21 18 13 1 9 9
split_gain=2.51933 2.44082 1.27467 1.36824 1.30536 1.39036 0.975482 1.79841 1.50217 1.56765 1.37888 1.14427 1.05562 0.974499 0.930352 0.874947 0.862772 0.987978 0.850245 0.923082 1.35333 2.01941 1.51279 1.28624 0.984456 1.13455 1.26599 1.15725 0.785143 0.734819
threshold=1.5500000000000003 12.100000000000001 2.5000000000000004 53.250000000000007 6.5000000000000009 1.5000000000000002 20.500000000000004 15.500000000000002 1.0000000180025095e-35 3.5000000000000004 902.50000000000011 3.5000000000000004 902.50000000000011 19.500000000000004 3.9500000000000006 6.5000000000000009 10.500000000000002 27.500000000000004 4.5000000000000009 55.500000000000007 8.5000000000000018 3.5000000000000004 2.5500000000000003 460.50000000000006 8.5000000000000018 1590.0000000000002 4.5000000000000009 6.5000000000000009 4.9000000000000012 6.7750000000000012
decision_type=2 10 10 10 2 2 10 8 2 10 10 10 8 10 2 2 2 8 10 10 2 2 10 10 2 10 2 10 10 10
left_child=1 2 3 -1 -5 -6 13 8 11 10 -10 12 16 -2 -15 -13 17 -8 19 20 21 23 -23 -7 -21 26 -26 -28 -12 -16
right_child=6 -3 -4 4 5 18 7 -9 9 -11 28 15 -14 14 29 -17 -18 -19 -20 24 -22 22 -24 -25 25 -27 27 -29 -30 -31
leaf_value=0.027480510525734761 0.00020050259925513214 -0.069158560337017325 0.015598610296501765 -0.043488187077012457 0.023262037914130236 -0.011383596520271546 0.052099618828885558 0.051826657096676158 -0.027914172801225386 -0.051808018760044795 -0.0044093939332470493 -0.048992895794541962 -0.0038239555843133897 -0.04661798758305901 -0.028578550064706856 0.008140769737192308 0.0045546638733643188 0.013831447439555535 0.0042096386948440477 0.016982325357464766 -0.068282308082060275 -0.039450895299931753 0.018653117783555526 -0.070067421051413115 -0.045178239600093539 -0.047156665571666513 0.0062334055077274764 -0.041363713252471727 0.049652158714311473 0.033094940033458017
leaf_weight=2.0855449410155407 1924.177782650615 1.7602805048227299 4.6682264027185729 3.4418633356690398 2.6983294552192083 1.5045814663171788 4.4549665683880466 2.3362579208333036 2.2306595444679251 1.9432456321665084 1.2277464298531415 1.1267725827638053 3.3888320350088188 2.1742751002311698 1.0054920671973375 1.6533564312849192 2.7237197593785822 2.7141404226422363 5.3247905792668453 2.774940610863271 1.8197059743106354 1.6600675843656061 3.4448387986049056 2.4610592946410179 2.0082161140162507 2.3679574839770785 7.9055330338887835 1.5230832700617609 1.4826288530603049 0.92939557228237379
leaf_count=36 25514 7 93 38 58 20 28 16 41 46 19 27 37 16 27 27 33 23 82 58 27 21 51 32 21 27 127 27 26 18
internal_value=-9.91854e-11 -0.0113838 -0.00915788 -0.0119752 -0.0140887 -0.0112377 0.000276494 0.0100341 0.00577897 -0.0137619 0.00120118 0.0141544 0.0202602 0.000148559 -0.0241746 -0.0150152 0.0285104 0.0376117 -0.0140763 -0.0176209 -0.02893 -0.0210353 -0.000241761 -0.0478025 -0.0101925 -0.015655 -0.00913274 -0.00145536 0.0251633 0.00104543
internal_weight=2001.02 47.449 45.6887 41.0205 38.935 35.4931 1953.57 25.2823 22.9461 6.88428 4.94103 16.0618 13.2817 1928.29 4.10916 2.78013 9.89283 7.16911 32.7948 27.47 10.8903 9.07055 5.10491 3.96564 16.5797 13.8048 11.4368 9.42862 2.71038 1.93489
internal_count=26623 725 718 625 589 551 25898 323 307 132 86 175 121 25575 61 54 84 51 493 411 151 124 72 52 260 202 175 154 45 45
is_linear=0
shrinkage=0.05


Tree=166
num_leaves=31
num_cat=0
split_feature=6 6 18 14 20 18 21 15 1 11 7 12 15 15 0 0 9 14 9 15 1 15 5 9 0 18 20 9 6 14
split_gain=3.04023 1.22378 1.25526 2.07757 1.63693 1.31013 1.99095 1.28618 1.02729 0.901328 1.14613 1.08196 1.12982 0.876482 0.858538 0.751358 0.747135 0.712592 1.14528 1.66069 1.10654 0.664023 3.18293 4.76029 3.00324 2.57632 3.8171 3.51667 3.20613 2.52529
threshold=1.5500000000000003 1.2500000000000002 1150.0000000000002 517.50000000000011 1.5000000000000002 1450.0000000000002 9.5000000000000018 -3.4999999999999996 3.5000000000000004 4.5000000000000009 0.69047619047619058 0.22500000000000003 -1.0000000180025095e-35 -1.4999999999999998 5.5000000000000009 6.5000000000000009 3.5500000000000003 471.50000000000006 1.1000000000000003 7.5000000000000009 3.5000000000000004 -7.4999999999999991 54.250000000000007 7.5500000000000007 1.5000000000000002 1590.0000000000002 1.0000000180025095e-35 3.2250000000000005 7.5500000000000007 451.50000000000006
decision_type=2 2 10 8 10 10 2 8 10 10 2 10 10 8 2 2 10 10 10 8 10 8 10 10 2 10 10 10 2 10
left_child=1 13 7 4 5 9 -7 -3 -6 10 14 12 -12 -1 -4 -9 -8 -15 -19 20 -20 22 23 24 -2 26 29 -28 -27 -24
right_child=21 2 3 -5 8 6 16 15 -10 -11 11 -13 -14 17 -16 -17 -18 18 19 -21 -22 -23 25 -25 -26 28 27 -29 -30 -31
leaf_value=0.025106745985691088 0.073230841565768756 0.03724052360097023 0.027465242826740219 -0.050617992021143171 -0.01503228693888408 -0.076773417629682733 0.0036209006871191583 0.0056569562742364871 0.028193870632866047 0.015606408681125221 -0.072199898524429137 -0.006526719374380336 -0.024231379000962033 0.020576743482040694 -0.019624224786118197 -0.031308553359625638 -0.037862866571516357 0.033042799810246451 -0.057420021862432481 -0.10383731233692282 0.011416100542381657 0.00057249515479831448 -0.035912976634971221 -0.030796273259222181 0.014122867482154071 -0.048988147586298256 -0.03263278438823964 0.023978488162736084 0.0049811782515536964 -0.0062415092426312511
leaf_weight=3.2435233960859478 2.3433242978062507 1.9410964790731666 1.959923580288897 4.8548773480579248 2.4665259867906562 2.3481699861586085 1.9233168400824068 3.2554370295256367 3.1044766865670681 2.3212636057287446 2.0158929321914929 3.3607121761888266 3.1389574557542765 1.6044999537989477 1.9124499354511497 2.3793809171766043 2.4912872677668929 0.83872162550687823 0.92935949331149492 0.65096170920878682 1.5701923770830033 1804.2990747509757 7.9138381506782016 5.7743579454836427 25.915073528885841 7.4174127299338561 3.2602583058178451 17.299149259168189 4.3749972459627315 76.382862491591368
leaf_count=103 22 24 19 34 34 20 20 42 39 35 20 36 32 58 22 33 26 26 30 15 57 23726 180 183 322 56 35 242 129 1003
internal_value=-6.08271e-11 -0.0123908 -0.0161561 -0.0205014 -0.0150948 -0.0213607 -0.0395755 0.00213946 0.00905576 -0.0129862 -0.0183439 -0.0285997 -0.0429903 0.00442795 0.00420916 -0.00995225 -0.0197896 -0.00756264 -0.0188805 -0.0327034 -0.0141779 0.000306199 -0.00288251 0.0105713 0.0190244 -0.00680772 -0.0043158 0.0150012 -0.0289655 -0.00902709
internal_weight=2003.29 48.311 39.4738 31.8979 27.043 21.472 6.76277 7.57591 5.571 14.7092 12.3879 8.51556 5.15485 8.83726 3.87237 5.63482 4.4146 5.59374 3.98924 3.15051 2.49955 1954.98 150.681 34.0328 28.2584 116.649 104.856 20.5594 11.7924 84.2967
internal_count=26623 725 436 337 303 230 66 99 73 164 129 88 52 289 41 75 46 186 128 102 87 25898 2172 527 344 1645 1460 277 185 1183
is_linear=0
shrinkage=0.05


Tree=167
num_leaves=31
num_cat=0
split_feature=6 6 21 13 15 18 18 4 14 14 11 9 0 0 9 9 18 12 14 14 18 6 0 1 7 15 14 15 7 15
split_gain=3.00107 1.00321 1.0679 1.3879 0.892501 0.888857 1.72562 1.31593 1.24436 1.00714 1.27273 1.27033 1.89326 1.5077 1.19227 1.00987 1.31349 0.774555 1.71515 3.08385 2.5322 2.6859 2.80682 2.07932 2.77862 4.53223 3.70422 2.86418 2.32785 2.16435
threshold=1.5500000000000003 1.2500000000000002 6.5000000000000009 1.5000000000000002 -1.4999999999999998 960.00000000000011 835.00000000000011 1.0000000180025095e-35 517.50000000000011 440.50000000000006 6.5000000000000009 4.366666666666668 8.5000000000000018 4.5000000000000009 1.4500000000000002 2.2250000000000005 1350.0000000000002 0.55000000000000016 468.50000000000006 471.50000000000006 910.00000000000011 1.8500000000000003 2.5000000000000004 3.5000000000000004 0.22474747474747478 -1.0000000180025095e-35 493.50000000000006 1.0000000180025095e-35 0.40833333333333338 4.5000000000000009
decision_type=2 2 2 2 8 10 8 2 10 10 10 10 2 2 8 8 10 10 10 10 10 2 2 10 2 10 10 10 2 10
left_child=1 4 -3 -4 -1 6 -5 8 9 -7 11 14 13 -13 -11 -16 -17 -2 20 -20 -19 -22 -23 29 27 28 -27 -25 -26 -21
right_child=17 2 3 5 -6 7 -8 -9 -10 10 -12 12 -14 -15 15 16 -18 18 19 23 21 22 -24 24 25 26 -28 -29 -30 -31
leaf_value=0.02444957685142856 0.00049458754182189009 -0.041330202698551755 0.023389391627381094 -0.019330053993370358 -0.008827579831622771 -0.044114045935463718 0.045373202773334849 0.017339175478396623 -0.050635504061756875 -0.041163922437206672 0.022359296994536145 -0.039823994126753151 -0.06321589156094809 0.015756673260530471 0.023257639122014472 0.020505696212242446 -0.032709253293923532 0.021087053583239979 0.053864276563883123 -0.035747036660150645 -0.079178633721762162 -0.058803019249440917 -0.0070356162513759632 0.049297554175828068 -0.056344137057339296 -0.023590207229258257 0.030075705104390546 -0.018520749380277562 -0.0072032776685889048 0.0097554403533404842
leaf_weight=3.1254362878389657 1886.6880975007371 3.6779009085148564 2.4368806695565572 2.7012764494866124 5.6707313763909024 3.1750657446682551 1.6660019997507332 2.3156892061233512 3.313141517341136 1.9918128438293976 2.1697478946298352 2.5800277385860664 3.1536904200911522 2.3148603793233633 3.3185462560504666 1.8730741534382112 3.0441215392202139 3.7414694074541357 2.5611261744052163 7.8370145796798152 1.9717534258961702 3.274156799772757 13.074341380968688 5.5291845952160648 4.6570626534521562 4.7045849822461632 10.158364739269016 2.1670157955959439 4.9945509433746338 3.9207847453653812
leaf_count=103 25330 28 43 35 186 36 18 29 25 20 33 23 21 27 38 23 37 26 16 79 11 33 128 42 35 34 56 35 32 41
internal_value=-7.59135e-11 -0.0122825 -0.0156651 -0.013047 0.00299639 -0.0156882 0.00535254 -0.0188298 -0.0219395 -0.0179145 -0.013846 -0.0181443 -0.0330041 -0.0135391 -0.00645037 0.00194509 -0.0124384 0.00030484 -0.0049144 0.000529881 -0.0163968 -0.0240519 -0.0174032 -0.0025768 0.00399255 -0.00423575 0.0130888 0.030202 -0.0309146 -0.0205737
internal_weight=2003.81 48.528 39.7318 36.0539 8.79617 33.6171 4.36728 29.2498 26.9341 23.6209 20.4459 18.2761 8.04858 4.89489 10.2276 8.23574 4.9172 1955.28 68.5914 46.5297 22.0617 18.3203 16.3485 43.9686 32.2108 24.5146 14.8629 7.6962 9.65161 11.7578
internal_count=26623 725 436 408 289 365 53 312 283 258 222 189 71 50 118 98 60 25898 568 370 198 172 161 354 234 157 90 77 67 120
is_linear=0
shrinkage=0.05


Tree=168
num_leaves=31
num_cat=0
split_feature=6 21 0 13 0 15 21 18 18 11 0 5 14 5 3 12 15 5 6 9 9 6 7 20 0 9 9 6 18 9
split_gain=2.93566 1.3843 1.70733 1.42608 0.973544 0.956524 1.03637 1.13871 0.984643 0.965447 1.81582 0.890389 1.82292 1.5556 0.972974 0.769253 0.751353 2.34117 3.49877 3.49948 3.51576 2.76304 2.6646 2.1097 3.46534 3.85346 3.43936 3.94604 3.41456 2.38525
threshold=1.5500000000000003 6.5000000000000009 3.5000000000000004 1.5000000000000002 11.500000000000002 -6.4999999999999991 9.5000000000000018 960.00000000000011 810.00000000000011 1.5000000000000002 3.5000000000000004 56.750000000000007 513.50000000000011 54.750000000000007 1.0000000180025095e-35 0.55000000000000016 -1.0000000180025095e-35 52.500000000000007 4.9500000000000011 3.5500000000000003 6.9000000000000012 3.2500000000000004 0.017714805749074251 2.5000000000000004 1.5000000000000002 3.9000000000000004 5.1000000000000005 6.9500000000000011 1625.0000000000002 4.4500000000000011
decision_type=2 2 2 2 2 8 2 10 8 8 2 10 10 10 2 10 10 8 2 8 8 2 2 10 2 10 10 2 10 8
left_child=1 2 -1 -3 5 -5 9 8 -8 10 -7 13 -13 -9 -15 -12 17 18 21 -20 -21 -2 -22 -19 25 -25 28 -28 29 -26
right_child=16 3 -4 4 -6 6 7 11 -10 -11 15 12 -14 14 -16 -17 -18 23 19 20 22 -23 -24 24 26 -27 27 -29 -30 -31
leaf_value=-0.0065138230780112496 0.010968796788245451 0.024174520689325379 -0.066701234039848831 0.011121684218917445 0.029189659267913472 -0.059020884037807281 -0.018907855508165022 -0.0039485737549914022 0.035012837245390796 0.009394269831652504 0.021564673272529325 0.0042886829440224187 -0.054258195414429639 -0.030173588391660858 -0.061062925676003424 -0.026604224351307604 -0.00058765975425476165 0.0017362748849354898 -0.033839267877826908 0.046571019670558225 0.068893805941138364 -0.047038206130407295 -0.016917544845669878 -0.080204102453237655 0.00078194627296687257 -0.0071632360089500932 -0.032093509605344871 0.00098834268046740152 -0.042128144350251279 0.026020915113177629
leaf_weight=2.2636557109653941 5.214721195399763 2.9584697205573312 2.4573782021179795 3.6665134392678738 1.4015770889818657 1.869168158620593 1.9005359038710623 3.4303862527012852 1.5268406923860309 6.4963545422069737 2.0597510407678787 5.0278267934918395 1.8075030315667389 6.2880743567366135 4.2876007915474474 1.3869711775332687 1071.7871856018319 766.67182836969732 2.2027871226891902 13.556571610504763 1.1250569095136587 3.3857857026159763 4.6178712914697826 3.231484852731227 25.513307259883732 4.0928415494272485 17.313739640638232 18.80408494733274 3.40101818088442 14.786616235272957
leaf_count=26 26 70 22 60 18 28 28 63 19 106 39 78 22 79 42 25 14213 9875 22 200 123 26 109 30 246 89 118 633 35 153
internal_value=-8.2783e-11 -0.0121096 -0.0378424 -0.00935534 -0.011766 -0.0132102 -0.0156828 -0.0215947 0.00511294 -0.00353641 -0.0193385 -0.0259868 -0.0111932 -0.0332065 -0.0426968 0.00218137 0.000302344 0.00138151 0.0150859 0.0258665 0.0326811 -0.011867 -0.000106843 0.000898339 -0.00647369 -0.0393888 -0.00345334 -0.01487 0.00598231 0.0100425
internal_weight=2004.53 48.8286 4.72103 44.1076 41.1491 39.7475 36.081 24.2688 3.42738 11.8122 5.31589 20.8414 6.83533 14.0061 10.5757 3.44672 1955.7 883.918 30.1028 21.5023 19.2995 8.60051 5.74293 853.815 87.1431 7.32433 79.8188 36.1178 43.7009 40.2999
internal_count=26623 725 48 677 607 589 529 331 47 198 92 284 100 184 121 64 25898 11685 506 454 432 52 232 11179 1304 119 1185 751 434 399
is_linear=0
shrinkage=0.05


Tree=169
num_leaves=31
num_cat=0
split_feature=6 20 14 14 0 6 15 11 6 14 9 18 14 7 14 12 15 12 9 12 15 15 14 15 6 9 10 0 21 11
split_gain=2.16351 0.959938 1.16014 1.33574 0.899416 0.750865 0.972383 3.40766 2.89898 1.80932 1.53108 2.59896 1.7839 1.77344 1.25154 1.0288 0.744348 0.756072 0.736867 0.730707 0.676487 0.650595 1.28731 1.05637 0.642999 0.605162 1.75256 2.15971 1.74497 1.4896
threshold=1.5500000000000003 2.5000000000000004 531.50000000000011 954.50000000000011 3.5000000000000004 1.2500000000000002 -1.0000000180025095e-35 3.5000000000000004 1.4500000000000002 505.50000000000006 2.5500000000000003 1265.0000000000002 492.50000000000006 0.69047619047619058 472.50000000000006 0.22500000000000003 -4.4999999999999991 1.0000000180025095e-35 3.4500000000000006 1.0000000180025095e-35 3.5000000000000004 -26.499999999999996 982.50000000000011 -22.499999999999996 178.95000000000002 11.100000000000001 8.5000000000000018 2.5000000000000004 11.500000000000002 5.5000000000000009
decision_type=2 8 10 10 2 2 10 10 2 10 10 10 8 2 10 10 8 8 8 10 8 8 10 8 2 10 10 2 2 10
left_child=1 5 4 -4 -3 16 7 8 9 15 -8 -12 13 -13 -10 -7 -1 -18 -6 -20 -15 22 -2 -23 25 26 -25 -28 -29 -27
right_child=21 2 3 -5 18 6 10 -9 14 -11 11 12 -14 20 -16 -17 17 -19 19 -21 -22 23 -24 24 -26 29 27 28 -30 -31
leaf_value=0.035047516485338319 -0.019250849475613188 0.052134163140170386 -0.047513102346523277 0.015686748830168382 0.041610664886733373 -0.053792088775636938 0.013807379081592379 0.025497461289482923 0.021436768417793271 -0.093558811861667965 0.028146001361437595 -0.080038184367925924 0.010125159463851278 -0.010550963890540709 -0.034251611857273892 -0.010717108937178199 -0.044311899520013145 0.0016373543532612273 0.021259895288732039 -0.035878715008381329 -0.045738679565303086 -0.038597527200860925 0.04392799443292994 0.00025730075140398566 -0.020847481786134915 -0.021270747976722806 -0.084388285351823689 0.0098759983663109525 -0.059574192721784353 0.010727613949661326
leaf_weight=1.3038511492777614 1.2442308427998798 1.5584424678236226 1.7554770763963463 1.5962660899385808 1.0030615702271464 4.4130807965993828 5.2391785811632934 2.6499827206134787 2.3569930829107753 2.1161342244595289 2.399623777717351 2.1271749958395931 2.1689667031168947 3.0501858592033431 1.7639933228492735 2.020988566800952 1.0900156348943699 5.0104211047291756 1.0261730598285796 1.230441086925566 2.4735831692814783 1.7511580988066269 2.2905827218201011 1908.5282248561271 3.6034244623733676 4.1352320685982695 1.2935076153371472 3.0437056621303782 1.2868274461943654 30.193241630273405
leaf_count=43 36 34 17 29 24 38 55 34 24 11 32 19 23 34 18 25 31 161 22 24 27 49 23 23248 1745 49 40 92 56 560
internal_value=-8.60593e-11 -0.010448 0.00517609 -0.0174142 0.0208911 -0.0136246 -0.0168729 -0.0260657 -0.0368493 -0.0534526 -0.00880568 -0.0185011 -0.0299 -0.0412467 -0.00240071 -0.0402619 0.000756307 -0.00657278 0.00595389 -0.00989549 -0.0263083 0.000258104 0.0216895 0.000219331 0.000254152 0.000293176 0.000175172 -0.0276952 -0.0107613 0.00687307
internal_weight=2005.72 48.354 8.16986 3.35174 4.81812 40.1842 32.7799 15.3212 12.6712 8.5502 17.4587 12.2195 9.81991 7.65094 4.12099 6.43407 7.40429 6.10044 3.25968 2.25661 5.52377 1957.37 3.53481 1953.84 1952.08 1948.48 1914.15 5.62404 4.33053 34.3285
internal_count=26623 725 150 46 104 575 340 150 116 74 190 135 103 80 42 63 235 192 70 46 61 25898 59 25839 25790 24045 23436 188 148 609
is_linear=0
shrinkage=0.05


Tree=170
num_leaves=31
num_cat=0
split_feature=6 20 14 9 9 15 15 11 14 9 15 15 12 9 18 6 14 3 14 5 6 0 9 11 14 14 10 14 3 0
split_gain=2.61318 1.45266 1.07737 1.12099 1.52607 1.76499 1.72426 1.70957 1.83375 1.57726 1.8265 2.59653 1.9691 1.62448 1.34453 1.08183 1.03106 0.955418 1.23736 0.84848 0.843241 0.835985 0.707489 1.37854 2.37832 2.84204 1.98364 2.21371 2.09647 1.57282
threshold=1.5500000000000003 2.5000000000000004 421.50000000000006 7.4500000000000011 4.366666666666668 -3.4999999999999996 9.5000000000000018 3.5000000000000004 463.50000000000006 3.9000000000000004 3.5000000000000004 -1.0000000180025095e-35 0.29166666666666669 2.5500000000000003 1450.0000000000002 1.2500000000000002 477.50000000000006 1.0000000180025095e-35 531.50000000000011 55.500000000000007 1.4500000000000002 4.5000000000000009 11.100000000000001 14.500000000000002 484.50000000000006 475.50000000000006 2.5000000000000004 457.50000000000006 1.0000000180025095e-35 7.5000000000000009
decision_type=2 8 10 10 10 8 10 8 10 10 10 10 8 10 10 2 10 2 10 10 2 2 10 10 10 10 10 10 2 2
left_child=1 2 -1 4 6 -6 9 8 -7 10 11 12 -4 -12 -13 -14 -10 18 19 -3 -17 -18 -2 26 25 -25 -24 28 -28 -29
right_child=22 17 3 -5 5 7 -8 -9 16 -11 13 14 15 -15 -16 20 21 -19 -20 -21 -22 -23 23 24 -26 -27 27 29 -30 -31
leaf_value=-0.057537143830956899 0.00015854285858238055 -0.023544118679058212 -0.058325972247039497 0.0054233128614737426 0.0063396851439995825 -0.012676870971440303 0.035677486428501048 -0.0023854914884309268 -0.095171323801210558 0.030786681252076564 -0.020547416551534241 0.032504154464344404 0.028796999028704907 -0.093380514437557974 -0.023623404576769723 -0.036958502541134038 -0.077832169311323696 0.039233740744612111 -0.027666248721223405 0.031791502494187746 0.0041480054030913144 -0.023305955298166234 -0.041498194909385611 -0.013076238253323637 -0.041144820054722607 0.060776599818038103 -0.063318737676766088 0.03714672028498172 0.0066763879888053438 0.0058160677409999475
leaf_weight=1.4459050614386786 1922.724184835577 0.93383140396326636 3.2376955067738882 6.4847968881949773 2.368815191090107 1.9421882648020954 1.9202103856950987 2.0850119534879932 2.2379724178463221 1.7967492640018452 1.7009289311245077 3.8511331602931103 1.3712049594614661 1.392235971521586 1.4758897563442586 3.2272531781345606 1.3625128986313941 1.881141568534076 2.6098934966139495 2.6832674131728709 2.0338155478239059 1.4521638853475449 1.5447551094112011 4.1041318395291437 3.57241508027073 1.908414213452488 1.3619615444331454 11.373789097589908 4.9865259816288017 6.1834815245238124
leaf_count=13 25184 23 35 102 34 24 20 31 14 25 28 63 53 17 20 36 18 33 39 55 20 22 22 94 62 14 74 198 141 109
internal_value=-8.25687e-11 -0.0113463 -0.0151377 -0.0136028 -0.0172907 -0.0320963 -0.00958845 -0.0421237 -0.0539688 -0.0139157 -0.018307 -0.0111786 -0.0263621 -0.0533297 0.0169536 -0.0107582 -0.069841 0.00800642 -0.00142719 0.0175054 -0.0210676 -0.0497007 0.000286848 0.00732818 -0.00883322 0.010365 0.0134147 0.0169631 -0.00833989 0.0261124
internal_weight=2007.25 49.4946 41.3865 39.9406 33.4558 11.4487 22.0071 9.07985 6.99484 20.0869 18.2902 15.197 9.86997 3.09316 5.32702 6.63227 5.05265 8.10813 6.22699 3.6171 5.26107 2.81468 1957.76 35.0355 9.58496 6.01255 25.4505 23.9058 6.34849 17.5573
internal_count=26623 725 575 562 460 143 317 109 78 297 272 227 144 45 83 109 54 150 117 78 56 40 25898 714 170 108 544 522 215 307
is_linear=0
shrinkage=0.05


Tree=171
num_leaves=31
num_cat=0
split_feature=6 20 18 12 15 0 0 11 0 14 14 14 9 14 15 15 0 7 7 15 21 7 14 15 14 3 1 11 14 0
split_gain=2.55119 1.03914 0.883259 1.75823 1.25508 2.21564 1.53974 1.24961 1.10728 1.09785 1.06894 1.47924 2.30111 2.08295 1.00505 1.99477 0.8026 0.700611 0.663157 1.40734 1.03571 1.64207 1.34435 2.17627 1.81863 1.6378 1.47788 1.35212 1.8445 1.38657
threshold=1.5500000000000003 2.5000000000000004 1540.0000000000002 0.36666666666666675 7.5000000000000009 7.5000000000000009 7.5000000000000009 3.5000000000000004 6.5000000000000009 432.50000000000006 449.50000000000006 488.50000000000006 1.9000000000000001 508.50000000000006 1.0000000180025095e-35 -3.4999999999999996 3.5000000000000004 0.7417582417582419 0.056657678479712384 41.500000000000007 8.5000000000000018 0.051414221517314306 471.50000000000006 -5.4999999999999991 453.50000000000006 1.0000000180025095e-35 5.5000000000000009 8.5000000000000018 463.50000000000006 3.5000000000000004
decision_type=2 8 10 10 10 2 2 8 2 10 10 10 8 10 10 10 2 2 2 10 2 2 10 10 8 2 8 8 10 2
left_child=1 2 4 -4 6 -6 9 14 -5 -1 17 -12 -13 -14 15 -8 -3 -11 19 20 21 22 24 -24 25 -2 -25 28 29 -26
right_child=18 16 3 8 5 -7 7 -9 -10 10 11 12 13 -15 -16 -17 -18 -19 -20 -21 -22 -23 23 26 27 -27 -28 -29 -30 -31
leaf_value=0.028242852110106381 -0.035098819234400412 0.033222807186253846 -0.053145409609606835 0.02015668087283469 -0.0070450437303713059 -0.073130869159689971 0.029179958329107587 0.054073248587726552 -0.037556951881486951 -0.021400570381730752 0.00091354200321382682 0.020442695148227229 -0.081882810246963852 -0.016924084896113509 0.033439053048379783 -0.035572433243643252 -0.0037391729690702045 -0.0680558578769178 0.00064409339531182623 0.091493258030836133 -0.0010401876317975764 -0.042663098708025808 0.028397070110618934 -0.052601501678473217 0.071949651136026041 0.0037666012578176237 -0.0096534950052271848 0.065856188117336262 -0.028272008483733735 0.0018386192492072769
leaf_weight=1.4147996101528466 4.1822574916295796 1.9480698276311148 3.8952980935573569 1.9857943048700692 3.1786872763186684 2.1103313956409693 1.9960273797623806 1.4163323808461434 1.4292111825197933 1.6878607030957966 9.2031951379030925 1.6846037814393628 2.3110612402670085 2.6481903474777937 1.8936993312090633 2.9430852262303211 5.9682887690141797 1.5377827892079947 1696.4775468572043 0.40138003975152869 229.91596545971697 3.5664275093004099 1.788533966639078 4.2962637479067753 1.374539575830567 7.7035660991678014 3.7526811915449807 1.4478999244165605 1.8484296846436334 1.4481504694558678
leaf_count=21 211 42 29 26 36 19 29 24 19 18 161 26 33 39 31 40 108 24 12629 2 11792 94 69 225 46 397 193 85 97 58
internal_value=-6.74674e-11 -0.0112392 -0.0144174 -0.0301858 -0.0110297 -0.0334134 -0.00690989 0.0113297 -0.003997 -0.0142539 -0.0174063 -0.0120659 -0.0300453 -0.0471955 0.00246967 -0.00940426 0.00535649 -0.0436429 0.000282685 -0.00205992 -0.00220362 -0.0107201 -0.00662835 -0.021492 0.00149285 -0.00990895 -0.0325777 0.0236402 0.0105545 0.0359799
internal_weight=2007.46 49.2523 41.336 7.3103 34.0257 5.28902 28.7366 8.24914 3.41501 20.4875 19.0727 15.8471 6.64386 4.95925 6.83281 4.93911 7.91636 3.22564 1958.2 261.726 261.325 31.4087 27.8423 9.83748 18.0048 11.8858 8.04894 6.11902 4.67112 2.82269
internal_count=26623 725 575 74 501 55 446 124 45 322 301 259 98 72 100 69 150 42 25898 13269 13267 1475 1381 487 894 608 418 286 201 104
is_linear=0
shrinkage=0.05


Tree=172
num_leaves=31
num_cat=0
split_feature=6 1 4 12 18 9 9 9 14 14 11 9 15 9 6 18 10 14 6 9 15 11 21 11 14 6 14 12 9 6
split_gain=2.30906 0.930248 1.16115 1.1493 1.56767 0.95046 0.903098 1.30504 1.17048 0.87047 0.925683 0.829872 1.16313 1.07944 1.14112 1.64207 0.912567 0.739886 0.680534 1.76023 2.1502 1.76492 1.82532 1.87934 2.3453 2.33552 1.64217 3.08921 1.95575 2.23906
threshold=1.5500000000000003 7.5000000000000009 1.0000000180025095e-35 0.36666666666666675 1540.0000000000002 5.7083333333333348 3.1000000000000005 2.3666666666666671 450.50000000000006 429.50000000000006 3.5000000000000004 7.4500000000000011 1.0000000180025095e-35 6.5500000000000007 1.3500000000000003 1350.0000000000002 1.5000000000000002 479.50000000000006 20.050000000000004 5.9000000000000012 5.5000000000000009 1.5000000000000002 11.500000000000002 9.5000000000000018 528.50000000000011 21.250000000000004 491.50000000000006 0.22500000000000003 7.9000000000000012 23.150000000000002
decision_type=2 10 2 8 10 10 10 10 8 10 10 8 10 10 2 8 10 10 2 10 10 10 2 10 10 2 8 8 10 2
left_child=1 2 3 4 9 6 7 8 -5 -1 11 13 -13 14 15 -11 -16 -12 -2 20 -20 -21 26 25 -25 -24 27 -23 -28 -30
right_child=18 -3 -4 5 -6 -7 -8 -9 -10 10 17 12 -14 -15 16 -17 -18 -19 19 21 -22 22 23 24 -26 -27 28 -29 29 -31
leaf_value=0.024525882624994971 0.00060072464194055341 -0.04545435784507159 0.02104369780518682 -0.041478964962305631 -0.04808050849244884 -0.034729927906286422 0.023727764034118973 -0.038092094219954541 0.0081311391494308296 -0.073778193429436048 -0.014686346108912913 -0.026305794311186487 0.039023621534777238 -0.061403599791138824 -0.03000484741921371 -0.010688911280815873 0.010350675632122344 0.024838201281052942 -0.0041618527227616133 -0.047784901847378408 -0.024801838311093519 0.0017694273162688779 -0.044228663595361678 -0.013212076471287993 0.079973503594142833 0.020912672563362072 -0.024487473304080493 0.14163135083816372 0.061936529204127566 -0.0062779124197629007
leaf_weight=1.4265662413090527 1736.5433292044327 1.8523068781942118 2.9496960137039414 1.3417729120701594 3.8026366140693417 2.0366540197283021 3.5911588771268717 2.382856252603232 10.438634691992775 1.9959583338350038 2.6222917735576621 1.5454551670700323 1.2184999110177157 2.0017504170537004 2.4273005127906799 2.1342111453413963 3.3127952311187983 2.1588402325287461 88.672337166324724 1.7621710935491126 14.711786812054923 51.681904279699665 1.4469300657510782 9.866102778440105 0.72481970710214305 28.059932830306934 14.231304568529596 0.3978497670032074 1.4824714846909035 6.3803273843077477
leaf_count=21 13487 28 51 19 29 38 53 32 170 29 52 28 23 23 22 33 39 35 3695 95 720 3444 42 1075 31 1837 920 8 22 522
internal_value=-7.96203e-11 -0.0106938 -0.00933506 -0.0113516 -0.0185572 -0.00237824 0.0013329 -0.00434542 0.00248061 -0.013171 -0.0159406 -0.0221803 0.00249492 -0.027925 -0.0211354 -0.0411776 -0.00671437 0.0031603 0.000269206 -0.00235454 -0.00709897 0.00187267 0.00263843 0.0112332 -0.00683466 0.0177183 -0.00200784 0.00283787 -0.01343 0.00658341
internal_weight=2005.2 49.2394 47.3871 44.4374 24.6463 19.7911 17.7544 14.1633 11.7804 20.8437 19.4171 14.636 2.76396 11.872 9.87027 4.13017 5.7401 4.78113 1955.96 219.418 103.384 116.034 114.272 40.0978 10.5909 29.5069 74.1739 52.0798 22.0941 7.8628
internal_count=26623 725 697 646 334 312 274 221 189 305 284 197 51 146 123 62 61 87 25898 12411 4415 7996 7901 2985 1106 1879 4916 3452 1464 544
is_linear=0
shrinkage=0.05


Tree=173
num_leaves=31
num_cat=0
split_feature=6 14 18 14 1 4 12 0 0 20 9 9 0 0 5 9 15 21 6 6 6 18 18 15 9 14 20 14 14 12
split_gain=2.58033 1.27247 2.59734 2.41084 1.24382 1.01151 0.854431 1.44923 1.75156 1.07981 0.886568 0.82746 0.928987 1.33228 1.60843 0.893693 0.70609 0.662568 0.661594 0.626751 0.633238 1.96898 1.71453 1.97349 2.4075 1.2774 2.85485 2.11902 2.02718 1.72831
threshold=1.5500000000000003 440.50000000000006 1450.0000000000002 429.50000000000006 7.5000000000000009 1.0000000180025095e-35 0.29166666666666669 3.5000000000000004 8.5000000000000018 1.5000000000000002 5.7083333333333348 3.3666666666666671 4.5000000000000009 8.5000000000000018 56.750000000000007 1.2250000000000003 1.0000000180025095e-35 11.500000000000002 1.3500000000000003 178.95000000000002 2.1500000000000008 1590.0000000000002 1265.0000000000002 -5.4999999999999991 3.6333333333333337 468.50000000000006 1.0000000180025095e-35 463.50000000000006 475.50000000000006 0.22500000000000003
decision_type=2 10 10 8 10 2 8 2 2 8 10 10 2 2 10 10 10 2 2 2 2 10 8 8 10 8 10 8 10 10
left_child=1 2 3 -1 5 6 7 9 17 -3 11 12 15 14 18 -8 -17 -9 -14 20 21 22 23 24 -2 26 27 -24 -27 -28
right_child=19 4 -4 -5 -6 -7 10 8 -10 -11 -12 -13 13 -15 -16 16 -18 -19 -20 -21 -22 -23 25 -25 -26 28 29 -29 -30 -31
leaf_value=0.034086528725336643 -0.04928071650062326 -0.046429738308138346 -0.084495763924855263 -0.040477919121453057 -0.046153200436895428 0.022718978823994609 -0.0097961218939738096 0.016162620303462431 -0.02806156463966171 -0.0051980659798578476 -0.031144726476081092 0.028861246035114387 -0.030099353608800047 0.019857736394607629 -0.065397490597311092 0.0068011983977352558 0.053693843605492952 -0.022536628428220108 0.010089927129772008 -0.020737880400141046 0.0005857032575566851 0.011762072314209929 -0.00075923700723429743 0.0054624882893941048 0.0094901333791255846 0.019805103968944703 -0.021998851869848259 -0.038541873472253296 -0.0090200663297427732 -0.064847565107700261
leaf_weight=1.7305208221077908 3.8827313371002674 4.9795297896489528 1.7251043068245051 2.9017707230523229 2.0544342808425418 2.8008025297895065 2.2592452885583105 6.4522685976698977 5.1473007341846824 2.3313288427889347 2.1049080481752744 2.6575586553663006 1.8639876898378114 2.310682107694447 1.7332044108770785 1.5407026540488007 1.6760690314695237 1.3348409701138733 2.2724521793425083 3.5383981917257179 1800.7990872624214 20.178216179832816 19.600125510245565 47.305927636101842 3.161316093057394 7.3507941961288443 5.5758580900728685 4.5777155905961981 35.828723615035415 4.0719594992697239
leaf_count=26 23 61 11 38 28 50 42 103 66 32 37 42 37 40 27 22 25 14 24 1750 23193 119 129 293 23 47 35 28 235 23
internal_value=2.2333e-11 -0.0112303 -0.0321254 -0.0126223 -0.00817788 -0.00629634 -0.00839819 -0.0154878 -0.00543036 -0.0332815 -0.000605534 0.0033348 -0.00163271 -0.0123025 -0.0249629 0.0143063 0.0312342 0.00952892 -0.00802041 0.000286384 0.000324488 -0.00277975 -0.0050136 0.00178594 -0.0229048 -0.00981269 -0.0170886 -0.00791282 -0.00411293 -0.0400836
internal_weight=2005.75 49.8767 6.3574 4.63229 43.5193 41.4649 38.6641 20.2453 12.9344 7.31086 18.4188 16.3139 13.6563 8.18033 5.86964 5.47602 3.21677 7.78711 4.13644 1955.87 1952.33 151.533 131.355 54.35 7.04405 77.0052 33.8257 24.1778 43.1795 9.64782
internal_count=26623 725 75 64 650 622 572 276 183 93 296 259 217 128 88 89 47 117 61 25898 24148 955 836 339 46 497 215 157 282 58
is_linear=0
shrinkage=0.05


Tree=174
num_leaves=31
num_cat=0
split_feature=6 14 3 0 1 4 0 14 12 18 9 15 15 15 7 9 11 1 20 15 6 9 6 14 15 5 11 6 20 0
split_gain=3.34856 1.76774 3.02608 1.70551 1.52503 0.966479 0.820756 2.66791 1.69344 1.6608 1.78931 1.4784 1.33417 1.21513 2.14058 1.15849 1.08522 0.860111 1.0481 0.725605 0.678242 0.66165 0.596875 0.59373 0.556929 2.53822 3.24466 3.2146 2.3045 1.80397
threshold=1.5500000000000003 440.50000000000006 1.0000000180025095e-35 5.5000000000000009 7.5000000000000009 1.0000000180025095e-35 5.5000000000000009 452.50000000000006 0.55000000000000016 1150.0000000000002 7.366666666666668 -1.4999999999999998 4.5000000000000009 4.5000000000000009 0.7417582417582419 5.9000000000000012 2.5000000000000004 3.5000000000000004 1.0000000180025095e-35 -3.4999999999999996 1.2500000000000002 1.2250000000000003 178.95000000000002 481.50000000000006 -1.0000000180025095e-35 52.500000000000007 1.5000000000000002 5.5500000000000007 1.0000000180025095e-35 10.500000000000002
decision_type=2 10 2 2 10 2 2 10 10 10 10 8 10 10 2 8 10 8 10 10 2 10 2 10 10 8 8 2 10 2
left_child=1 2 -1 -4 5 6 7 -3 9 -9 13 -12 17 14 -11 -16 -14 18 -8 -19 -21 -10 24 -22 25 26 -2 -28 -29 -26
right_child=22 4 3 -5 -6 -7 12 8 21 10 11 -13 16 -15 15 -17 -18 19 -20 20 23 -23 -24 -25 29 -27 27 28 -30 -31
leaf_value=-0.081275022266095162 0.05772430221584484 -0.069350295209314447 0.022856588301393008 -0.038833338740721549 -0.048167925115725548 0.022076012348318106 0.033166305709485602 0.020207771909903718 -0.0066489528232789022 -0.068188259190092471 0.049792391211488519 -0.026223926076587536 -0.00049596148942005706 0.0014161625578216453 0.0058948602287167071 -0.056528854206637051 -0.047451957594626178 0.015251981861643855 -0.0095317035983155038 0.014468911567809675 -0.010305177112488654 0.035449695030891029 -0.02041021535574912 -0.051178756384570562 0.00012715476434835171 0.00079092605641077694 -0.015954161261667363 0.0066078413355743553 0.043181928521483642 -0.0084172004126065441
leaf_weight=2.4115906506776801 3.9541108664125231 2.0820109788328436 1.9817434903234241 2.5776740107685328 2.3441223693080238 2.723129726946353 4.5176803739741453 2.4137141453102258 1.5107481889426702 4.1707518640905601 1.2788244737312195 1.2796315643936389 2.4784181425347915 1.8062460552901027 2.2631870121695106 1.106690978631377 2.4437455255538225 2.8308450009208181 2.1077852179296315 1.3028109939768908 2.1036578156054024 2.4419056391343474 3.4621890297566997 1.5380707234144209 1004.4860805473872 852.78572488308419 8.6028514541685599 10.781446701847019 7.1719840122386804 65.822821309440769
leaf_count=15 24 20 32 28 28 50 57 46 29 36 20 26 36 19 36 21 27 46 34 41 21 35 1750 22 12358 10429 54 248 143 892
internal_value=1.57616e-11 -0.0125582 -0.0359784 -0.0120199 -0.00890938 -0.00673893 -0.00871658 -0.0157235 -0.00961283 -0.0176103 -0.0252776 0.0117722 -0.00133595 -0.035419 -0.0442423 -0.0146055 -0.0238086 0.00634512 0.0195826 -0.00493466 -0.0164919 0.0193591 0.000331847 -0.027568 0.000368606 0.0012979 0.0154681 0.00917639 0.0212184 -0.000398314
internal_weight=2008.78 51.715 6.97101 4.55942 44.744 42.3999 39.6767 20.3537 18.2717 14.319 11.9053 2.55846 19.323 9.34688 7.54063 3.36988 4.92216 14.4009 6.62547 7.77538 4.94454 3.95265 1957.07 3.64173 1953.61 883.296 30.5104 26.5563 17.9534 1070.31
internal_count=26623 725 75 60 650 622 572 288 268 204 158 46 284 112 93 57 63 221 91 130 84 64 25898 43 24148 10898 469 445 391 13250
is_linear=0
shrinkage=0.05


Tree=175
num_leaves=31
num_cat=0
split_feature=6 1 9 9 11 5 5 18 9 21 0 9 21 15 9 5 0 14 0 14 9 15 9 1 6 9 21 11 6 14
split_gain=3.29785 1.65523 1.30101 1.91115 1.48656 2.04383 1.35386 1.28371 1.58888 1.13341 0.984258 0.859089 0.74671 0.630256 0.842609 0.973646 0.581479 1.20384 1.04876 0.936293 0.713534 0.672308 0.560578 0.99265 0.5589 1.59241 1.59792 1.41002 2.37853 2.01378
threshold=1.5500000000000003 7.5000000000000009 2.2250000000000005 7.4500000000000011 6.5000000000000009 54.750000000000007 55.500000000000007 1590.0000000000002 6.4500000000000011 11.500000000000002 4.5000000000000009 7.9000000000000012 11.500000000000002 -1.4999999999999998 9.1000000000000014 55.500000000000007 4.5000000000000009 508.50000000000006 7.5000000000000009 479.50000000000006 1.2250000000000003 1.0000000180025095e-35 3.5500000000000003 3.5000000000000004 20.050000000000004 5.9000000000000012 11.500000000000002 9.5000000000000018 21.250000000000004 528.50000000000011
decision_type=2 10 8 8 10 10 10 10 10 2 2 8 2 8 10 10 2 10 2 10 10 10 10 10 2 10 2 10 2 10
left_child=1 2 16 4 5 -4 10 8 9 22 -7 -5 13 -13 15 -15 20 18 -18 -20 -1 -22 -8 -24 -2 -26 -27 28 -28 -29
right_child=24 -3 3 11 -6 6 7 -9 -10 -11 -12 12 -14 14 -16 -17 17 -19 19 -21 21 -23 23 -25 25 26 27 29 -30 -31
leaf_value=-0.0090857289976074476 0.00062726516341257569 -0.049964263889119287 0.0046784376516704048 0.034279821601294599 0.013089284950152628 -0.06252203261319049 -0.035028913435228425 -0.050792041927086078 -0.056586416466834544 0.029477292835056471 -0.027035849193912265 0.019955094575851512 0.032630323611084262 -0.02441712160693732 -0.046114000733143742 0.029826054579789124 -0.035087434151168655 0.030338110070492082 0.040003084006690087 -0.026102226579517558 0.0096419037256947702 0.058757010434855275 -0.030010025387906487 0.025191090686815815 -0.0065696140795827021 -0.002372828174378833 -0.045318856051814072 -0.012088145874108461 0.018542752593032858 0.071711273335837586
leaf_weight=1.4765111422166208 1740.018890301697 2.7908877534791818 4.5368770435452523 1.8960330402478547 2.7595289275050154 4.8494862848892826 2.0497479480691236 2.8780302098020902 1.6604349650442598 2.0182981630787253 3.2727174740284681 1.4023920102044938 1.227000876329839 2.1569239757955088 1.7491190847940741 1.3419907456263898 3.1125884978100657 1.853741956874728 1.1894419044256213 0.97449925635009993 1.4104837416671219 1.3769293157383797 1.5856525879353287 1.6743836943060157 103.21431893500267 75.004824420029763 1.5352079020813132 9.7232257866125984 29.006275986845139 0.77398640161845911
leaf_count=25 13487 28 80 26 38 44 31 26 21 31 31 28 17 42 30 22 45 25 23 18 18 24 18 34 4415 4973 43 1075 1874 31
internal_value=3.57809e-11 -0.0125216 -0.0103649 -0.0149079 -0.0217036 -0.0256184 -0.0324949 -0.0217293 -0.0124237 -0.00241706 -0.0482234 0.00406402 -0.00320868 -0.00982097 -0.0177778 -0.00361243 0.004411 -0.00432367 -0.016501 0.0102335 0.0190174 0.0339038 -0.0145404 -0.00165824 0.000327494 -0.00205147 0.00196716 0.0098992 0.0153327 -0.0059094
internal_weight=2010.52 51.2437 48.4528 37.0586 27.2852 24.5256 19.9888 11.8665 8.98852 7.32808 8.1222 9.77346 7.87743 6.65043 5.24803 3.49891 11.3942 7.13027 5.27653 2.16394 4.26392 2.78741 5.30978 3.26004 1959.28 219.258 116.044 41.0387 30.5415 10.4972
internal_count=26623 725 697 519 354 316 236 161 135 114 75 165 139 122 94 64 178 111 86 41 67 42 83 52 25898 12411 7996 3023 1917 1106
is_linear=0
shrinkage=0.05


Tree=176
num_leaves=31
num_cat=0
split_feature=6 1 9 9 18 0 1 14 5 9 9 15 1 20 0 14 6 18 14 20 20 15 6 7 9 0 0 11 5 20
split_gain=4.20107 2.43042 1.49771 1.8327 1.59276 1.81366 3.05188 2.53772 2.79663 1.96786 1.30735 1.26904 1.12892 1.00531 0.842349 0.822712 0.805579 0.656917 0.635017 0.816595 0.629104 0.731504 1.0537 1.67184 0.992501 0.615658 0.730527 3.29567 5.18869 3.53805
threshold=1.5500000000000003 7.5000000000000009 2.2250000000000005 7.4500000000000011 1540.0000000000002 4.5000000000000009 3.5000000000000004 470.50000000000006 55.500000000000007 5.7083333333333348 3.3666666666666671 4.5000000000000009 3.5000000000000004 1.0000000180025095e-35 9.5000000000000018 443.50000000000006 1.3500000000000003 1215.0000000000002 498.50000000000006 1.0000000180025095e-35 1.5000000000000002 5.5000000000000009 1.4500000000000002 0.80128205128205143 1.5500000000000003 14.500000000000002 12.500000000000002 5.5000000000000009 56.250000000000007 2.5000000000000004
decision_type=2 10 10 10 10 2 8 10 8 10 10 8 8 10 2 10 2 10 10 10 8 10 2 2 10 2 2 10 8 10
left_child=1 2 14 4 5 6 9 -8 -9 10 -4 12 17 -5 20 -14 -15 -7 19 -17 21 22 23 24 -1 26 -2 29 -29 -28
right_child=25 -3 3 13 -6 11 7 8 -10 -11 -12 -13 15 16 -16 18 -18 -19 -20 -21 -22 -23 -24 -25 -26 -27 27 28 -30 -31
leaf_value=-0.07137165619964693 0.00031917480433028979 -0.054550743341498897 -0.070238274654948904 0.018148529195763954 -0.04666122503373115 0.0014899848728401176 0.043094623636135539 -0.072306269417147948 0.012157987451772169 -0.093721127703023141 -0.0071645767532803849 -0.033766503888999176 -0.044076177567062634 0.0078194607297120758 0.041714418895602956 -0.003513487270876046 -0.050712852348189466 0.046248940109338943 -0.023452724481437759 0.053986590362786913 0.017831511700989771 0.023392258846961025 0.014753831065002424 0.019223728276042847 -0.019603452665007917 -0.030833721911789305 0.0063373221872504784 -0.061220040068429987 0.08195338395301982 0.071274554168521395
leaf_weight=1.7838529068976607 1945.6882935358444 3.4476480735465875 1.3928977139294194 5.0699139805510631 5.4235715921968213 1.3390044681727862 1.8541477993130691 1.8627103930339219 2.0680485432967544 2.202269802801311 2.0028982907533646 2.4996885210275641 1.2083887755870826 1.1772940871305766 1.2797731701284636 1.7002064920961859 1.1740578077733514 2.1140073006972671 1.4812501892447469 0.96958289574831713 3.2610642621293673 1.5452884184196589 2.1679064072668552 1.4244797709397969 1.9249517880380151 1.5791483486536879 6.4285507528111321 2.7795532167656343 0.81934644188731898 3.113460258115083
leaf_count=21 25694 28 17 79 43 20 29 15 32 14 27 36 14 28 23 37 16 30 22 18 60 20 20 54 22 28 64 82 13 17
internal_value=-6.63367e-11 -0.0139754 -0.0111162 -0.0164853 -0.0223184 -0.016501 -0.0305915 -0.00512342 -0.027868 -0.0569096 -0.0330363 -0.00232226 0.00659704 0.00561595 0.00313722 -0.00776756 -0.0214064 0.0288924 0.00280206 0.0173687 -0.000940406 -0.00786027 -0.0144748 -0.0268188 -0.0445028 0.00037337 0.000398528 0.0121479 -0.0286243 0.0275257
internal_weight=2012.78 52.3749 48.9273 35.5399 28.1187 22.6951 11.383 5.78491 3.93076 5.59807 3.3958 11.3121 8.81244 7.42127 13.3873 5.35943 2.35135 3.45301 4.15104 2.66979 12.1075 8.84648 7.30119 5.13328 3.7088 1960.41 1958.83 13.1409 3.5989 9.54201
internal_count=26623 725 697 477 354 311 134 76 47 58 44 177 141 123 220 91 44 50 77 55 197 137 117 97 43 25898 25870 176 95 81
is_linear=0
shrinkage=0.05


Tree=177
num_leaves=31
num_cat=0
split_feature=6 9 9 5 0 14 15 9 9 15 10 9 14 14 0 15 14 6 9 9 5 9 18 0 13 5 9 6 20 15
split_gain=4.02329 1.69658 2.23952 1.76239 2.02563 1.8318 2.25273 1.82765 2.04777 1.77578 1.64189 0.723253 0.656779 0.89354 1.11284 0.928765 0.642363 0.593191 1.5243 2.65674 2.43518 1.99068 1.82923 1.62733 1.63646 1.31878 1.85806 1.87558 1.80082 1.53231
threshold=1.5500000000000003 2.2250000000000005 7.291666666666667 54.750000000000007 4.5000000000000009 440.50000000000006 2.5000000000000004 5.5500000000000007 3.9000000000000004 -1.4999999999999998 1.5000000000000002 4.7750000000000012 453.50000000000006 502.50000000000006 5.5000000000000009 -1.4999999999999998 481.50000000000006 2.2500000000000004 1.5500000000000003 1.6333333333333335 56.750000000000007 8.9000000000000021 835.00000000000011 1.5000000000000002 4.5000000000000009 585.00000000000011 6.9000000000000012 2.1500000000000008 1.5000000000000002 5.5000000000000009
decision_type=2 10 10 10 2 8 8 10 10 8 10 10 8 10 2 8 10 2 8 8 10 8 8 2 2 10 10 2 8 10
left_child=1 -1 3 -3 7 -6 9 8 10 11 -5 -7 -4 14 15 -14 -8 18 -2 -20 22 23 -21 -22 -25 26 27 28 -26 -27
right_child=17 2 12 4 5 6 16 -9 -10 -11 -12 -13 13 -15 -16 -17 -18 -19 19 20 21 -23 -24 24 25 29 -28 -29 -30 -31
leaf_value=0.0012723873112151368 0.01963420400734062 0.002079893348976247 0.036308584743210533 -0.022467015581150527 -0.062619432395932137 -0.026472404642059789 -0.059048700547416601 -0.067043333840059713 0.0071076694101918974 0.044226375107230549 -0.083342490401139807 0.017047947199640052 0.047662472321104585 0.024568541494694021 -0.033614881231961997 -0.018306613978720545 -0.019677689169553376 0.00064217565291040351 -0.043492695125903362 0.022081660548362369 -0.025342907985694871 0.035730186485155468 -0.0079082994056542243 -0.02355999507639648 0.0032857102274890162 -0.023951343772286443 -0.019115033378634096 0.048730139274212575 0.032975321119501723 0.016465079645034863
leaf_weight=13.906616697087882 7.5483628399670115 4.8262763097882297 1.2906725136563153 2.5649603605270404 1.849011354148385 2.5494478987529874 1.8695460986345986 5.4091334398835897 2.5769007718190551 2.3736184844747203 1.949504656717181 1.5261124810203908 1.0367896314710376 2.1586225423961878 2.9673880431801081 1.0991833042353403 2.3237184006720781 1780.3985369758157 4.0198158584535113 5.3326936326920977 4.5340034626424304 5.1990214735269538 109.29438395425677 4.2220077849924555 15.702349612489352 5.6049766745418292 3.7096813190728417 4.344615787267684 7.5695171989500514 4.0322749987244606
leaf_count=229 47 82 22 34 15 30 19 38 31 39 15 23 18 28 46 27 29 24791 25 37 31 30 659 26 99 32 28 19 47 27
internal_value=-6.25373e-11 -0.0136896 -0.0191123 -0.0255815 -0.0309233 -0.0166834 -0.00870252 -0.0451529 -0.0284554 0.00984677 -0.0487552 -0.010176 0.00344243 -0.00239887 -0.0138056 0.0137144 -0.0372311 0.000364851 -0.00236133 -0.00331792 -0.0023654 0.00629179 -0.0065131 0.0032135 0.00607891 0.00913373 0.0141097 0.0185728 0.0129427 -0.00704091
internal_weight=2013.79 52.2775 38.3709 29.8182 24.992 12.4915 10.6424 12.5005 7.09137 6.44918 4.51447 4.07556 8.55266 7.26198 5.10336 2.13597 4.19326 1961.51 181.114 173.565 169.546 54.9184 114.627 49.7194 45.1854 40.9634 31.3262 27.6165 23.2719 9.63725
internal_count=26623 725 496 355 273 155 140 118 80 92 49 53 141 119 91 45 48 25898 1107 1060 1035 339 696 309 278 252 193 165 146 59
is_linear=0
shrinkage=0.05


Tree=178
num_leaves=31
num_cat=0
split_feature=6 9 9 18 15 15 9 11 21 14 18 12 15 0 1 5 9 14 1 18 1 18 15 6 0 14 14 7 6 0
split_gain=3.11476 1.35685 1.83885 1.84101 2.00394 1.5676 1.77027 1.55156 1.02286 1.02226 1.61861 0.999546 0.919785 0.811909 0.748258 0.669518 3.73515 4.54386 3.29123 3.32664 3.23688 3.0181 2.19051 1.99973 2.35339 1.85879 1.85464 2.72427 2.28553 2.16466
threshold=1.5500000000000003 2.2250000000000005 7.291666666666667 1450.0000000000002 -5.4999999999999991 -1.4999999999999998 6.4500000000000011 3.5000000000000004 11.500000000000002 468.50000000000006 1350.0000000000002 0.29166666666666669 -2.4999999999999996 6.5000000000000009 3.5000000000000004 52.500000000000007 4.5500000000000007 438.50000000000006 5.5000000000000009 810.00000000000011 4.5000000000000009 910.00000000000011 11.500000000000002 6.9500000000000011 6.5000000000000009 484.50000000000006 457.50000000000006 0.047506206273978786 12.350000000000003 2.5000000000000004
decision_type=2 10 10 10 8 10 10 10 2 10 8 10 8 2 8 8 8 10 10 10 8 10 8 2 2 10 10 2 2 2
left_child=1 -1 3 4 14 12 8 11 9 13 -11 -5 -6 -7 -3 16 17 -2 19 -18 22 -22 -21 -24 -25 26 27 29 -28 -20
right_child=15 2 -4 7 5 6 -8 -9 -10 10 -12 -13 -14 -15 -16 -17 18 -19 25 20 21 -23 23 24 -26 -27 28 -29 -30 -31
leaf_value=0.0012599772719184537 0.017264978622572282 -0.0060966425771641873 0.0034794875707478156 -0.046461618156496215 -0.022640964441223786 0.024883726538246404 -0.057490810130498886 -0.074854284537700197 0.028057521157042992 0.0041107524890667355 -0.049281186897749463 -0.0027161561551477652 -0.069705089984835544 -0.021342300646688218 0.039524535456120856 0.00014627373292830316 -0.067470135026387087 -0.035815389535620204 0.065254773037470598 0.0092539500225904559 0.066113969354168911 -0.039394910342363011 0.086399581742568857 -0.034880132399319641 0.066057043868211249 0.062512630064181549 -0.086745574022077276 0.052448134818513709 0.032718048139455072 -0.064724443987404276
leaf_weight=13.89130288781598 6.6260439120233086 1.6590794380754235 8.4949568249285203 3.0881845392286769 1.8635501973330972 2.4108722135424601 1.9898582212626941 2.6320380959659815 1.8125280160456902 2.4959844034165144 3.2912200419232249 2.2624499518424273 2.3437193240970435 1.5674864770844577 1.96131204534322 1896.9455945854716 1.5208509619114909 10.297611383546608 0.46145813982002248 26.110160248063043 0.77951147546991606 5.1941313278512098 1.8847086690366257 1.1233455371111634 1.1883803914533926 4.0820043992716819 0.80199225619435288 4.6036277813836932 0.79946887376718223 1.0472927360096944
leaf_count=229 66 19 141 24 30 36 22 14 30 38 36 34 23 19 30 24750 19 136 13 502 11 146 6 35 15 65 10 31 42 51
internal_value=-3.35505e-11 -0.0121064 -0.017009 -0.0229334 -0.0152881 -0.022194 -0.0139255 -0.0434249 -0.0064382 -0.0128407 -0.0262536 -0.0279644 -0.0488587 0.00667052 0.0186182 0.000319172 0.00524965 -0.0150331 0.0121706 0.00497554 0.00801243 -0.0256269 0.014643 0.0481734 0.0170083 0.0352279 0.0207894 0.0333387 -0.0271079 -0.0249697
internal_weight=2015.23 51.7645 37.8732 29.3783 21.3956 17.7752 13.5679 7.98267 11.5781 9.76556 5.7872 5.35063 4.20727 3.97836 3.62039 1963.47 66.5206 16.9237 49.5969 37.8011 36.2802 5.97364 30.3066 4.19643 2.31173 11.7958 7.71384 6.11238 1.60146 1.50875
internal_count=26623 725 496 355 283 234 181 72 159 129 74 58 53 55 49 25898 1148 202 946 734 715 157 558 56 50 212 147 95 52 64
is_linear=0
shrinkage=0.05


Tree=179
num_leaves=31
num_cat=0
split_feature=6 21 14 13 21 1 11 12 13 18 0 0 14 20 15 9 15 7 1 21 0 9 9 5 1 18 14 20 0 6
split_gain=2.50414 1.19783 2.03712 1.19054 1.0179 1.06718 1.24109 0.873059 2.43901 1.92069 0.871484 0.932641 3.55724 3.27944 1.96065 2.54817 1.8132 1.80232 1.54657 0.798895 0.940475 0.804698 0.84883 0.993008 0.746675 0.701161 1.0262 1.38649 1.05028 0.685848
threshold=1.5500000000000003 6.5000000000000009 455.50000000000006 1.5000000000000002 8.5000000000000018 5.5000000000000009 1.5000000000000002 0.22500000000000003 3.5000000000000004 1540.0000000000002 14.500000000000002 12.500000000000002 450.50000000000006 2.5000000000000004 5.5000000000000009 4.7750000000000012 -4.4999999999999991 0.18693221523410206 4.5000000000000009 10.500000000000002 5.5000000000000009 4.6333333333333337 8.5500000000000025 55.500000000000007 7.5000000000000009 1350.0000000000002 468.50000000000006 1.0000000180025095e-35 6.5000000000000009 64.850000000000009
decision_type=2 2 10 2 2 8 10 10 2 10 2 2 8 8 8 10 10 2 10 2 2 8 10 8 8 8 10 10 2 2
left_child=1 2 -1 -3 5 6 -5 8 -6 19 11 29 16 14 15 -14 -13 18 -17 21 -21 -10 23 -23 25 -9 -27 28 -28 -2
right_child=10 3 -4 4 7 -7 -8 24 9 -11 -12 12 13 -15 -16 17 -18 -19 -20 20 -22 22 -24 -25 -26 26 27 -29 -30 -31
leaf_value=-0.073942399410727583 0.00035002607195520988 0.022224316357999235 -0.0075570978941087458 -0.034156452544281471 -0.074337044424554147 0.041950021119834542 0.013590001197140156 0.014004128809923575 -0.035870165709841757 -0.053578038601830351 -0.032555945643919941 -0.10453372354820603 -0.060218317937776128 0.05781113071873667 0.050297054447593748 -0.072313388058754355 -0.0074859298649775355 0.046127627071869542 0.025883100590784441 -0.019141645217317191 0.021673512071352798 -0.01728635790253184 -0.038254528497545466 0.030775652134077652 -0.037373350635262356 0.012517806040206643 0.020855366757015957 -0.04754345147366542 -0.03530566043435323 -0.0070596784022670615
leaf_weight=1.9556609364226449 1915.8424657726428 2.9649132881313554 2.8248251229524612 2.1335934372618786 1.9329983592033411 1.6357175367884336 3.7586330082267523 4.7581581845879564 3.6339164730161437 2.7720456458628169 2.0179068999132133 0.83376741432584811 1.8083550269948316 4.4359136421699086 1.6550470297224809 0.84920231974683724 1.1385191622539395 1.8819649592041967 0.75967937719542533 2.2946324078366152 3.6666807048022747 2.2771256929263481 1.5014481530524788 2.0352581385523081 1.6356952264904965 3.459563828073442 2.1906078923493628 2.8105350369587541 1.3427569568157194 31.74707453114388
leaf_count=14 19928 70 34 36 17 30 56 74 39 16 28 9 19 35 17 25 43 9 19 35 52 23 28 32 18 52 34 43 22 5766
internal_value=6.52783e-11 -0.0108744 -0.0347148 -0.0084394 -0.0105132 0.00621979 -0.00369914 -0.0139823 -0.0209396 -0.0152624 0.000285768 0.000319564 0.0134839 0.024219 0.00279148 -0.0120455 -0.0485121 0.0129094 -0.0259471 -0.00836952 0.00596292 -0.017413 -0.00587633 0.00539683 -0.00534255 -0.00174455 -0.00938825 -0.0213344 -0.000487068 0.000229243
internal_weight=2014.55 51.5848 4.78049 46.8043 43.8394 7.52794 5.89223 36.3114 20.1141 18.1811 1962.97 1960.95 13.3624 11.3902 6.95425 5.2992 1.97229 3.49085 1.60888 15.4091 5.96131 9.44775 5.81383 4.31238 16.1973 14.5616 9.80346 6.3439 3.53336 1947.59
internal_count=26623 725 48 677 607 122 92 485 242 225 25898 25870 176 124 89 72 52 53 44 209 87 122 83 55 243 225 151 99 56 25694
is_linear=0
shrinkage=0.05


Tree=180
num_leaves=31
num_cat=0
split_feature=0 0 20 9 11 9 6 18 12 9 9 21 14 20 14 14 12 9 15 0 14 14 21 0 13 9 14 0 6 10
split_gain=2.06901 1.88759 3.06272 1.88405 1.63684 1.42726 1.35931 1.2772 1.20671 0.8411 1.25045 1.86068 1.3073 1.4031 1.01421 1.11428 1.30598 1.00443 0.848028 1.05735 1.37309 1.12976 0.986856 0.812489 0.730515 0.715823 0.940753 0.689307 0.624435 0.594822
threshold=14.500000000000002 12.500000000000002 2.5000000000000004 5.9000000000000012 2.5000000000000004 6.9000000000000012 1.5500000000000003 1350.0000000000002 1.0000000180025095e-35 2.2250000000000005 3.9000000000000004 6.5000000000000009 434.50000000000006 1.5000000000000002 510.50000000000006 493.50000000000006 0.36666666666666675 8.4500000000000011 -3.4999999999999996 3.5000000000000004 480.50000000000006 461.50000000000006 9.5000000000000018 4.5000000000000009 2.5000000000000004 6.6333333333333337 479.50000000000006 5.5000000000000009 178.95000000000002 10.500000000000002
decision_type=2 2 10 10 10 10 2 10 10 8 8 2 10 8 8 10 8 10 8 2 10 10 2 2 2 8 10 2 2 10
left_child=1 6 3 8 -4 -5 9 -7 -3 23 14 -12 -13 18 15 16 27 25 -14 22 21 -21 -20 -1 -25 26 -15 -11 29 -8
right_child=-2 2 4 5 -6 7 28 -9 -10 10 11 12 13 17 -16 -17 -18 -19 19 20 -22 -23 -24 24 -26 -27 -28 -29 -30 -31
leaf_value=0.020902578804330142 -0.048141467841841964 -0.053755192231349183 0.082846077899679932 0.047326005329173443 0.022469061776081989 0.026339810689935642 0.00022614049127460541 -0.060555900902006021 -0.00047257733809342322 -0.054036402325981628 -0.048605563965885862 0.037869378373259245 0.010160501187682053 0.04551998682941738 0.0058458985281167782 -0.066789966600163828 0.0053137212023581758 -0.022665340614812447 -0.011166636686340985 0.0013046464449987124 0.019267994708024067 -0.046973653951809247 -0.055316393560302393 0.025395179306821666 -0.014552300182956175 0.052892091674310582 -0.013738303351343207 -0.018977882689801884 -0.021568694426736257 -0.01447754522825519
leaf_weight=4.2912632026709598 2.2293746956856912 1.7333930935710649 2.227969277650117 2.7305648135952652 2.2624644180759788 0.991166077845264 1937.7462370604044 0.73751399095635861 2.7458694558590651 2.9487707149237332 2.295156721025708 1.9397898577153707 3.3284502988681197 1.1734626200050109 2.20234807021916 1.8399031385779387 2.6311470642685899 1.28030448872596 2.2685079509392434 2.3763113776221871 3.1055553602054715 2.4727246426045895 2.8633077759295702 1.428913486888632 5.7483450411818922 1.7168815890327094 1.5603063777089117 2.6729826051741838 3.3078132650407488 6.9026977682951829
leaf_count=69 28 24 7 31 35 20 23795 30 32 25 26 29 57 21 35 21 38 24 31 32 53 33 26 29 89 31 28 25 1730 169
internal_value=-3.06681e-11 5.33551e-05 0.0187364 0.00181199 0.0524257 0.0248188 -7.22111e-05 -0.0107329 -0.021092 -0.00820049 -0.0117268 -0.00558905 -0.00148994 -0.00493749 -0.024896 -0.0316041 -0.0237598 0.0163622 -0.0123739 -0.0181054 -0.00668983 -0.0233145 -0.0358001 0.00369135 -0.00659919 0.0275891 0.0116982 -0.0373671 0.000137027 0.000173949
internal_weight=2013.76 2011.53 13.4289 8.93851 4.49043 4.45924 1998.1 1.72868 4.47926 50.1444 38.6759 26.3808 24.0856 22.1458 12.2952 10.0928 8.2529 5.73096 16.4149 13.0864 7.95459 4.84904 5.13182 11.4685 7.17726 4.45065 2.73377 5.62175 1947.96 1944.65
internal_count=26623 26595 179 137 42 81 26416 50 56 722 535 391 365 336 144 109 88 104 232 175 118 65 57 187 118 80 49 50 25694 23964
is_linear=0
shrinkage=0.05


Tree=181
num_leaves=31
num_cat=0
split_feature=6 9 9 21 21 21 1 14 20 18 0 3 18 1 0 11 11 6 0 0 12 15 11 6 20 9 6 11 11 13
split_gain=1.49919 0.862873 1.51186 1.59365 1.25316 2.0629 1.17594 1.1678 1.16794 1.10011 0.997087 0.813707 0.783074 0.922555 0.675858 0.661722 0.919608 0.766548 1.12136 0.646857 3.55197 3.50429 1.85635 2.05895 1.99316 1.86187 1.78834 1.95908 1.78304 0.626911
threshold=1.5500000000000003 2.2250000000000005 3.9000000000000004 6.5000000000000009 8.5000000000000018 9.5000000000000018 4.5000000000000009 434.50000000000006 1.5000000000000002 1265.0000000000002 8.5000000000000018 1.0000000180025095e-35 1265.0000000000002 3.5000000000000004 4.5000000000000009 8.5000000000000018 2.5000000000000004 1.4500000000000002 4.5000000000000009 12.500000000000002 0.36666666666666675 -6.4999999999999991 5.5000000000000009 3.3500000000000001 2.5000000000000004 7.2250000000000005 5.5500000000000007 3.5000000000000004 10.500000000000002 2.5000000000000004
decision_type=2 8 8 2 2 2 8 10 8 10 2 2 10 10 2 10 10 2 2 2 10 10 10 2 10 8 2 10 10 2
left_child=1 14 4 -4 -3 -6 9 -5 11 -7 -10 15 -13 -14 -1 16 17 18 -9 -2 21 -21 24 -24 26 28 -23 -28 -25 -16
right_child=19 2 3 7 5 6 -8 8 10 -11 -12 12 13 -15 29 -17 -18 -19 -20 20 -22 22 23 25 -26 -27 27 -29 -30 -31
leaf_value=0.019519098388513945 0.00013994547094059597 0.0072237157807794388 -0.044641076906253851 0.036706573027398486 -0.071116165217174662 -0.0012486575080387172 0.011075495207002586 -0.030137081797286372 0.028832551711816819 -0.047839669798914491 -0.01725946246177228 0.00086488272109694342 -0.01450348819511349 -0.057405540800096168 0.024496758728354332 -0.0306284840847823 0.031175641916065422 -0.032671419530305369 0.028163705031541909 0.07876727291594332 -0.057712414033413907 0.032190216288344856 -0.11290323376131371 -0.027312577886656683 0.054865375150167595 -0.074160819506821116 -0.071988915044135654 0.017045936437693521 0.067187493042903668 -0.012959249457865847
leaf_weight=4.2143168170005065 1947.8122374672093 2.3184173004701725 2.3301306776702431 1.8613240458071256 2.6955274883657676 1.9006135612726209 2.1515440121293068 1.2956377826631125 3.956866528838872 3.8004587208852172 1.6679260917007921 2.2377828489989033 2.6633203700184822 2.3664864525198936 1.3849234858062116 1.605177193880081 2.2960909558460116 1.8526602126657961 2.269486952573061 2.0891812136396757 1.6857966545503575 2.4935426339507085 0.53779375553131137 1.0158073588972913 2.8345735925249755 0.73055350244976569 1.2455858485773208 1.2259087255224583 0.98140924796462048 5.7773211491294205
leaf_count=69 25694 32 26 29 22 23 29 25 79 39 25 32 38 30 29 20 25 16 48 16 18 15 3 40 16 46 20 22 8 89
internal_value=1.75492e-11 -0.00849362 -0.0120064 -0.00515776 -0.0260601 -0.0333757 -0.0204208 -0.00133596 -0.00452393 -0.0323072 0.0151648 -0.0112007 -0.0237412 -0.0346886 0.00363168 -0.00142082 0.004657 -0.00658177 0.00697603 0.000219177 0.0106185 0.0193755 0.00816192 -0.0234884 0.0214134 -0.00585985 0.0023154 -0.0278259 0.0191237 -0.00571659
internal_weight=2013.3 50.646 39.2695 26.4029 12.8666 10.5481 7.85262 24.0728 22.2114 5.70107 5.62479 16.5866 7.26759 5.02981 11.3766 9.31905 7.71388 5.41778 3.56512 1962.65 14.8402 13.1544 11.0652 3.26556 7.79961 2.72777 4.96504 2.47149 1.99722 7.16224
internal_count=26623 725 538 393 145 113 91 367 338 62 104 234 100 68 187 134 114 89 73 25898 204 186 170 97 73 94 57 42 48 118
is_linear=0
shrinkage=0.05


Tree=182
num_leaves=31
num_cat=0
split_feature=6 9 9 14 14 14 0 15 14 0 14 20 14 14 21 0 0 20 9 9 0 14 1 9 6 1 11 5 15 5
split_gain=1.67639 0.901821 1.4185 0.945956 1.13133 1.85744 1.47595 0.792567 1.91052 1.47322 1.25371 0.894464 0.925445 1.19643 1.09312 0.80216 0.658794 2.30592 2.15018 3.12053 2.08933 1.44277 1.27578 0.66454 0.620558 1.60876 1.74052 1.34418 1.33741 1.40476
threshold=1.5500000000000003 2.2250000000000005 3.9000000000000004 510.50000000000006 473.50000000000006 440.50000000000006 4.5000000000000009 -2.4999999999999996 525.50000000000011 8.5000000000000018 505.50000000000006 1.5000000000000002 463.50000000000006 471.50000000000006 8.5000000000000018 4.5000000000000009 12.500000000000002 2.5000000000000004 6.7750000000000012 6.9000000000000012 13.500000000000002 469.50000000000006 3.5000000000000004 5.5500000000000007 39.250000000000007 3.5000000000000004 5.5000000000000009 53.250000000000007 2.5000000000000004 50.500000000000007
decision_type=2 8 10 8 10 10 2 8 8 2 10 10 10 10 2 2 2 10 10 10 2 10 10 10 2 8 8 10 8 8
left_child=1 -1 3 4 5 -3 -6 9 10 -4 11 12 14 -14 -9 -13 24 18 20 -20 21 -18 -21 -19 -2 26 -26 -28 -27 -30
right_child=16 2 7 -5 6 -7 -8 8 -10 -11 -12 15 13 -15 -16 -17 17 23 19 22 -22 -23 -24 -25 25 28 27 -29 29 -31
leaf_value=0.0035002699743447623 0.00033502648190611949 -0.047542602238413709 0.028001694011112677 0.0040873702034142151 -0.063661963355737289 0.0052343875921023048 -0.013616659571318655 -0.02862420899220975 -0.058139288146758221 -0.022675996323344251 0.039940789632962111 0.049507847251541531 -0.062807306587599573 -0.014669795241905008 0.020107789110077146 -0.0049744125805168734 -0.026796721908971671 0.060718520640669682 0.10288121447846721 0.028278343075161361 -0.056311443552194251 0.029393593429543549 -0.064922187720361499 0.021470506005976244 -0.036563259683302485 0.0055663889440911753 0.028069672112669915 -0.012295017382902597 0.11251021671089659 -0.014324008286400937
leaf_weight=11.31661914102733 1872.2183463601395 2.7552078254520858 4.1195667795836926 2.4958099648356447 3.9214924415573478 4.2213905612006783 2.3598626544699073 1.8770870352163962 1.8645518450066436 2.1998992105945945 1.4350149556994427 1.0968826673924916 1.7607704773545263 4.8361087078228593 2.9738589273765683 1.7590544014237819 2.2138441125862283 2.1928622722625724 1.0445590005256238 0.91113787342328556 2.2894027285510674 2.360407036030665 0.61503074283245951 2.1223464296199381 6.7546197700430666 37.698033682478126 2.4076320515887373 14.388222587702328 0.22173120151273629 14.137005876458716
leaf_count=187 17369 24 80 42 27 60 34 18 23 26 18 21 24 65 43 33 24 13 8 16 45 24 36 38 659 3895 280 1848 11 1632
internal_value=1.12441e-11 -0.00895011 -0.0125012 -0.0241514 -0.0294673 -0.0156084 -0.0448603 -0.00482931 -0.0102822 0.01036 -0.0046126 -0.00908239 -0.0153275 -0.0275182 0.00125081 0.0159506 0.000232667 0.0111388 -0.00270931 0.0362939 -0.0173177 0.00219863 -0.00928054 0.0414152 0.000155681 -0.00428534 -0.0151289 -0.00650887 0.000620291 -0.0123654
internal_weight=2012.57 50.9932 39.6766 15.7538 13.258 6.9766 6.28136 23.9228 17.6033 6.31947 15.7388 14.3038 11.4478 6.59688 4.85095 2.85594 1961.58 13.7496 9.43438 2.57073 6.86365 4.57425 1.52617 4.31521 1947.83 75.6072 23.5505 16.7959 52.0568 14.3587
internal_count=26623 725 538 187 145 84 61 351 245 106 222 204 150 89 61 54 25898 204 153 60 93 48 52 51 25694 8325 2787 2128 5538 1643
is_linear=0
shrinkage=0.05


Tree=183
num_leaves=31
num_cat=0
split_feature=6 15 0 14 0 20 14 14 6 18 9 14 9 11 5 0 1 14 9 15 12 14 9 10 4 9 13 13 7 7
split_gain=1.83926 1.12387 1.13833 0.97095 0.982994 1.42202 1.24547 2.13141 1.38594 1.31925 1.09279 1.00264 1.05517 0.995835 0.941105 1.26959 0.885677 2.17207 1.00516 0.750578 0.675973 0.651754 0.604521 0.593916 2.89582 1.53099 1.26458 1.58108 1.6367 1.3968
threshold=1.5500000000000003 36.500000000000007 2.5000000000000004 508.50000000000006 2.5000000000000004 1.5000000000000002 440.50000000000006 462.50000000000006 1.4500000000000002 1675.0000000000002 3.9000000000000004 493.50000000000006 4.4500000000000011 1.5000000000000002 56.750000000000007 4.5000000000000009 3.5000000000000004 477.50000000000006 5.7750000000000012 4.5000000000000009 0.45000000000000007 470.50000000000006 6.5500000000000007 10.500000000000002 1.0000000180025095e-35 13.900000000000002 2.5000000000000004 3.5000000000000004 0.052493799944888404 0.18350168350168353
decision_type=2 8 2 10 2 8 10 10 2 10 10 10 10 10 10 2 10 10 10 10 10 10 10 10 2 10 2 2 2 2
left_child=1 3 -3 4 5 13 10 8 -8 11 -6 16 -13 -1 15 -5 17 21 -19 -18 22 -9 -16 25 26 -2 29 -28 -29 -25
right_child=23 2 -4 14 6 -7 7 9 -10 -11 -12 12 -14 -15 20 -17 19 18 -20 -21 -22 -23 -24 24 -26 -27 27 28 -30 -31
leaf_value=-0.029241890729576621 0.00025476282919386267 -0.065734397163282818 -0.0080580577580991741 -0.0051412834254699318 -0.058228473945114795 0.052631146515396826 -0.0012507887135913519 -0.023459192265243387 0.049063918818346458 -0.061147681638755128 -0.011366029779873535 -0.052123429773473853 -0.0012284836822110288 0.012389451372919268 0.017185436424253967 0.051818621773471012 0.013327805548137995 0.046604289831575607 -0.018950935365835184 -0.024178412743239376 -0.032882500701740418 -0.063941557136849889 -0.024345501226547449 -0.027913187052330219 0.074547245582164842 0.046665668774305565 0.023516061272768701 0.0343084385341993 -0.073432970923159188 -0.10805989392934463
leaf_weight=2.4469724241644135 1952.6922672143555 1.7178355120122426 1.7041623475961385 1.8128195386379942 2.8188588134944466 1.3173075560480354 4.224077899008992 1.9660141710192021 2.0246888212859631 1.6572086261585344 2.2267085993662477 3.0040292823687187 1.5407040263526139 3.4782807007431984 2.9232966527342796 2.1250613452866673 5.4821799229830503 1.2795417401939633 1.0768425762653349 1.7628531260415909 1.6724966443143783 2.0114715304225683 1.2512512281537054 1.7177729387767615 0.81075298914220173 1.7785599031485606 1.9536903960397467 0.49590174254262742 1.2188302613794801 0.79532858543097962
leaf_count=33 25678 12 34 21 24 27 72 26 22 14 33 37 22 48 43 29 100 21 19 22 25 22 19 66 14 30 35 48 19 8
internal_value=4.68821e-11 -0.00932511 -0.0370115 -0.00735552 -0.0109453 0.00564321 -0.0148115 -0.0104044 0.0150519 -0.018446 -0.0375472 -0.0145414 -0.0348696 -0.00480319 0.00670189 0.0255969 -0.00773776 -0.0213949 0.0166462 0.00420184 -0.00602357 -0.0439317 0.00473723 0.000244957 -0.0143012 0.000296997 -0.0259543 -0.00723625 -0.0422741 -0.0532774
internal_weight=2012.99 51.5247 3.422 48.1027 38.3177 7.24256 31.0752 26.0296 6.24877 19.7808 5.04557 18.1236 4.54473 5.92525 9.78493 3.93788 13.5789 6.33387 2.35638 7.24503 5.84704 3.97749 4.17455 1961.46 6.99228 1954.47 6.18152 3.66842 1.71473 2.5131
internal_count=26623 725 46 679 542 108 434 377 94 283 57 269 59 81 137 50 210 88 40 122 87 48 62 25898 190 25708 176 102 67 74
is_linear=0
shrinkage=0.05


Tree=184
num_leaves=31
num_cat=0
split_feature=6 9 9 21 20 1 14 21 14 20 20 0 9 7 14 5 0 9 12 11 15 9 15 15 15 6 18 0 0 20
split_gain=2.66148 1.25389 1.08953 1.72454 1.94331 1.32659 1.68081 1.23892 1.3209 1.35751 1.13242 0.912054 0.807405 1.1733 1.15973 0.623528 0.592472 0.582745 1.01998 0.574242 0.749548 0.591497 0.573085 0.676965 0.52338 2.1665 4.62518 3.4865 5.92463 3.4311
threshold=1.5500000000000003 2.2250000000000005 3.9000000000000004 8.5000000000000018 1.5000000000000002 4.5000000000000009 453.50000000000006 6.5000000000000009 434.50000000000006 1.5000000000000002 1.0000000180025095e-35 8.5000000000000018 5.7083333333333348 0.87121212121212133 477.50000000000006 56.750000000000007 4.5000000000000009 1.9000000000000001 0.77500000000000013 1.5000000000000002 4.5000000000000009 7.366666666666668 -1.0000000180025095e-35 6.5000000000000009 7.5000000000000009 5.6500000000000012 1725.0000000000002 3.5000000000000004 5.5000000000000009 1.0000000180025095e-35
decision_type=2 8 8 2 10 8 10 2 10 8 8 2 8 2 10 10 2 10 8 10 8 10 10 8 10 2 8 2 2 10
left_child=1 16 3 -3 5 6 -5 -4 -9 10 12 22 14 19 -10 -8 -1 18 -18 -14 21 -21 -11 -24 -2 26 29 -27 -29 -26
right_child=24 2 7 4 -6 -7 15 8 9 11 -12 -13 13 -15 -16 -17 17 -19 -20 20 -22 -23 23 -25 25 27 -28 28 -30 -31
leaf_value=0.018596653589586582 0.00061692412022435741 0.013199326491904639 -0.042166052607765202 -0.071667951004186617 -0.066143356254106236 0.011661931619978248 0.0033047429329947095 0.035474256203430705 -0.054051419498939414 0.045325033681261152 -0.040874708314888361 -0.017335468472080808 -0.01053109413033201 -0.044154226092807149 9.2770417269922561e-05 -0.037452252611176101 -0.036660504779941087 0.017060762909845505 0.0085269172177554736 0.010208563077199004 -0.011654456410469066 0.05185096437185454 -0.022143947451857063 0.038459858082253613 -8.1883498823546341e-05 0.014720309760250279 -0.04718151164839967 -0.0245298573042807 0.0056445594637783538 -0.020426396868559078
leaf_weight=4.1882788673974556 1702.1236156336672 2.2622876763343802 2.6164747122675207 1.9395907744765262 3.4172343900427222 2.2291354816406965 2.147990789264441 1.7824957091361309 2.1086890269070913 1.9305195882916451 3.6196231055073431 1.7564117051661012 3.6064894860610348 1.4248749036341912 1.8625258402898905 1.666436639614403 2.5344670910853893 2.087518559768796 2.4618369131349027 1.9007781092077465 1.7029862441122561 1.5466055460274217 0.97905421676114135 0.87049200199544408 106.8556289114058 42.099796043883543 6.5142064690589896 22.896255628933432 56.190442428051028 25.710757038556039
leaf_count=69 22711 32 26 11 26 27 26 29 29 36 35 25 45 36 25 23 35 34 49 21 18 25 28 15 587 721 46 493 1179 161
internal_value=5.48308e-11 -0.0110947 -0.0151226 -0.0266778 -0.034591 -0.0210849 -0.0337711 -0.00942481 -0.00601064 -0.00918309 -0.0159178 0.012436 -0.00953508 -0.00207673 -0.0286574 -0.0145011 0.00368872 -0.00512552 -0.0143952 0.00476992 0.0154843 0.0288907 0.0262693 0.00637933 0.000297624 -0.00179057 -0.00604885 0.00309647 -0.00309118 -0.00402763
internal_weight=2015.03 52.6428 41.3707 13.6627 11.4004 7.98315 5.75402 27.708 25.0915 23.309 17.7726 5.53648 14.1529 10.1817 3.97121 3.81443 11.2721 7.08382 4.9963 8.75686 5.15037 3.44738 3.78007 1.84955 1962.39 260.267 139.081 121.186 79.0867 132.566
internal_count=26623 725 538 145 113 87 60 393 367 338 234 104 199 145 54 49 187 118 84 109 64 46 79 43 25898 3187 794 2393 1672 748
is_linear=0
shrinkage=0.05


Tree=185
num_leaves=31
num_cat=0
split_feature=6 14 14 9 0 9 15 21 21 11 6 0 10 20 11 1 14 0 1 9 18 15 5 5 18 9 0 1 18 1
split_gain=2.20558 1.84828 1.80343 1.55687 0.881523 0.848261 1.17908 0.957564 1.23457 1.35788 1.61488 1.17135 1.16086 1.0938 1.09165 0.905404 0.648134 0.620592 1.99721 4.08843 2.97239 2.73682 2.38962 3.3699 3.29814 2.24762 2.44701 2.44871 2.24458 2.34664
threshold=1.5500000000000003 440.50000000000006 444.50000000000006 3.9000000000000004 5.5000000000000009 2.2250000000000005 15.500000000000002 8.5000000000000018 11.500000000000002 6.5000000000000009 1.4500000000000002 4.5000000000000009 1.5000000000000002 1.0000000180025095e-35 10.500000000000002 4.5000000000000009 464.50000000000006 6.5000000000000009 6.5000000000000009 7.1000000000000005 1050.0000000000002 -8.4999999999999982 642.50000000000011 625.00000000000011 1215.0000000000002 9.5500000000000025 7.5000000000000009 7.5000000000000009 1350.0000000000002 8.5000000000000018
decision_type=2 10 10 10 2 10 8 2 2 10 2 2 10 10 10 8 10 2 10 10 8 10 8 10 10 10 2 10 10 10
left_child=1 3 -3 -1 -5 -4 7 11 9 10 12 15 13 16 -11 -7 -9 -2 -19 22 -21 -22 23 24 -20 26 -23 -28 -26 -30
right_child=17 2 5 4 -6 6 -8 8 -10 14 -12 -13 -14 -15 -16 -17 -18 18 19 20 21 25 -24 -25 28 -27 27 -29 29 -31
leaf_value=-0.050916767300672176 -0.00046025808721694337 0.047499992587146017 0.0027594483536650862 0.026596619331590389 -0.031380708955281555 -0.029254547511367468 -0.052937964918063921 -0.021187213239351577 0.0064644794280382754 0.034821532988767646 -0.051729742816960855 0.040047106258368409 -0.046247435850379159 -0.03068088958192941 -0.021996336938212062 0.023558510028202511 0.017626848277344023 0.0021966117379615367 -0.032417427808295825 -0.050753984924119679 -0.05174574987022959 0.050919688438964862 -0.050177223951911279 0.027116889549885028 0.028318151789741109 0.069084570851043761 -0.030707699101530619 0.031015025217461037 -0.016819369167052414 0.013397023300875785
leaf_weight=4.6391878407448521 1170.3056184210873 1.5035508507862676 12.626174757489933 1.2965890625491741 1.3262566793709991 2.0843803174793787 1.7116008177399624 1.5074325148016265 5.4662054777145377 1.799598598852753 4.5743992757052174 1.9295729063451288 2.5031147990375748 3.1680280859582126 1.5943541312590239 1.32891254639253 3.7539489232003689 711.76381535368273 15.731052559684029 1.4761455917032407 1.1060990067198861 3.8076266240095702 3.7892093645641571 5.7663425481878212 4.3989344574511042 2.890535378595815 3.1945790442405269 3.2332405390916392 26.756788660539314 8.4560670004866534
leaf_count=34 15464 16 211 25 16 31 17 16 84 26 32 40 34 39 21 24 59 9058 219 90 27 66 70 53 62 71 85 87 405 141
internal_value=2.6094e-11 -0.0100831 -0.00634835 -0.0335094 -0.00271994 -0.00818644 -0.0125848 -0.0102601 -0.0144634 -0.0205158 -0.0267855 0.00890971 -0.0163483 -0.00746979 0.00813059 -0.0086926 0.00650627 0.000271324 0.00135185 -0.00610749 0.016781 0.0237857 -0.0116475 -0.00925837 -0.0130484 0.0301505 0.0191554 0.000339285 -0.0053564 -0.00956316
internal_weight=2015.49 52.8133 45.5513 7.26203 2.62285 44.0477 31.4215 29.7099 24.3671 18.9009 15.5069 5.34287 10.9325 8.42941 3.39395 3.41329 5.26138 1962.68 792.37 80.6066 15.7082 14.2321 64.8984 61.1092 55.3428 13.126 10.2354 6.42782 39.6118 35.2129
internal_count=26623 725 650 75 41 634 423 406 311 227 180 95 148 114 47 55 75 25898 10434 1376 426 336 950 880 827 309 238 172 608 546
is_linear=0
shrinkage=0.05


Tree=186
num_leaves=31
num_cat=0
split_feature=6 14 5 14 14 14 7 9 14 21 6 5 15 11 11 0 20 20 14 1 6 9 5 14 7 13 15 13 14 15
split_gain=2.80146 3.39658 2.19135 1.25996 1.09435 2.32363 1.07876 0.760545 0.732989 0.86118 1.12509 1.45888 1.84766 1.37526 0.915048 0.811901 0.946794 0.572317 1.03938 0.945713 1.30897 0.864751 0.612098 0.55874 0.544947 1.21914 1.45186 2.75274 3.38777 1.76237
threshold=1.5500000000000003 440.50000000000006 55.500000000000007 436.50000000000006 461.50000000000006 464.50000000000006 0.69047619047619058 3.3666666666666671 468.50000000000006 8.5000000000000018 1.4500000000000002 55.500000000000007 -1.0000000180025095e-35 10.500000000000002 6.5000000000000009 4.5000000000000009 1.0000000180025095e-35 1.0000000180025095e-35 503.50000000000006 5.5000000000000009 1.2500000000000002 3.7750000000000004 55.500000000000007 482.50000000000006 0.099504950495049524 1.5000000000000002 8.5000000000000018 3.5000000000000004 526.50000000000011 10.500000000000002
decision_type=2 10 8 10 10 10 2 10 10 2 2 8 8 10 8 2 10 10 10 8 2 10 10 10 2 2 10 2 10 10
left_child=1 2 3 7 6 -6 -3 -1 -7 15 13 -12 -13 14 17 16 23 19 22 20 21 -11 -19 -10 25 -2 -27 28 -28 -29
right_child=24 4 -4 -5 5 8 -8 -9 9 10 11 12 -14 -15 -16 -17 -18 18 -20 -21 -22 -23 -24 -25 -26 26 27 29 -30 -31
leaf_value=-0.029027126457713853 -0.013284565906620549 0.038528109849768059 -0.077522809642448648 -0.053216666365875603 -0.070073395267264735 0.020056993586191563 -0.00094286832245815742 0.016862050242735887 -0.045020984977779302 -0.062462940968870423 -0.061778086109346819 -0.045985430171555319 0.012591449095235296 -0.054667286604390158 0.038190220522517582 0.02791273348493092 0.027610540259993595 -0.05510892910694859 0.0089636627679704466 -0.028347651754777228 0.025988914412147197 0.0032563404692852213 -0.01612013265575615 -0.0020720919919625476 0.00079382401686489766 -0.0015233117000398684 -0.019100732629807285 0.016055799827530089 0.054266728287356125 -0.0060795991665832079
leaf_weight=1.7189777474850392 19.785078081942629 2.429398615844546 2.6973996814340362 2.1540571879595518 1.5201930832117785 2.3470077747479072 6.0218924814835191 1.9019036376848815 1.4346319381147616 0.79496717453003762 2.3644264191389075 2.5202632211148739 2.8897878564894199 1.3575450209900726 1.2855877857655276 2.7334781619720161 1.3784642014652488 1.7001343211159099 2.4594115801155567 1.9242586549371488 4.7342128800228238 1.3515390986576674 2.4679253930225968 1.6038353163748977 1465.1901583075523 430.4933215607598 2.1541536113363682 14.394999077136161 5.8364883319009095 23.957791514927521
leaf_count=14 723 28 14 19 20 33 99 28 21 27 18 20 33 15 22 51 23 28 34 33 51 29 36 29 9010 14725 99 407 61 873
internal_value=5.43716e-11 -0.0112572 -0.0403158 -0.0229368 -0.00582479 -0.00954483 0.0104034 -0.00492338 -0.00694167 -0.00886183 -0.0131099 -0.0290153 -0.0146965 -0.00626885 -0.00233877 0.00649573 -0.00675847 -0.00571501 -0.0168134 0.00263873 0.0113044 -0.0210831 -0.0320235 -0.0223507 0.000308665 -0.00112271 -0.000618083 0.00779076 0.034488 0.00222851
internal_weight=2015.6 53.7913 8.47234 5.77494 45.319 36.8677 8.45129 3.62088 35.3475 33.0005 25.8501 7.77448 5.41005 18.0756 16.718 7.15041 4.41693 15.4324 6.62747 8.80498 6.88072 2.14651 4.16806 3.03847 1961.81 496.622 476.837 46.3434 7.99064 38.3528
internal_count=26623 725 75 61 650 523 127 42 503 470 346 71 53 275 260 124 73 238 98 140 107 56 64 50 25898 16888 16165 1440 160 1280
is_linear=0
shrinkage=0.05


Tree=187
num_leaves=31
num_cat=0
split_feature=6 14 9 14 14 14 9 6 3 15 11 7 9 9 0 0 12 1 2 9 11 10 1 14 12 5 9 0 21 9
split_gain=3.08457 1.69213 1.87325 2.2866 1.30797 1.94176 1.10263 1.59497 1.24753 1.719 1.07284 0.947023 0.859412 0.755326 0.646832 0.905064 1.17247 0.929324 0.76367 0.6339 3.24279 3.7276 3.21967 3.01487 3.89377 2.54458 2.48478 2.97585 2.1911 2.025
threshold=1.5500000000000003 440.50000000000006 2.9000000000000004 433.50000000000006 461.50000000000006 464.50000000000006 2.2250000000000005 1.4500000000000002 1.0000000180025095e-35 -1.0000000180025095e-35 10.500000000000002 0.69047619047619058 7.4500000000000011 8.5500000000000025 8.5000000000000018 4.5000000000000009 0.36666666666666675 3.5000000000000004 1.0000000180025095e-35 8.1000000000000014 10.500000000000002 3.5000000000000004 4.5000000000000009 488.50000000000006 0.36666666666666675 55.500000000000007 6.2250000000000005 5.5000000000000009 13.500000000000002 4.366666666666668
decision_type=2 10 10 10 10 10 10 2 2 10 8 2 8 10 2 2 10 8 2 10 10 10 10 10 10 10 8 2 2 10
left_child=1 2 -1 -4 11 -6 -7 10 9 -9 12 -3 14 -14 15 17 -17 -8 -19 20 -2 22 23 26 -25 -21 27 -22 -28 -24
right_child=19 4 3 -5 5 6 7 8 -10 -11 -12 -13 13 -15 -16 16 -18 18 -20 25 21 -23 29 24 -26 -27 28 -29 -30 -31
leaf_value=-0.062983952084206069 0.00034155384294653102 0.036769422429305414 0.026320717109281189 -0.043756750259462969 -0.065936896787742338 0.0043379047315628425 -0.038185842672113002 -0.05048695721193483 -0.061794292456849878 0.0051843421135434244 -0.045418161066144755 -0.00070963407350261502 0.046616829460498832 -0.0012039818364472494 -0.027020712579587228 0.047113896079134507 -0.0097373617982003686 -0.017077648790983915 0.031085527995020391 -0.0024439096119018835 -0.0030575458378689409 -0.052538877794557709 0.02680865614625761 -0.045467766956357916 0.041558159976143448 0.0089448298200669307 -0.02048186438696524 0.057691807031931955 0.0523350060393942 -0.040459680425108287
leaf_weight=3.1597485933452836 1728.4612462258956 2.3391199586912972 2.0601246394217014 2.6762482961639762 1.6026003509759892 10.096845378866417 2.3758402373641783 2.5331361703574657 2.6243805661797523 3.0635792687535304 1.630771180614828 6.0316442772746086 1.4647054495289915 1.8928214050829408 3.5195129169151178 1.7507233610376718 1.8816215312108395 2.0195013117045164 1.3891767552122476 102.25633544800803 3.3700586734339595 5.4949870402342631 1.2857557444367547 5.3482749920804045 1.6919420675840227 94.25382545638422 5.6595536221284428 5.0168603314668871 1.2637772895395754 8.6147654760861752
leaf_count=19 20484 28 31 25 20 167 29 20 15 29 18 99 27 36 43 28 39 28 24 2707 54 160 17 76 18 1939 139 60 18 226
internal_value=1.25791e-10 -0.0117765 -0.0331673 -0.013276 -0.00812177 -0.0120777 -0.00969612 -0.0151157 -0.0333507 -0.0200131 -0.00675228 0.00976348 -0.00288242 0.0196576 -0.0087325 -0.00189736 0.0176639 -0.0141807 0.00255083 0.000324677 2.49517e-05 -0.0144729 -0.00798711 0.00252742 -0.0245532 0.00301857 0.0149801 0.0332813 -0.00718995 -0.0317237
internal_weight=2016.83 54.1121 7.89612 4.73637 46.216 37.8452 36.2426 26.1458 8.2211 5.59672 17.9247 8.37076 16.2939 3.35753 12.9364 9.41686 3.63234 5.78452 3.40868 1962.72 1766.21 37.746 32.251 22.3505 7.04022 196.51 15.3102 8.38692 6.92333 9.90052
internal_count=26623 725 75 56 650 523 503 336 64 49 272 127 254 63 191 148 67 81 52 25898 21252 768 608 365 94 4646 271 114 157 243
is_linear=0
shrinkage=0.05


Tree=188
num_leaves=31
num_cat=0
split_feature=6 9 14 9 14 11 15 6 14 14 10 7 9 9 7 20 10 4 13 9 5 9 21 21 10 6 14 1 1 10
split_gain=2.9349 2.41114 1.00451 1.58236 2.10601 1.21371 1.22788 1.69192 1.5008 1.94765 1.71213 1.40572 1.04552 1.25757 0.964483 0.759019 0.653173 2.54004 1.19323 1.5506 1.35348 1.193 1.41552 2.37435 1.95825 1.85123 1.59991 1.44117 1.43483 1.22836
threshold=1.5500000000000003 12.100000000000001 440.50000000000006 2.9000000000000004 433.50000000000006 6.5000000000000009 -4.4999999999999991 1.4500000000000002 460.50000000000006 464.50000000000006 2.5000000000000004 0.69047619047619058 7.4500000000000011 5.6333333333333337 0.80128205128205143 1.0000000180025095e-35 10.500000000000002 1.0000000180025095e-35 2.5000000000000004 14.366666666666669 55.500000000000007 11.29166666666667 9.5000000000000018 11.500000000000002 7.5000000000000009 7.5500000000000007 495.50000000000006 3.5000000000000004 3.5000000000000004 8.5000000000000018
decision_type=2 10 10 10 10 10 8 2 10 10 10 2 10 10 2 8 10 2 2 8 10 10 2 2 10 2 8 10 10 10
left_child=1 2 3 -1 -5 6 7 14 11 -10 12 -8 13 -11 -4 -14 21 18 20 -20 -18 29 25 26 27 -23 -24 -25 -26 -2
right_child=16 -3 5 4 -6 -7 8 -9 9 10 -12 -13 15 -15 -16 -17 17 -19 19 -21 -22 22 23 24 28 -27 -28 -29 -30 -31
leaf_value=-0.056274401622987781 0.0003019770868561047 -0.074942924547528045 -0.024343999122946155 0.030667804769235786 -0.038038858573176869 0.017387626996719405 0.056285832892980947 -0.060457717774524779 -0.063540665074215824 -0.0016782802736553153 -0.050471669070697604 0.0019121420436100823 0.053100893412136432 -0.032922586444511362 0.030702191696108369 -0.0015884665248020909 -0.019054172296732178 0.069129965484109296 0.0096714469420093388 -0.071079884461651588 -0.09172397269055331 0.0075087187141449976 0.050066096520326654 -0.044599212880611382 0.041666140801177927 -0.053726566561217472 0.0041473019194757021 0.019465955443979999 -0.018163245430550864 -0.023125510676348868
leaf_weight=2.8193686604499808 1925.8523353747732 1.4558622576296318 2.7853691773489122 1.9508178420364854 2.6042121574282646 4.6070420620962969 1.6432091407477845 2.6392542673274875 1.6419786605983997 18.172912982292484 2.1276224311441174 4.2971286475658417 1.3119963537901633 3.9142134776338926 1.1140231266617773 1.2284872969612477 1.4296841748873705 0.79623431747313578 2.8553522831643927 0.75079940073192108 1.1611247630789874 4.5725122187286642 6.4093487961799829 2.8683771822252311 3.11836730199866 1.6905560800223609 2.6943977633491167 1.2649520417908204 1.4766208183136766 5.6114904613059471
leaf_count=19 24944 7 33 30 25 70 19 16 23 263 23 64 22 50 41 20 56 14 72 30 18 28 104 51 69 76 35 25 44 332
internal_value=9.61969e-11 -0.0114653 -0.00971692 -0.026835 -0.00861333 -0.00694149 -0.00968355 -0.0295424 -0.00590198 -0.0106829 -0.00743904 0.0169529 -0.00372137 -0.0072153 -0.00861777 0.0266551 0.000317301 -0.0149363 -0.0257377 -0.00714095 -0.0516227 0.000371849 0.0114288 0.018611 -2.2199e-05 -0.00902019 0.0364757 -0.0249929 0.0224397 0.000233913
internal_weight=2016.87 54.3135 52.8576 7.3744 4.55503 45.4832 40.8762 6.53865 34.3375 28.3972 26.7552 5.94034 24.6276 22.0871 3.89939 2.54048 1962.55 6.99319 6.19696 3.60615 2.59081 1955.56 24.0951 17.8321 8.72832 6.26307 9.10375 4.13333 4.59499 1931.46
internal_count=26623 725 718 74 55 644 574 90 484 401 378 83 355 313 74 42 25898 190 176 102 74 25708 432 328 189 104 139 76 113 25276
is_linear=0
shrinkage=0.05


Tree=189
num_leaves=31
num_cat=0
split_feature=6 12 18 12 0 5 15 15 18 13 10 1 14 14 9 15 14 11 5 11 0 14 5 9 14 1 11 1 18 18
split_gain=1.97867 0.727039 1.42125 1.25931 2.56599 1.51017 1.23023 1.48941 0.963982 0.871368 1.10676 1.30921 3.969 1.17466 1.05723 1.0027 0.765278 0.757634 0.742221 1.01665 0.597187 0.930757 0.576401 3.5958 3.92564 3.0753 2.74944 2.53236 2.72593 2.54506
threshold=1.5500000000000003 0.45000000000000007 1450.0000000000002 0.36666666666666675 8.5000000000000018 56.750000000000007 10.500000000000002 -5.4999999999999991 1350.0000000000002 2.5000000000000004 2.5000000000000004 4.5000000000000009 503.50000000000006 504.50000000000006 5.7083333333333348 -4.4999999999999991 460.50000000000006 6.5000000000000009 56.750000000000007 1.5000000000000002 4.5000000000000009 495.50000000000006 52.500000000000007 4.5500000000000007 442.50000000000006 5.5000000000000009 2.5000000000000004 4.5000000000000009 910.00000000000011 875.00000000000011
decision_type=2 10 10 10 2 10 10 8 8 2 8 10 10 8 8 10 10 10 10 10 2 10 8 8 10 10 10 10 10 10
left_child=1 2 6 4 5 -4 7 8 -1 15 11 13 -13 14 -11 -9 -16 -12 19 -3 -20 -22 23 24 26 27 -2 28 -25 -29
right_child=22 18 3 -5 -6 -7 -8 9 -10 10 17 12 -14 -15 16 -17 -18 -19 20 -21 21 -23 -24 25 -26 -27 -28 29 -30 -31
leaf_value=-0.0085154144696771399 -0.039248071059232753 0.0021559564932146515 -0.016614317696752964 -0.052287637428096979 -0.061292592127492732 0.040645188869765626 0.027800830810841639 -0.013645641614237834 0.039617084735108443 -0.041565141712842729 -0.071334773773888693 0.04075552490483253 -0.054737388250801988 0.015282205025261612 0.016769821597500657 0.035016446430018132 -0.028948182800171803 -0.020583189485357738 0.010259603548567607 0.049606678726230091 0.0066756870660911408 -0.053122582437769496 9.9893970169431201e-05 -0.036749867204547697 -0.035740416490678807 0.03439482023218688 0.031191803885004601 0.05466049774698295 0.015196317279884528 -0.038859394981399627
leaf_weight=1.9213319784030316 1.8691056873649383 6.3456296827644092 3.2879731804132444 3.6090625189244747 2.1950613930821419 1.7721716924570499 2.3318923357874146 2.731602645944804 2.2683576727285981 6.5689087286591556 1.5651373583823436 3.1471579615026704 1.6631623730063436 1.7050775298848755 1.6812805607914936 1.7284226259216762 2.0092450296506286 1.3870481252670286 1.4570854445919392 1.3730807099491356 1.0783439427614214 1.6409761854447422 1896.8154208607448 2.7758507543476325 9.692082282737827 11.511466869444119 5.3520462177693844 0.85070136759895731 28.001973835343961 5.0231019968632609
leaf_count=25 24 110 27 29 20 28 31 42 36 72 18 53 16 27 22 26 33 22 24 19 19 26 24750 60 129 212 49 14 510 150
internal_value=1.58079e-10 -0.0094901 -0.0126089 -0.0281517 -0.0161454 0.00343919 -0.00711003 -0.00997887 0.0175442 -0.0147464 -0.0192589 -0.0142906 0.00773897 -0.0231476 -0.0295345 0.00521269 -0.00812058 -0.0474898 0.0014098 0.010597 -0.0155696 -0.0294096 0.000258637 0.0048856 -0.0149479 0.0118505 0.0129593 0.00476977 0.0105113 -0.0253149
internal_weight=2015.36 53.468 41.5729 10.8643 7.25521 5.06014 30.7086 28.3767 4.18969 24.187 19.727 16.7748 4.81032 11.9645 10.2594 4.46003 3.69053 2.95219 11.8951 7.71871 4.17641 2.71932 1961.89 65.0763 16.9132 48.1631 7.22115 36.6516 30.7778 5.8738
internal_count=26623 725 527 104 75 55 423 392 61 331 263 223 69 154 127 68 55 40 198 129 69 45 25898 1148 202 946 73 734 570 164
is_linear=0
shrinkage=0.05


Tree=190
num_leaves=31
num_cat=0
split_feature=6 18 14 0 14 15 9 13 15 14 1 9 3 1 5 5 11 14 14 15 1 15 15 12 14 14 9 5 14 9
split_gain=2.33475 2.48339 0.586233 1.04842 1.02816 0.988565 0.681398 1.83076 1.09031 1.12958 1.11796 0.951934 0.814517 0.79748 0.695455 1.01414 0.817984 0.797024 1.10225 1.07733 0.721347 0.844316 0.676157 0.65008 0.520671 0.989344 2.01153 0.733463 0.764037 2.00123
threshold=1.5500000000000003 1725.0000000000002 440.50000000000006 5.5000000000000009 444.50000000000006 2.5000000000000004 5.4500000000000011 4.5000000000000009 -2.4999999999999996 526.50000000000011 5.5000000000000009 4.7750000000000012 1.0000000180025095e-35 4.5000000000000009 56.750000000000007 55.500000000000007 1.5000000000000002 495.50000000000006 518.50000000000011 -1.4999999999999998 4.5000000000000009 9.5000000000000018 3.5000000000000004 0.45000000000000007 1159.5000000000002 1125.5000000000002 5.1000000000000005 712.50000000000011 1088.5000000000002 5.1000000000000005
decision_type=2 10 10 2 10 8 10 2 8 10 10 10 2 8 10 8 8 10 10 10 10 8 8 10 10 10 10 10 10 10
left_child=1 2 3 5 -4 -1 11 -8 -9 10 12 14 13 -10 15 20 -17 19 -19 -16 21 22 23 -6 25 27 -27 28 -2 -30
right_child=24 -3 4 -5 6 -7 7 8 9 -11 -12 -13 -14 -15 17 16 -18 18 -20 -21 -22 -23 -24 -25 -26 26 -28 -29 29 -31
leaf_value=0.028748368762769705 0.00024173684636832047 -0.053128275977259803 0.038316145615179022 -0.038182940911420882 -0.029875722856899808 -0.028413662769957639 -0.057998487620641949 0.020236785346647683 0.013157822861028743 -0.05617359980790243 0.029341578840673729 0.039890165416777854 -0.033717743649391813 -0.029725194283213959 -0.021883461893404049 0.0034492570438882501 0.040724766782696681 -0.046463965026166815 -0.003369150301087317 0.03818931183366444 0.020091237951036497 0.0091247115997941369 -0.052117577121986003 0.01375904232991304 0.024532740527502608 -0.048311955964314951 0.008927164974589348 -0.029275141339366963 0.020351277267437407 -0.010655747576015914
leaf_weight=1.5584781188517798 1929.6080135538941 3.1796848438680163 1.3026624843478192 3.9107262287288904 2.3004287080839334 1.4695823751389983 2.1321838796138772 2.7070625168271363 2.9823467116802913 1.4570820461958636 1.5939579298719753 1.3021858716383565 3.7412706343457103 1.703356400132179 1.6151395151391628 3.7191478952299812 2.4355877423658967 3.0838708188384771 2.8596939854323864 1.3874676758423428 1.8852717527188358 2.5837474185973397 1.665579106658696 1.3571425005793569 2.2108717999653882 3.0797700034454456 3.0599056336795911 2.0916191533906376 14.793650704436006 8.0274755866266769
leaf_count=28 25465 19 16 33 30 13 22 52 46 17 28 24 44 18 21 68 39 37 41 22 26 38 19 24 37 42 64 32 123 135
internal_value=1.11979e-10 -0.010263 -0.00757753 -0.0210809 -0.00543908 0.00100642 -0.00677982 -0.0148003 -0.00830709 -0.0150391 -0.00905798 -0.0017838 -0.0163212 -0.0024311 -0.00396381 0.00229577 0.0182001 -0.0151218 -0.0257293 0.00587542 -0.0077007 -0.0143272 -0.0257103 -0.013685 0.000281996 0.00025465 -0.019785 0.0003176 0.000349302 0.00944436
internal_weight=2016.8 53.9337 50.754 6.93879 43.8152 3.02806 42.5125 16.3173 14.1851 11.478 10.0209 26.1953 8.42697 4.6857 24.8931 15.9469 6.15474 8.94617 5.94356 3.00261 9.79217 7.9069 5.32315 3.65757 1962.87 1960.66 6.13968 1954.52 1952.43 22.8211
internal_count=26623 725 706 74 632 41 616 227 205 153 136 389 108 64 365 244 107 121 78 43 137 111 73 54 25898 25861 106 25755 25723 258
is_linear=0
shrinkage=0.05


Tree=191
num_leaves=31
num_cat=0
split_feature=6 14 5 9 9 20 6 9 10 0 0 12 12 1 7 20 14 9 12 9 15 9 9 14 9 11 14 3 7 7
split_gain=1.77184 0.815973 0.887361 0.809924 1.05818 1.31877 1.24124 0.994146 1.58308 1.78047 1.10615 1.99946 2.03963 1.24708 0.824519 0.819143 1.11234 0.815029 0.806581 1.15084 0.727957 0.653024 0.650381 0.579626 1.62002 0.732537 0.54977 1.75071 2.07356 1.653
threshold=1.5500000000000003 1159.5000000000002 712.50000000000011 7.4500000000000011 7.9000000000000012 1.0000000180025095e-35 1.3500000000000003 5.366666666666668 2.5000000000000004 4.5000000000000009 4.5000000000000009 1.0000000180025095e-35 0.36666666666666675 3.5000000000000004 0.80128205128205143 1.0000000180025095e-35 465.50000000000006 1.9000000000000001 0.45000000000000007 3.9000000000000004 -1.0000000180025095e-35 6.5500000000000007 1.2250000000000003 1125.5000000000002 5.1000000000000005 7.5000000000000009 1088.5000000000002 1.0000000180025095e-35 0.28991596638655465 0.18693221523410206
decision_type=2 10 10 10 8 10 2 10 10 2 2 10 10 10 2 10 10 10 10 10 10 10 10 10 10 8 10 2 2 2
left_child=3 2 23 7 -5 6 -6 10 9 -9 18 15 -13 -14 17 16 -12 -15 19 -1 -16 -11 -20 26 -25 -26 -2 28 29 -28
right_child=1 -3 -4 4 5 -7 -8 8 -10 21 11 12 13 14 20 -17 -18 -19 22 -21 -22 -23 -24 24 25 -27 27 -29 -30 -31
leaf_value=-0.01550017986455985 0.00020416772038803766 0.02959868388543805 -0.029432549538323145 0.036095919528889533 -0.0096492796129568573 -0.036634291742214074 0.049146128223267596 -0.035565944894648503 -0.058229069235044721 0.028709673418121324 -0.037293736980643609 -0.052809837956760197 0.014519112970260446 -0.048693027850528738 0.04026726063530435 0.039107676555326515 0.0222380926797698 -0.014370855504491423 -0.0022339480496059373 0.023510292054389179 -0.020716077036179142 -0.013565580842157971 0.038061781401046151 -0.043499299946543675 -0.0076284099161842839 0.044610254704983608 0.0031909124141168777 0.039718397922648044 0.028005918943545829 -0.034639491092299156
leaf_weight=6.6480848528444749 1930.0442143043038 2.3647003206424406 2.5214660405763416 2.1085587255656693 2.3896642867475761 2.1317912726663053 1.4377155303955076 4.367481326684354 2.6652626972645512 2.2215707572177057 1.3397128703072696 4.250111578032377 3.1486324705183497 3.2048083413392288 0.88073314074426878 1.8756834799423812 1.8938713269308207 3.7578002139925957 1.6623388109728683 2.6418677093461156 1.1012087692506609 1.5513779893517492 2.5183763410896063 2.7339916457422069 2.0424056826159362 0.99952198448590923 9.269997944356879 3.6577918160473919 5.4312065914273253 4.1939526833593836
leaf_count=84 25465 37 38 30 45 37 18 46 21 37 21 39 44 26 30 27 27 36 27 39 29 23 39 39 38 23 163 35 30 30
internal_value=1.34864e-10 0.000245309 0.000209911 -0.00895231 0.0056538 -0.00511767 0.0124366 -0.0115292 -0.0247827 -0.013832 -0.00742839 -0.0144798 -0.0230146 -0.0125432 -0.0220696 0.0128212 -0.00242666 -0.030169 0.00380121 -0.00440642 0.00638363 0.0113267 0.0220394 0.000248076 -0.0155678 0.00953626 0.00029486 0.00805619 0.00192691 -0.00859307
internal_weight=2017.06 1963.26 1960.89 53.7967 8.06773 5.95917 3.82738 45.7289 10.8057 8.14043 34.9232 21.4526 16.3433 12.0932 8.94455 5.10927 3.23358 6.96261 13.4707 9.28995 1.98194 3.77295 4.18072 1958.37 5.77592 3.04193 1952.6 22.5529 18.8952 13.464
internal_count=26623 25898 25861 725 130 100 63 595 127 106 468 279 204 165 121 75 48 62 189 123 59 60 66 25823 100 61 25723 258 223 193
is_linear=0
shrinkage=0.05


Tree=192
num_leaves=31
num_cat=0
split_feature=6 14 0 21 9 0 7 12 11 11 10 0 15 18 14 1 14 7 14 14 9 1 15 14 9 6 14 9 5 21
split_gain=1.79114 0.968347 1.59685 0.77469 1.10497 0.86123 1.08298 0.946399 0.776311 1.24157 1.06534 0.812291 0.737963 0.688306 1.06689 1.68659 1.89204 1.35848 1.03942 0.783353 0.671068 0.666872 0.593155 0.554274 0.53006 0.502025 0.678647 0.789999 0.705908 0.527032
threshold=1.5500000000000003 440.50000000000006 5.5000000000000009 8.5000000000000018 1.3666666666666669 4.5000000000000009 0.69047619047619058 0.55000000000000016 6.5000000000000009 9.5000000000000018 2.5000000000000004 10.500000000000002 9.5000000000000018 810.00000000000011 491.50000000000006 4.5000000000000009 477.50000000000006 0.7417582417582419 503.50000000000006 513.50000000000011 3.1000000000000005 4.5000000000000009 2.5000000000000004 466.50000000000006 7.1000000000000005 178.95000000000002 428.50000000000006 7.2250000000000005 54.750000000000007 14.500000000000002
decision_type=2 10 2 2 10 2 2 8 10 10 8 2 10 10 10 10 10 2 10 10 10 8 8 10 8 2 10 8 10 2
left_child=1 2 20 5 -5 6 -3 -7 10 -10 11 12 13 -6 15 16 17 -15 -16 -20 -1 24 -17 -19 -8 -2 -27 28 -28 -29
right_child=25 3 -4 4 8 7 21 -9 9 -11 -12 -13 -14 14 18 22 -18 23 19 -21 -22 -23 -24 -25 -26 26 27 29 -30 -31
leaf_value=-0.022589778596638049 0.00027944839657948167 0.035008535568478015 -0.042594302099313634 0.019565367054812009 0.012228245444261265 0.039193502333072283 -0.011561185923708776 -0.014751845795306376 0.041275725379354436 -0.014188055331814657 -0.047877988659951465 0.020445629807107967 0.013082549767003718 -0.010400213165012951 -0.061184677391066145 0.033061231193177602 0.018192558327077019 -0.06828599332291739 0.0055786075396489516 -0.038677260090558822 0.025788643626275882 0.011356937045141307 -0.0099674670925890673 -0.031846741067033023 -0.050646503748466014 -0.061122106160490242 -0.061634356165596142 -0.034625294087027796 0.045435231329881462 0.10962382245730731
leaf_weight=1.2961197812110179 1959.6124082869501 1.3066714778542499 4.9296535216271877 2.9381786701269439 1.7667118823155892 2.8716906793415546 2.0748278247192506 1.1341207851655779 1.6558977104723442 2.5828100061044097 2.3267112588509908 1.7393993418663729 2.1393152754753819 3.2929002242162841 2.6131629440933457 2.2491874797269693 2.1907037347555161 2.5026817750185728 1.6676812171936033 2.4970886837691069 1.6037460062652824 1.5528006246313451 1.2438572933897378 1.7899708924815056 1.490637458860874 0.7435050750500517 0.18697415920905791 1.580816396337468 0.87135516770649701 0.065963714092504122
leaf_count=12 24148 14 34 57 28 52 36 23 28 32 23 28 25 38 26 38 34 20 17 29 29 29 18 29 26 365 101 926 330 28
internal_value=1.49865e-10 -0.00903027 -0.0252756 -0.0062426 -0.00978936 0.00572518 -0.00561925 0.0239206 -0.0124631 0.00747948 -0.01548 -0.012546 -0.0149418 -0.0176901 -0.0203268 -0.012083 -0.0227383 -0.0345591 -0.0364658 -0.0209561 0.00416549 -0.0159914 0.0177389 -0.0530914 -0.0279018 0.000245905 -0.0188144 -0.00718597 0.0265193 -0.0288472
internal_weight=2016.52 53.4565 7.82952 45.627 35.1963 10.4307 6.42494 4.00581 32.2581 4.23871 28.0194 25.6927 23.9533 21.8139 20.0472 13.2693 9.77626 7.58555 6.77793 4.16477 2.89987 5.11827 3.49304 4.29265 3.56547 1963.06 3.44861 2.70511 1.05833 1.64678
internal_count=26623 725 75 650 470 180 105 75 413 60 353 330 302 277 249 177 121 87 72 46 41 91 56 49 62 25898 1750 1385 431 954
is_linear=0
shrinkage=0.05


Tree=193
num_leaves=31
num_cat=0
split_feature=6 14 1 15 5 9 0 12 18 9 9 9 9 3 20 5 1 15 14 14 11 21 9 6 9 1 6 10 14 15
split_gain=1.26266 1.6067 2.03819 2.17305 2.78005 0.909176 1.09399 1.24647 1.24223 0.856782 1.14825 1.09132 0.801259 0.790015 0.710465 0.685814 0.626952 0.540459 2.73169 2.06622 3.85492 3.70856 5.44687 4.94211 3.82637 4.17138 3.7605 4.16473 3.82785 3.93674
threshold=1.4500000000000002 477.50000000000006 4.5000000000000009 2.5000000000000004 54.750000000000007 9.3666666666666689 6.5000000000000009 0.55000000000000016 1150.0000000000002 5.2250000000000005 5.9000000000000012 1.9000000000000001 3.3666666666666671 1.0000000180025095e-35 2.5000000000000004 54.750000000000007 5.5000000000000009 -2.4999999999999996 495.50000000000006 470.50000000000006 8.5000000000000018 9.5000000000000018 10.550000000000002 3.4500000000000006 3.2250000000000005 6.5000000000000009 8.3500000000000032 4.5000000000000009 480.50000000000006 -5.4999999999999991
decision_type=2 10 10 10 10 10 2 10 8 8 10 10 10 2 8 10 10 10 8 10 8 2 10 2 8 8 2 8 10 8
left_child=1 2 3 4 -1 6 13 8 -8 11 -11 -6 -13 14 -3 -5 -9 18 19 20 -2 23 24 -21 -23 26 28 -28 -26 -30
right_child=17 5 -4 15 9 -7 7 16 -10 10 -12 12 -14 -15 -16 -17 -18 -19 -20 21 -22 22 -24 -25 25 -27 27 -29 29 -31
leaf_value=-0.069326670173318339 0.0042555616041531751 -0.00028157825364063719 0.019004834242189017 0.03223897660304148 -0.04165397978948944 -0.033017540358356127 -0.031522671442127448 -0.01348594236244419 0.02368405326843245 -0.068617439298345573 -0.010892397033497843 0.034664199016670345 -0.013149742173975049 0.039741590224763597 0.038651382379000516 -0.0098324755706576464 -0.062755869516471469 -0.00038236897825275464 -0.0033501960078811208 0.040872201129007579 -0.01031847775107865 -0.020935943416056889 0.058853719109283692 0.0079028263606771183 0.0050833930253254955 0.027994779145576295 0.025268035623387239 -0.034609082076589567 -0.059995553985649035 -0.010230529092659413
leaf_weight=4.1779307983815732 213.82778339553624 5.8891854342073255 3.0130528025329104 1.5376818561926473 1.5320595530793042 1.7317229472100724 1.5112427994608868 1.3174660671502354 3.1281238347291946 1.6641464605927478 1.7861044276505706 1.6253252462483945 1.9010344874113796 2.5545661635696888 1.4628504682332275 2.6176297590136528 1.2662299457006154 1358.7036141041754 203.06913991522742 17.654780192300677 57.593822496739449 17.352184389252216 4.133469568041618 31.91318766574841 17.927405439317226 15.719472096534444 17.787603851058524 3.4706909014494149 6.1518936231732368 11.225383948534729
leaf_count=44 2704 99 63 25 19 24 19 28 53 15 27 23 23 35 34 39 12 17870 2456 87 1319 151 52 386 98 222 408 173 47 68
internal_value=1.26661e-10 -0.00894238 -0.01887 -0.0256458 -0.0359245 0.00150815 0.00499852 -0.0097995 0.00570083 -0.0195234 -0.0387347 -0.00641977 0.00888806 0.015788 0.007465 0.00573615 -0.0376324 0.000175164 0.00140127 0.00372763 0.00116305 0.00858393 0.00273647 0.0196456 0.000148641 0.00521022 -0.00112185 0.0154923 -0.0111259 -0.0278483
internal_weight=2015.25 38.7164 19.855 16.8419 12.6866 18.8614 17.1297 7.22306 4.63937 8.50867 3.45025 5.05842 3.52636 9.9066 7.35204 4.15531 2.5837 1976.53 617.827 414.758 271.422 143.336 93.7681 49.568 89.6346 72.2824 56.563 21.2583 35.3047 17.3773
internal_count=26623 582 278 215 151 304 280 112 72 107 42 65 46 168 133 64 40 26041 8171 5715 4023 1692 1219 473 1167 1016 794 581 213 115
is_linear=0
shrinkage=0.05


Tree=194
num_leaves=31
num_cat=0
split_feature=6 0 1 0 15 14 9 15 18 14 9 9 9 18 14 20 0 21 9 0 5 5 1 14 15 6 13 21 15 19
split_gain=1.2202 0.993808 1.71742 1.29053 1.63496 1.17828 0.891046 1.18252 0.854907 1.05282 0.986457 0.761022 0.971211 0.73271 1.01276 1.29916 0.861262 0.726969 0.673489 0.636869 1.609 3.75606 2.82912 1.59469 1.45694 1.43534 3.76224 3.26204 3.84085 2.83146
threshold=1.4500000000000002 6.5000000000000009 6.5000000000000009 7.5000000000000009 2.5000000000000004 482.50000000000006 2.1000000000000005 4.5000000000000009 1350.0000000000002 458.50000000000006 6.1000000000000005 3.1000000000000005 4.9000000000000012 1450.0000000000002 490.50000000000006 2.5000000000000004 4.5000000000000009 10.500000000000002 3.3666666666666671 6.5000000000000009 642.50000000000011 655.00000000000011 7.5000000000000009 374.50000000000006 29.500000000000004 4.0500000000000007 1.5000000000000002 9.5000000000000018 13.500000000000002 1.0000000180025095e-35
decision_type=2 2 8 2 8 10 8 10 8 10 8 10 10 10 10 8 2 2 10 2 10 8 10 8 10 2 2 2 10 2
left_child=1 5 3 4 -3 8 -5 18 10 -10 17 -11 -13 14 -7 16 -16 -1 -8 23 24 -22 -23 -2 -21 27 -27 28 -25 -29
right_child=19 2 -4 6 -6 13 7 -9 9 11 -12 12 -14 -15 15 -17 -18 -19 -20 20 21 22 -24 25 -26 26 -28 29 -30 -31
leaf_value=-0.021159327731135619 0.051210676092374355 -0.065740760379017549 -0.048522936772264318 -0.02600078716168823 -0.00014400323452478137 0.045278088448648293 0.046577335319850831 -0.027688336367890483 0.026175458438461932 -0.039599931919843664 0.0089625067031967251 0.035703065719439681 -0.019678901619229361 0.033979811288936325 -0.03934993975852203 0.040486058322057018 0.011478821418054922 -0.067491478266600236 0.008524744108160804 0.0013893743115590532 -0.067752731895047213 0.012180751127207755 -0.058673228127485128 0.0054756272124369416 0.032422892127140994 -0.017066786763087233 -0.0011269194329988326 0.023125913165381984 0.049463031923837497 -0.0032173160891092061
leaf_weight=1.8657288816757511 1.4852193644037459 2.0002323389053371 3.5642734817229202 2.5844305742066327 1.8090133685618641 1.1319338260218481 1.5786471283063299 1.7976279184222219 2.4316742038354286 1.8343346407636998 1.302121778950095 1.2380548380315306 2.1953257890418172 2.7612499110400677 2.3869162499904637 1.093781132251024 1.2804983267560599 1.549962358549237 4.4141195453703403 781.91786393482471 2.7895651792641702 7.3393293299013749 1.7435306292027233 179.40290786325932 3.8003617404028764 39.073304419580381 703.88118399298401 10.658015124499796 5.1037902645766726 237.5149201201275
leaf_count=29 29 27 36 33 25 21 18 23 44 33 29 15 36 42 37 24 25 20 65 10284 45 100 32 951 36 755 12527 50 26 1206
internal_value=8.37254e-11 -0.0087787 -0.0174956 -0.00969887 -0.0345888 -0.00143654 -0.000560216 0.00787959 -0.0113073 -0.00103756 -0.0280674 -0.0135996 0.000291477 0.0127259 0.00276734 -0.00733923 -0.0216028 -0.0421838 0.0185488 0.000172577 0.00126342 -0.0170059 -0.00142026 -0.000566558 0.00153948 -0.00063197 -0.00196523 0.00165737 0.0066924 -0.00208598
internal_weight=2013.53 38.8199 17.7483 14.1841 3.80925 21.0716 10.3748 7.79039 12.4172 7.69939 4.71781 5.26772 3.43338 8.65438 5.89313 4.7612 3.66741 3.41569 5.99277 1974.71 797.591 11.8724 9.08286 1177.12 785.718 1175.63 742.954 432.68 184.507 248.173
internal_count=26623 582 227 191 52 355 139 106 206 128 78 84 51 149 107 86 62 49 83 26041 10497 177 132 15544 10320 15515 13282 2233 977 1256
is_linear=0
shrinkage=0.05


Tree=195
num_leaves=31
num_cat=0
split_feature=6 14 18 5 0 9 0 11 20 6 14 9 6 11 6 2 15 5 0 6 6 7 0 15 11 15 20 5 6 21
split_gain=0.964259 1.4471 1.35096 1.09006 1.12376 0.902665 4.06593 3.07218 3.32932 2.40932 3.17681 3.11142 3.296 3.17729 3.96551 3.68879 3.02699 4.11616 2.60134 2.37803 2.29865 2.1352 2.67891 1.97064 2.03803 2.69136 2.41266 1.76101 1.67212 3.52629
threshold=1.8500000000000003 1003.5000000000001 1885.0000000000002 259.50000000000006 6.5000000000000009 2.5500000000000003 11.500000000000002 3.5000000000000004 1.0000000180025095e-35 8.5500000000000025 465.50000000000006 2.2916666666666674 3.3500000000000001 1.5000000000000002 3.5500000000000003 1.0000000180025095e-35 8.5000000000000018 53.250000000000007 4.5000000000000009 3.9500000000000006 5.1500000000000012 0.10811126694717159 5.5000000000000009 6.5000000000000009 1.5000000000000002 -2.4999999999999996 1.0000000180025095e-35 55.500000000000007 2.9500000000000006 11.500000000000002
decision_type=2 8 8 8 2 8 2 10 8 2 10 10 2 10 2 2 10 10 2 2 2 2 2 10 10 10 8 10 2 2
left_child=1 2 3 -1 -5 6 7 9 19 11 21 12 28 -13 -15 -16 17 -14 -12 -9 -21 22 -11 24 25 -19 27 -26 29 -2
right_child=5 -3 -4 4 -6 -7 -8 8 -10 10 18 13 16 14 15 -17 -18 23 -20 20 -22 -23 -24 -25 26 -27 -28 -29 -30 -31
leaf_value=-0.0049237849246196166 0.014525004813006746 0.029330576786087716 0.024926513394154831 -0.0044030717996835301 -0.047685591990347477 -1.9229860906556789e-05 -0.054093570453963791 -0.034648926120048017 0.048290822581371129 -0.019191128542400317 -0.04126977851332006 0.0047246431950237859 0.055484827310648278 -0.07093390505294174 0.02057722914707227 -0.051862835487838536 -0.056745049356028671 0.036210438449332034 0.016596395610148442 0.0638129267591383 -0.0025949583176200328 0.077780355183523442 0.04825786286630307 0.033745890524428022 -0.02732774955770062 -0.01691596663364861 -0.052305199198514875 0.027768959851597386 0.030436283187671997 -0.029509817520622539
leaf_weight=112.35911563551053 28.591301748529077 3.1279077068902543 3.6317469449713817 2.899727798998355 3.1059431210160255 1751.7472480942233 2.9200990246608844 2.7483059130609053 8.21077220328152 2.2677610099781322 2.8466017362661642 8.9618937410414237 2.6834299340844217 4.6121903881430608 3.9773620516061783 3.1485605072230101 2.9364846386015406 3.6781517351046205 6.1128010940738022 2.0789020732045174 3.4917941060848534 2.6650349982082844 4.1959718777798116 2.3581224363297215 3.956127607263622 6.7749455068260485 5.610351925715805 2.289631687104702 10.397160692140458 5.405994649976491
leaf_count=1102 158 40 41 23 18 24352 30 18 46 56 66 58 17 21 25 26 32 28 104 6 35 9 50 13 35 67 49 18 46 34
internal_value=2.04069e-11 -0.00425048 -0.00511147 -0.00603312 -0.0267874 0.000282192 0.00425463 0.00556527 0.0257039 0.00263157 0.0193622 -0.000541224 0.00421316 -0.0176942 -0.0348106 -0.0114301 -0.00850403 -0.00332468 -0.00178898 0.00341074 0.0221875 0.040121 0.0245938 -0.00972226 -0.0143169 0.00177773 -0.028507 -0.00712986 0.0128892 0.00752292
internal_weight=2009.79 125.124 121.997 118.365 6.00567 1884.67 132.92 130 16.5298 113.47 18.0882 95.3817 74.6817 20.7 11.7381 7.12592 30.2872 27.3508 8.9594 8.319 5.5707 9.12877 6.46373 24.6673 22.3092 10.4531 11.8561 6.24576 44.3945 33.9973
internal_count=26623 1224 1184 1143 41 25399 1047 1017 105 912 285 627 497 130 72 51 259 227 170 59 41 115 106 210 197 95 102 53 238 192
is_linear=0
shrinkage=0.05


Tree=196
num_leaves=31
num_cat=0
split_feature=6 15 0 14 21 15 14 7 14 14 14 5 0 14 12 14 6 9 9 14 14 14 1 15 9 20 0 11 14 18
split_gain=0.830357 1.5861 2.89506 1.39134 1.3371 2.09213 3.33586 3.22302 1.87999 4.83994 1.72236 1.81627 2.22296 2.3701 1.85024 2.35921 1.81977 1.87003 2.59737 2.33851 1.85612 2.77133 1.71358 1.64154 2.81102 1.82267 1.48922 1.72935 1.44473 1.25875
threshold=2.2500000000000004 -11.499999999999998 6.5000000000000009 1059.5000000000002 8.5000000000000018 -3.4999999999999996 440.50000000000006 0.54093567251462005 441.50000000000006 450.50000000000006 1024.5000000000002 56.750000000000007 4.5000000000000009 445.50000000000006 0.45000000000000007 471.50000000000006 2.1500000000000008 2.2250000000000005 2.9000000000000004 467.50000000000006 476.50000000000006 499.50000000000006 2.5000000000000004 -1.0000000180025095e-35 1.9000000000000001 2.5000000000000004 3.5000000000000004 4.5000000000000009 456.50000000000006 1540.0000000000002
decision_type=2 8 2 8 2 10 10 2 10 10 8 10 2 10 10 10 2 10 10 8 8 10 8 10 8 8 2 8 10 10
left_child=1 2 -1 4 23 8 7 -7 -6 -10 11 12 16 -14 15 -13 17 -8 -19 28 -21 -22 -15 24 -3 -26 -25 -28 -20 -16
right_child=-2 3 -4 -5 5 6 10 -9 9 -11 -12 14 13 22 29 -17 -18 18 19 20 21 -23 -24 26 25 -27 27 -29 -30 -31
leaf_value=0.0074963637302107797 0.00036773291354996908 -0.049523701255959264 -0.062922028028938357 0.029302585441696095 0.031105189272712622 -0.053348302510974936 0.020898164017632101 -0.0069551591368587976 -0.061918012435029229 0.0066188738512282606 -0.042782828202170636 0.038784792484184379 0.03917407636822548 0.028048290993236746 -0.036626116519887349 0.0033650883250062949 -0.051177453871064961 -0.066805918863328234 -0.014380153406167119 0.037849239293166727 -0.036408414503242184 0.026023419005879039 -0.0079103147260554448 -0.0031507238501454712 0.0062556949442643161 -0.04075521196781081 0.032667621592462275 -0.0048993547264585355 -0.059919695187365479 0.011241698410227256
leaf_weight=2.8526303237304091 1777.0126940381742 3.0184704717248705 2.9888382516801357 3.4631911120377472 6.0374975046142927 7.4221511259675008 3.1905894018709722 7.5536025362089276 2.8170180581510058 30.096218133578077 2.9266578759998074 5.6489917412400237 3.2409835271537295 3.5966146960854521 4.0806519417092195 28.023215693421662 3.9968527033925048 2.6113373674452331 3.770834460854533 2.6804877854883644 4.3269859142601499 3.0168407820165157 42.034195804502815 8.3975738473236579 21.352065794169906 2.2821964770555487 11.756146967411038 4.1430459897965202 3.2363623697310686 2.0701002068817616
leaf_count=29 24791 21 19 33 42 39 35 66 20 247 23 49 24 28 44 189 20 14 24 24 37 21 329 82 175 25 100 32 22 19
internal_value=1.04368e-11 -0.00280901 -0.0285338 -0.00214641 -0.0026341 -0.00473744 -0.00771361 -0.0299481 0.00545757 0.000752856 -0.00490252 -0.00394287 -0.00848998 -0.00214157 0.00470102 0.00930725 -0.0200537 -0.0146057 -0.0203726 -0.0132532 0.00223698 -0.0107614 -0.00507606 0.00448215 -0.00408683 0.00171618 0.013882 0.0228783 -0.0354132 -0.0205157
internal_weight=2009.65 232.632 5.84147 226.791 223.328 172.378 133.427 14.9758 38.9507 32.9132 118.452 115.525 75.7021 48.8718 39.823 33.6722 26.8303 22.8334 19.6428 17.0315 10.0243 7.34383 45.6308 50.9495 26.6527 23.6343 24.2968 15.8992 7.0072 6.15075
internal_count=26623 1832 48 1784 1751 1316 1007 105 309 267 902 879 578 381 301 238 197 177 142 128 82 58 357 435 221 200 214 132 46 63
is_linear=0
shrinkage=0.05


Tree=197
num_leaves=31
num_cat=0
split_feature=11 21 14 14 4 15 5 5 5 21 15 14 1 18 1 0 20 6 1 6 6 9 5 12 0 7 9 14 15 6
split_gain=0.724552 3.37429 3.82048 4.58486 3.2903 3.01695 3.07727 2.27506 2.04824 2.95064 1.98231 3.65505 3.70942 3.16648 2.47404 2.22689 2.07592 1.9344 3.70527 2.60527 4.93686 1.99828 2.85043 2.30822 1.95585 2.76005 1.88994 1.77934 1.82187 1.59941
threshold=1.5000000000000002 9.5000000000000018 454.50000000000006 464.50000000000006 1.0000000180025095e-35 -1.4999999999999998 53.250000000000007 55.500000000000007 54.250000000000007 8.5000000000000018 1.0000000180025095e-35 483.50000000000006 5.5000000000000009 1215.0000000000002 3.5000000000000004 2.5000000000000004 1.0000000180025095e-35 3.7500000000000004 3.5000000000000004 5.7500000000000009 6.3500000000000005 2.2250000000000005 56.250000000000007 0.63333333333333341 10.500000000000002 0.066890380313199119 5.1000000000000005 520.50000000000011 -3.4999999999999996 4.0500000000000007
decision_type=8 2 8 10 2 10 8 10 8 2 10 10 8 10 8 2 8 2 10 2 2 10 8 10 2 2 10 8 10 2
left_child=1 2 7 -4 10 6 -3 8 9 -1 11 -5 13 -13 29 -16 -17 21 -19 -20 -21 22 23 -8 25 27 -15 28 -22 -12
right_child=-2 5 3 4 -6 -7 17 -9 -10 -11 14 12 -14 26 15 16 -18 18 19 20 24 -23 -24 -25 -26 -27 -28 -29 -30 -31
leaf_value=-0.037876352950664348 0.00035753753408376105 0.042667447063956018 -0.040367017200691718 0.043612061535735908 -0.04370904731125861 -0.011106345618319739 -0.064050825194872901 -0.014947598921116682 0.043581172994112703 0.036749710987632286 -0.0076245581204340803 0.023963031448695653 0.046477744321488351 -0.04802385532760689 -0.030392510815192886 0.037648675981700845 -0.0048371091315826268 -0.037421161573366557 -0.023993024067852739 0.07691106035870976 0.027184890898095272 0.016988581733831588 0.023735653803404644 0.0041778888126739735 0.066006562023743734 -0.039360079505006418 0.0048992019412809366 0.078721373417569074 -0.071877325044380255 -0.054844037555923292
leaf_weight=2.2208079565316501 1757.7956690613501 4.4859339171089223 6.3934015501290551 8.8070099619217235 3.2890337682329109 114.48903634015005 2.9673483250662693 3.0612468826584509 11.781565850134937 3.2821939690038562 4.5927151525393155 4.2502742493525112 3.7666915850713858 4.9621812924742699 2.8473111417260943 6.5250647142529461 5.1400463804602632 8.5018958360306005 5.7226365767419365 2.6558509413152924 1.6091278846142825 20.152304641902447 3.3671935605816552 2.1289780987426639 0.94172778259962786 3.8471513297408819 2.5558064356446266 0.99952155165374268 0.65227104700170224 2.9421313174534589
leaf_count=27 24081 32 77 67 38 1233 24 40 96 32 40 35 31 49 36 50 52 127 40 11 48 126 28 24 12 60 16 19 28 44
internal_value=-2.09789e-11 -0.00252463 0.00622198 -0.000512411 0.00461672 -0.00639891 0.00288822 0.0247815 0.0318179 0.00663339 0.00804306 0.0178797 0.00329162 -0.0105311 -0.00281738 0.00925139 0.018928 -0.000444375 -0.0106261 0.00324082 0.0177985 0.00842594 -0.0119624 -0.0355484 -0.00170436 -0.0106752 -0.0300322 0.0231665 -0.00138831 -0.0260623
internal_weight=2006.73 248.938 76.4175 56.0717 49.6783 172.521 58.0319 20.3458 17.2846 5.503 46.3892 24.342 15.535 11.7683 22.0473 14.5124 11.6651 53.546 24.9302 16.4283 10.7057 28.6158 8.46352 5.09633 8.0498 7.10807 7.51799 3.26092 2.2614 7.53485
internal_count=26623 2542 730 535 458 1812 579 195 155 59 420 198 131 100 222 138 102 547 345 218 178 202 76 48 167 155 65 95 76 84
is_linear=0
shrinkage=0.05


Tree=198
num_leaves=31
num_cat=0
split_feature=11 14 14 15 14 5 15 5 18 5 0 3 21 7 9 14 12 21 0 1 21 15 14 6 9 14 1 0 20 20
split_gain=0.792306 2.82973 3.32949 2.25959 3.0213 3.14775 2.84213 2.76211 2.58294 2.31345 2.37787 3.67409 4.93846 2.13523 2.28892 1.8068 3.80672 1.70558 2.99549 2.02028 2.34856 2.23558 3.90475 3.45579 3.03508 2.92147 2.66313 2.57656 2.16937 1.99884
threshold=1.5000000000000002 1094.5000000000002 1043.5000000000002 -1.4999999999999998 1000.5000000000001 57.250000000000007 -4.4999999999999991 585.00000000000011 1725.0000000000002 53.250000000000007 8.5000000000000018 1.0000000180025095e-35 10.500000000000002 0.51315789473684215 2.1000000000000005 902.50000000000011 0.29166666666666669 9.5000000000000018 2.5000000000000004 5.5000000000000009 11.500000000000002 1.5000000000000002 461.50000000000006 4.2500000000000009 3.1000000000000005 462.50000000000006 3.5000000000000004 2.5000000000000004 1.5000000000000002 1.0000000180025095e-35
decision_type=8 10 8 10 8 10 10 10 10 8 2 2 2 2 10 10 10 2 2 10 2 10 10 2 10 10 10 2 8 10
left_child=1 2 3 4 5 9 -7 8 15 -1 -11 12 -12 14 -10 17 -17 18 -5 20 21 25 27 24 -24 28 -25 -23 -19 -21
right_child=-2 -3 -4 7 -6 6 -8 -9 13 10 11 -13 -14 -15 -16 16 -18 19 -20 29 -22 22 23 26 -26 -27 -28 -29 -30 -31
leaf_value=0.038230550833595889 0.00037340228899395908 0.034990547307269505 -0.042982055246914022 -0.019418987960044126 0.058088911727773342 -0.067226738863650937 0.0043346041948853801 -0.041589759268630663 -0.0011518818577369756 0.0079993453859485072 -0.058688644841034789 -0.047570827860062337 0.023963225565518873 0.010108537710088902 -0.071071311293177702 0.053860192686158471 -0.026099687377309933 -0.028018137567732766 0.01093662113891148 -0.0090333013644863999 -0.0012508066497229119 0.0063573762201389944 -0.0095675462356552363 -0.0042988986556614841 0.037812919598725202 -0.052637252726379029 -0.068260538839686261 -0.052783700625715239 0.031270421224531129 0.028281452658303632
leaf_weight=4.9784752198029301 1757.0478441692976 4.8956841290928415 5.200083367060869 10.716228008037431 2.5280390325933686 2.9583304990082979 2.612999223638325 5.2731035086326292 1.6906631514430035 51.883724817191251 2.3912401264533383 5.4069658829830578 7.4006503571290523 2.0619156584143639 3.8045282054226846 3.8496960492338976 2.4268323043361306 5.1025539679685634 33.635531232925132 7.4385965706314874 33.296458926983178 2.501173226162793 6.1915699811652321 4.6707538382615885 7.4431524630635977 8.9987134691327793 2.4976252393098548 6.983966822270304 2.2116145389154553 6.9345296146348119
leaf_count=37 24081 42 68 118 22 42 29 71 13 513 21 46 66 17 52 28 31 46 325 102 348 21 41 81 46 96 45 87 18 70
internal_value=1.63537e-11 -0.00264566 -0.00340363 -0.00253848 0.00429707 0.00254538 -0.0336639 -0.00601241 -0.00478188 0.00534487 0.00290428 -0.0144885 0.00377913 -0.0332796 -0.0495597 -0.0032956 0.0229435 -0.00448365 0.00360213 -0.00828778 -0.0113923 -0.0186384 -0.0106014 0.00152097 0.0162973 -0.0335608 -0.0265846 -0.0371886 -0.0100908 0.00896976
internal_weight=2005.03 247.985 243.09 237.89 80.1604 77.6324 5.57133 157.729 152.456 72.0611 67.0826 15.1989 9.79189 7.55711 5.49519 144.899 6.27653 138.622 44.3518 94.2707 79.8976 46.6011 30.2882 20.8031 13.6347 16.3129 7.16838 9.48514 7.31417 14.3731
internal_count=26623 2542 2500 2432 776 754 71 1656 1585 683 646 133 87 82 65 1503 59 1444 443 1001 829 481 321 213 87 160 126 108 64 172
is_linear=0
shrinkage=0.05


Tree=199
num_leaves=31
num_cat=0
split_feature=0 20 9 9 15 14 7 11 14 6 9 9 4 13 15 18 9 21 10 0 0 15 5 18 3 15 9 5 14 6
split_gain=0.637807 1.80162 1.81323 2.35515 1.29126 3.21465 0.845082 0.809235 1.3007 0.563596 0.651562 2.41418 2.21625 2.79688 2.37672 2.87776 2.82742 2.11499 3.17554 2.9225 2.49738 2.16944 2.18101 3.12578 2.63936 2.24578 1.98208 3.7601 3.67077 3.14291
threshold=12.500000000000002 2.5000000000000004 6.7750000000000012 6.9000000000000012 2.5000000000000004 469.50000000000006 0.28991596638655465 2.5000000000000004 494.50000000000006 184.40000000000001 8.1000000000000014 7.7083333333333348 1.0000000180025095e-35 1.5000000000000002 -1.0000000180025095e-35 1450.0000000000002 8.9000000000000021 9.5000000000000018 6.5000000000000009 3.5000000000000004 5.5000000000000009 -4.4999999999999991 56.750000000000007 810.00000000000011 1.0000000180025095e-35 10.500000000000002 7.1000000000000005 642.50000000000011 419.50000000000006 7.7500000000000009
decision_type=2 10 10 8 10 10 2 10 10 2 10 10 2 2 10 10 10 2 8 2 2 10 10 10 2 10 10 8 10 2
left_child=9 2 4 -4 5 -2 -5 -3 -9 10 11 26 13 -12 16 -16 -14 -13 19 -19 -20 -21 23 -23 -24 -25 -1 28 -28 -30
right_child=1 7 3 6 -6 -7 -8 8 -10 -11 12 17 14 -15 15 -17 -18 18 20 21 -22 22 24 25 -26 -27 27 -29 29 -31
leaf_value=-0.00042760733669202841 -0.08409976573333966 0.065699536956844301 0.09874343252315744 -0.042587763176913686 0.014662366857055856 0.0047387804397452512 0.031481792370385654 -0.014908728239739131 0.057678528090733108 -0.021830121820673482 -0.055167266540499728 0.0049147383976383954 0.033477636070424081 0.0017628712028297515 0.0082189401193162401 0.059754903374066692 -0.037632430295608831 -0.047370381208025635 0.059449645902248327 -0.048497038825177002 -0.030178600477714979 0.065044497241446106 -0.051281129307533639 0.0014975533965847373 0.041274582338255122 -0.055245855834882167 -0.029964877424042909 -0.041868142845088108 0.019776535576004312 0.00027738006204172395
leaf_weight=1637.4071786036366 1.7320878471946324 1.6367259193211783 0.91225140448659692 0.71156129933660828 2.3101328513585031 2.4709484336199239 0.83931088075041771 1.2698866896098482 1.2006749156862495 2.9718763130513244 2.1832323683192945 15.222215260728261 2.5155969241168377 182.28289625397883 5.4282397212227789 5.4069178244099021 3.1461109181400388 8.3970872927457076 2.2605623712297525 3.7808409002609542 1.1844169800169764 1.7247895528562462 4.453786000958643 13.254831014841328 0.93131696968339372 2.0078565946314475 5.6509754686849183 3.7755930607672772 49.591839539818466 35.428448421007488
leaf_count=18286 33 9 8 47 32 29 7 34 8 1651 63 267 53 3454 108 53 86 173 29 87 45 15 101 242 13 23 117 80 285 1185
internal_value=3.3278e-12 0.0110034 -0.00154728 0.0349954 -0.0153668 -0.0318719 -0.00250233 0.0384324 0.0203681 -7.23799e-05 -3.98219e-05 -0.00034369 0.00265931 0.00108908 0.0202175 0.0339362 -0.00603697 -0.0108332 -0.0171423 -0.0217067 0.0286346 -0.0134668 -0.00754689 0.00124281 -0.0352742 -0.00596723 -2.13605e-05 0.00702166 0.00905746 0.0116511
internal_weight=2002.09 13.0836 8.97629 2.46312 6.51317 4.20304 1.55087 4.10729 2.47056 1989.01 1986.03 1785.07 200.963 184.466 16.4969 10.8352 5.66171 53.2177 37.9955 34.5505 3.44498 26.1534 22.3726 16.9875 5.3851 15.2627 1731.85 94.4469 90.6713 85.0203
internal_count=26623 207 156 62 94 62 54 51 42 26416 24765 20948 3817 3517 300 161 139 995 728 654 74 481 394 280 114 265 19953 1667 1587 1470
is_linear=0
shrinkage=0.05


end of trees

feature_importances:
body_weight=856
odds_win=806
body_change=759
form_avg=727
num=440
form_last=329
implied_prob=291
age=288
impost=282
distance_m=274
n_runners=260
going_code=175
form_win_rate=140
form_best=118
form_count=102
sex_male=67
sex_female=49
sex_gelding=33
surface_dirt=4

parameters:
[boosting: gbdt]
[objective: lambdarank]
[metric: ndcg]
[tree_learner: serial]
[device_type: cpu]
[data_sample_strategy: bagging]
[data: ]
[valid: ]
[num_iterations: 200]
[learning_rate: 0.05]
[num_leaves: 31]
[num_threads: 0]
[seed: 0]
[deterministic: 0]
[force_col_wise: 0]
[force_row_wise: 0]
[histogram_pool_size: -1]
[max_depth: -1]
[min_data_in_leaf: 20]
[min_sum_hessian_in_leaf: 0.001]
[bagging_fraction: 1]
[pos_bagging_fraction: 1]
[neg_bagging_fraction: 1]
[bagging_freq: 0]
[bagging_seed: 3]
[bagging_by_query: 0]
[feature_fraction: 1]
[feature_fraction_bynode: 1]
[feature_fraction_seed: 2]
[extra_trees: 0]
[extra_seed: 6]
[early_stopping_round: 0]
[early_stopping_min_delta: 0]
[first_metric_only: 0]
[max_delta_step: 0]
[lambda_l1: 0]
[lambda_l2: 0]
[linear_lambda: 0]
[min_gain_to_split: 0]
[drop_rate: 0.1]
[max_drop: 50]
[skip_drop: 0.5]
[xgboost_dart_mode: 0]
[uniform_drop: 0]
[drop_seed: 4]
[top_rate: 0.2]
[other_rate: 0.1]
[min_data_per_group: 100]
[max_cat_threshold: 32]
[cat_l2: 10]
[cat_smooth: 10]
[max_cat_to_onehot: 4]
[top_k: 20]
[monotone_constraints: ]
[monotone_constraints_method: basic]
[monotone_penalty: 0]
[feature_contri: ]
[forcedsplits_filename: ]
[refit_decay_rate: 0.9]
[cegb_tradeoff: 1]
[cegb_penalty_split: 0]
[cegb_penalty_feature_lazy: ]
[cegb_penalty_feature_coupled: ]
[path_smooth: 0]
[interaction_constraints: ]
[verbosity: -1]
[saved_feature_importance_type: 0]
[use_quantized_grad: 0]
[num_grad_quant_bins: 4]
[quant_train_renew_leaf: 0]
[stochastic_rounding: 1]
[linear_tree: 0]
[max_bin: 255]
[max_bin_by_feature: ]
[min_data_in_bin: 3]
[bin_construct_sample_cnt: 200000]
[data_random_seed: 1]
[is_enable_sparse: 1]
[enable_bundle: 1]
[use_missing: 1]
[zero_as_missing: 0]
[feature_pre_filter: 1]
[pre_partition: 0]
[two_round: 0]
[header: 0]
[label_column: ]
[weight_column: ]
[group_column: ]
[ignore_column: ]
[categorical_feature: ]
[forcedbins_filename: ]
[precise_float_parser: 0]
[parser_config_file: ]
[objective_seed: 5]
[num_class: 1]
[is_unbalance: 0]
[scale_pos_weight: 1]
[sigmoid: 1]
[boost_from_average: 1]
[reg_sqrt: 0]
[alpha: 0.9]
[fair_c: 1]
[poisson_max_delta_step: 0.7]
[tweedie_variance_power: 1.5]
[lambdarank_truncation_level: 30]
[lambdarank_norm: 1]
[label_gain: ]
[lambdarank_position_bias_regularization: 0]
[eval_at: 1,3]
[multi_error_top_k: 1]
[auc_mu_weights: ]
[num_machines: 1]
[local_listen_port: 12400]
[time_out: 120]
[machine_list_filename: ]
[machines: ]
[gpu_platform_id: -1]
[gpu_device_id: -1]
[gpu_device_id_list: ]
[gpu_use_dp: 0]
[num_gpu: 1]

end of parameters

pandas_categorical:null
